0.000000000000000000e+00 8.000000000000000000e+00 0.000000000000000000e+00 1.000000000000000000e+01 1.250000000000000000e+00
2.000400080016003206e-04 8.000000000000000000e+00 0.000000000000000000e+00 1.000000000000000000e+01 1.250000000000000000e+00
4.000800160032006413e-04 8.000000000000000000e+00 0.000000000000000000e+00 1.000000000000000000e+01 1.250000000000000000e+00
6.001200240048009619e-04 8.000000000000000000e+00 0.000000000000000000e+00 1.000000000000000000e+01 1.250000000000000000e+00
8.001600320064012825e-04 8.000000000000000000e+00 0.000000000000000000e+00 1.000000000000000000e+01 1.250000000000000000e+00
1.000200040008001603e-03 8.000000000000000000e+00 0.000000000000000000e+00 1.000000000000000000e+01 1.250000000000000000e+00
1.200240048009601924e-03 8.000000000000000000e+00 0.000000000000000000e+00 1.000000000000000000e+01 1.250000000000000000e+00
1.400280056011202244e-03 8.000000000000000000e+00 0.000000000000000000e+00 1.000000000000000000e+01 1.250000000000000000e+00
1.600320064012802565e-03 8.000000000000000000e+00 0.000000000000000000e+00 1.000000000000000000e+01 1.250000000000000000e+00
1.800360072014402886e-03 8.000000000000000000e+00 0.000000000000000000e+00 1.000000000000000000e+01 1.250000000000000000e+00
2.000400080016003206e-03 8.000000000000000000e+00 0.000000000000000000e+00 1.000000000000000000e+01 1.250000000000000000e+00
2.200440088017603310e-03 8.000000000000000000e+00 0.000000000000000000e+00 1.000000000000000000e+01 1.250000000000000000e+00
2.400480096019203848e-03 8.000000000000000000e+00 0.000000000000000000e+00 1.000000000000000000e+01 1.250000000000000000e+00
2.600520104020804385e-03 8.000000000000000000e+00 0.000000000000000000e+00 1.000000000000000000e+01 1.250000000000000000e+00
2.800560112022404489e-03 8.000000000000000000e+00 0.000000000000000000e+00 1.000000000000000000e+01 1.250000000000000000e+00
3.000600120024004593e-03 8.000000000000000000e+00 0.000000000000000000e+00 1.000000000000000000e+01 1.250000000000000000e+00
3.200640128025605130e-03 8.000000000000000000e+00 0.000000000000000000e+00 1.000000000000000000e+01 1.250000000000000000e+00
3.400680136027205668e-03 8.000000000000000000e+00 0.000000000000000000e+00 1.000000000000000000e+01 1.250000000000000000e+00
3.600720144028805771e-03 8.000000000000000000e+00 0.000000000000000000e+00 1.000000000000000000e+01 1.250000000000000000e+00
3.800760152030405875e-03 8.000000000000000000e+00 0.000000000000000000e+00 1.000000000000000000e+01 1.250000000000000000e+00
4.000800160032006413e-03 8.000000000000000000e+00 0.000000000000000000e+00 1.000000000000000000e+01 1.250000000000000000e+00
4.200840168033606950e-03 8.000000000000000000e+00 0.000000000000000000e+00 1.000000000000000000e+01 1.250000000000000000e+00
4.400880176035206620e-03 8.000000000000000000e+00 0.000000000000000000e+00 1.000000000000000000e+01 1.250000000000000000e+00
4.600920184036807158e-03 8.000000000000000000e+00 0.000000000000000000e+00 1.000000000000000000e+01 1.250000000000000000e+00
4.800960192038407695e-03 8.000000000000000000e+00 0.000000000000000000e+00 1.000000000000000000e+01 1.250000000000000000e+00
5.001000200040008233e-03 8.000000000000000000e+00 0.000000000000000000e+00 1.000000000000000000e+01 1.250000000000000000e+00
5.201040208041608770e-03 8.000000000000000000e+00 0.000000000000000000e+00 1.000000000000000000e+01 1.250000000000000000e+00
5.401080216043208440e-03 8.000000000000000000e+00 0.000000000000000000e+00 1.000000000000000000e+01 1.250000000000000000e+00
5.601120224044808978e-03 8.000000000000000000e+00 0.000000000000000000e+00 1.000000000000000000e+01 1.250000000000000000e+00
5.801160232046409515e-03 8.000000000000000000e+00 0.000000000000000000e+00 1.000000000000000000e+01 1.250000000000000000e+00
6.001200240048009185e-03 8.000000000000000000e+00 0.000000000000000000e+00 1.000000000000000000e+01 1.250000000000000000e+00
6.201240248049609723e-03 8.000000000000000000e+00 0.000000000000000000e+00 1.000000000000000000e+01 1.250000000000000000e+00
6.401280256051210260e-03 8.000000000000000000e+00 0.000000000000000000e+00 1.000000000000000000e+01 1.250000000000000000e+00
6.601320264052810798e-03 8.000000000000000000e+00 0.000000000000000000e+00 1.000000000000000000e+01 1.250000000000000000e+00
6.801360272054411335e-03 8.000000000000000000e+00 0.000000000000000000e+00 1.000000000000000000e+01 1.250000000000000000e+00
7.001400280056011005e-03 8.000000000000000000e+00 0.000000000000000000e+00 1.000000000000000000e+01 1.250000000000000000e+00
7.201440288057611543e-03 8.000000000000000000e+00 0.000000000000000000e+00 1.000000000000000000e+01 1.250000000000000000e+00
7.401480296059212080e-03 8.000000000000000000e+00 0.000000000000000000e+00 1.000000000000000000e+01 1.250000000000000000e+00
7.601520304060811750e-03 8.000000000000000000e+00 0.000000000000000000e+00 1.000000000000000000e+01 1.250000000000000000e+00
7.801560312062412288e-03 8.000000000000000000e+00 0.000000000000000000e+00 1.000000000000000000e+01 1.250000000000000000e+00
8.001600320064012825e-03 8.000000000000000000e+00 0.000000000000000000e+00 1.000000000000000000e+01 1.250000000000000000e+00
8.201640328065612495e-03 8.000000000000000000e+00 0.000000000000000000e+00 1.000000000000000000e+01 1.250000000000000000e+00
8.401680336067213900e-03 8.000000000000000000e+00 0.000000000000000000e+00 1.000000000000000000e+01 1.250000000000000000e+00
8.601720344068813570e-03 8.000000000000000000e+00 0.000000000000000000e+00 1.000000000000000000e+01 1.250000000000000000e+00
8.801760352070413240e-03 8.000000000000000000e+00 0.000000000000000000e+00 1.000000000000000000e+01 1.250000000000000000e+00
9.001800360072014645e-03 8.000000000000000000e+00 0.000000000000000000e+00 1.000000000000000000e+01 1.250000000000000000e+00
9.201840368073614315e-03 8.000000000000000000e+00 0.000000000000000000e+00 1.000000000000000000e+01 1.250000000000000000e+00
9.401880376075215720e-03 8.000000000000000000e+00 0.000000000000000000e+00 1.000000000000000000e+01 1.250000000000000000e+00
9.601920384076815390e-03 8.000000000000000000e+00 0.000000000000000000e+00 1.000000000000000000e+01 1.250000000000000000e+00
9.801960392078415060e-03 8.000000000000000000e+00 0.000000000000000000e+00 1.000000000000000000e+01 1.250000000000000000e+00
1.000200040008001647e-02 8.000000000000000000e+00 0.000000000000000000e+00 1.000000000000000000e+01 1.250000000000000000e+00
1.020204040808161614e-02 8.000000000000000000e+00 0.000000000000000000e+00 1.000000000000000000e+01 1.250000000000000000e+00
1.040208041608321754e-02 8.000000000000000000e+00 0.000000000000000000e+00 1.000000000000000000e+01 1.250000000000000000e+00
1.060212042408481721e-02 8.000000000000000000e+00 0.000000000000000000e+00 1.000000000000000000e+01 1.250000000000000000e+00
1.080216043208641688e-02 8.000000000000000000e+00 0.000000000000000000e+00 1.000000000000000000e+01 1.250000000000000000e+00
1.100220044008801829e-02 8.000000000000000000e+00 0.000000000000000000e+00 1.000000000000000000e+01 1.250000000000000000e+00
1.120224044808961796e-02 8.000000000000000000e+00 0.000000000000000000e+00 1.000000000000000000e+01 1.250000000000000000e+00
1.140228045609121763e-02 8.000000000000000000e+00 0.000000000000000000e+00 1.000000000000000000e+01 1.250000000000000000e+00
1.160232046409281903e-02 8.000000000000000000e+00 0.000000000000000000e+00 1.000000000000000000e+01 1.250000000000000000e+00
1.180236047209441870e-02 8.000000000000000000e+00 0.000000000000000000e+00 1.000000000000000000e+01 1.250000000000000000e+00
1.200240048009601837e-02 8.000000000000000000e+00 0.000000000000000000e+00 1.000000000000000000e+01 1.250000000000000000e+00
1.220244048809761978e-02 8.000000000000000000e+00 0.000000000000000000e+00 1.000000000000000000e+01 1.250000000000000000e+00
1.240248049609921945e-02 8.000000000000000000e+00 0.000000000000000000e+00 1.000000000000000000e+01 1.250000000000000000e+00
1.260252050410082085e-02 8.000000000000000000e+00 0.000000000000000000e+00 1.000000000000000000e+01 1.250000000000000000e+00
1.280256051210242052e-02 8.000000000000000000e+00 0.000000000000000000e+00 1.000000000000000000e+01 1.250000000000000000e+00
1.300260052010402019e-02 8.000000000000000000e+00 0.000000000000000000e+00 1.000000000000000000e+01 1.250000000000000000e+00
1.320264052810562160e-02 8.000000000000000000e+00 0.000000000000000000e+00 1.000000000000000000e+01 1.250000000000000000e+00
1.340268053610722127e-02 8.000000000000000000e+00 0.000000000000000000e+00 1.000000000000000000e+01 1.250000000000000000e+00
1.360272054410882267e-02 8.000000000000000000e+00 0.000000000000000000e+00 1.000000000000000000e+01 1.250000000000000000e+00
1.380276055211042234e-02 8.000000000000000000e+00 0.000000000000000000e+00 1.000000000000000000e+01 1.250000000000000000e+00
1.400280056011202201e-02 8.000000000000000000e+00 0.000000000000000000e+00 1.000000000000000000e+01 1.250000000000000000e+00
1.420284056811362342e-02 8.000000000000000000e+00 0.000000000000000000e+00 1.000000000000000000e+01 1.250000000000000000e+00
1.440288057611522309e-02 8.000000000000000000e+00 0.000000000000000000e+00 1.000000000000000000e+01 1.250000000000000000e+00
1.460292058411682276e-02 8.000000000000000000e+00 0.000000000000000000e+00 1.000000000000000000e+01 1.250000000000000000e+00
1.480296059211842416e-02 8.000000000000000000e+00 0.000000000000000000e+00 1.000000000000000000e+01 1.250000000000000000e+00
1.500300060012002383e-02 8.000000000000000000e+00 0.000000000000000000e+00 1.000000000000000000e+01 1.250000000000000000e+00
1.520304060812162350e-02 8.000000000000000000e+00 0.000000000000000000e+00 1.000000000000000000e+01 1.250000000000000000e+00
1.540308061612322491e-02 8.000000000000000000e+00 0.000000000000000000e+00 1.000000000000000000e+01 1.250000000000000000e+00
1.560312062412482458e-02 8.000000000000000000e+00 0.000000000000000000e+00 1.000000000000000000e+01 1.250000000000000000e+00
1.580316063212642425e-02 8.000000000000000000e+00 0.000000000000000000e+00 1.000000000000000000e+01 1.250000000000000000e+00
1.600320064012802565e-02 8.000000000000000000e+00 0.000000000000000000e+00 1.000000000000000000e+01 1.250000000000000000e+00
1.620324064812962706e-02 8.000000000000000000e+00 0.000000000000000000e+00 1.000000000000000000e+01 1.250000000000000000e+00
1.640328065613122499e-02 8.000000000000000000e+00 0.000000000000000000e+00 1.000000000000000000e+01 1.250000000000000000e+00
1.660332066413282640e-02 8.000000000000000000e+00 0.000000000000000000e+00 1.000000000000000000e+01 1.250000000000000000e+00
1.680336067213442780e-02 8.000000000000000000e+00 0.000000000000000000e+00 1.000000000000000000e+01 1.250000000000000000e+00
1.700340068013602574e-02 8.000000000000000000e+00 0.000000000000000000e+00 1.000000000000000000e+01 1.250000000000000000e+00
1.720344068813762714e-02 8.000000000000000000e+00 0.000000000000000000e+00 1.000000000000000000e+01 1.250000000000000000e+00
1.740348069613922855e-02 8.000000000000000000e+00 0.000000000000000000e+00 1.000000000000000000e+01 1.250000000000000000e+00
1.760352070414082648e-02 8.000000000000000000e+00 0.000000000000000000e+00 1.000000000000000000e+01 1.250000000000000000e+00
1.780356071214242789e-02 8.000000000000000000e+00 0.000000000000000000e+00 1.000000000000000000e+01 1.250000000000000000e+00
1.800360072014402929e-02 8.000000000000000000e+00 0.000000000000000000e+00 1.000000000000000000e+01 1.250000000000000000e+00
1.820364072814563070e-02 8.000000000000000000e+00 0.000000000000000000e+00 1.000000000000000000e+01 1.250000000000000000e+00
1.840368073614722863e-02 8.000000000000000000e+00 0.000000000000000000e+00 1.000000000000000000e+01 1.250000000000000000e+00
1.860372074414883004e-02 8.000000000000000000e+00 0.000000000000000000e+00 1.000000000000000000e+01 1.250000000000000000e+00
1.880376075215043144e-02 8.000000000000000000e+00 0.000000000000000000e+00 1.000000000000000000e+01 1.250000000000000000e+00
1.900380076015202938e-02 8.000000000000000000e+00 0.000000000000000000e+00 1.000000000000000000e+01 1.250000000000000000e+00
1.920384076815363078e-02 8.000000000000000000e+00 0.000000000000000000e+00 1.000000000000000000e+01 1.250000000000000000e+00
1.940388077615523219e-02 8.000000000000000000e+00 0.000000000000000000e+00 1.000000000000000000e+01 1.250000000000000000e+00
1.960392078415683012e-02 8.000000000000000000e+00 0.000000000000000000e+00 1.000000000000000000e+01 1.250000000000000000e+00
1.980396079215843153e-02 8.000000000000000000e+00 0.000000000000000000e+00 1.000000000000000000e+01 1.250000000000000000e+00
2.000400080016003293e-02 8.000000000000000000e+00 0.000000000000000000e+00 1.000000000000000000e+01 1.250000000000000000e+00
2.020404080816163087e-02 8.000000000000000000e+00 0.000000000000000000e+00 1.000000000000000000e+01 1.250000000000000000e+00
2.040408081616323227e-02 8.000000000000000000e+00 0.000000000000000000e+00 1.000000000000000000e+01 1.250000000000000000e+00
2.060412082416483368e-02 8.000000000000000000e+00 0.000000000000000000e+00 1.000000000000000000e+01 1.250000000000000000e+00
2.080416083216643508e-02 8.000000000000000000e+00 0.000000000000000000e+00 1.000000000000000000e+01 1.250000000000000000e+00
2.100420084016803302e-02 8.000000000000000000e+00 0.000000000000000000e+00 1.000000000000000000e+01 1.250000000000000000e+00
2.120424084816963442e-02 8.000000000000000000e+00 0.000000000000000000e+00 1.000000000000000000e+01 1.250000000000000000e+00
2.140428085617123583e-02 8.000000000000000000e+00 0.000000000000000000e+00 1.000000000000000000e+01 1.250000000000000000e+00
2.160432086417283376e-02 8.000000000000000000e+00 0.000000000000000000e+00 1.000000000000000000e+01 1.250000000000000000e+00
2.180436087217443517e-02 8.000000000000000000e+00 0.000000000000000000e+00 1.000000000000000000e+01 1.250000000000000000e+00
2.200440088017603657e-02 8.000000000000000000e+00 0.000000000000000000e+00 1.000000000000000000e+01 1.250000000000000000e+00
2.220444088817763451e-02 8.000000000000000000e+00 0.000000000000000000e+00 1.000000000000000000e+01 1.250000000000000000e+00
2.240448089617923591e-02 8.000000000000000000e+00 0.000000000000000000e+00 1.000000000000000000e+01 1.250000000000000000e+00
2.260452090418083732e-02 8.000000000000000000e+00 0.000000000000000000e+00 1.000000000000000000e+01 1.250000000000000000e+00
2.280456091218243525e-02 8.000000000000000000e+00 0.000000000000000000e+00 1.000000000000000000e+01 1.250000000000000000e+00
2.300460092018403666e-02 8.000000000000000000e+00 0.000000000000000000e+00 1.000000000000000000e+01 1.250000000000000000e+00
2.320464092818563806e-02 8.000000000000000000e+00 0.000000000000000000e+00 1.000000000000000000e+01 1.250000000000000000e+00
2.340468093618723600e-02 8.000000000000000000e+00 0.000000000000000000e+00 1.000000000000000000e+01 1.250000000000000000e+00
2.360472094418883740e-02 8.000000000000000000e+00 0.000000000000000000e+00 1.000000000000000000e+01 1.250000000000000000e+00
2.380476095219043881e-02 8.000000000000000000e+00 0.000000000000000000e+00 1.000000000000000000e+01 1.250000000000000000e+00
2.400480096019203674e-02 8.000000000000000000e+00 0.000000000000000000e+00 1.000000000000000000e+01 1.250000000000000000e+00
2.420484096819363815e-02 8.000000000000000000e+00 0.000000000000000000e+00 1.000000000000000000e+01 1.250000000000000000e+00
2.440488097619523955e-02 8.000000000000000000e+00 0.000000000000000000e+00 1.000000000000000000e+01 1.250000000000000000e+00
2.460492098419684096e-02 8.000000000000000000e+00 0.000000000000000000e+00 1.000000000000000000e+01 1.250000000000000000e+00
2.480496099219843889e-02 8.000000000000000000e+00 0.000000000000000000e+00 1.000000000000000000e+01 1.250000000000000000e+00
2.500500100020004030e-02 8.000000000000000000e+00 0.000000000000000000e+00 1.000000000000000000e+01 1.250000000000000000e+00
2.520504100820164170e-02 8.000000000000000000e+00 0.000000000000000000e+00 1.000000000000000000e+01 1.250000000000000000e+00
2.540508101620323964e-02 8.000000000000000000e+00 0.000000000000000000e+00 1.000000000000000000e+01 1.250000000000000000e+00
2.560512102420484104e-02 8.000000000000000000e+00 0.000000000000000000e+00 1.000000000000000000e+01 1.250000000000000000e+00
2.580516103220644245e-02 8.000000000000000000e+00 0.000000000000000000e+00 1.000000000000000000e+01 1.250000000000000000e+00
2.600520104020804038e-02 8.000000000000000000e+00 0.000000000000000000e+00 1.000000000000000000e+01 1.250000000000000000e+00
2.620524104820964179e-02 8.000000000000000000e+00 0.000000000000000000e+00 1.000000000000000000e+01 1.250000000000000000e+00
2.640528105621124319e-02 8.000000000000000000e+00 0.000000000000000000e+00 1.000000000000000000e+01 1.250000000000000000e+00
2.660532106421284113e-02 8.000000000000000000e+00 0.000000000000000000e+00 1.000000000000000000e+01 1.250000000000000000e+00
2.680536107221444253e-02 8.000000000000000000e+00 0.000000000000000000e+00 1.000000000000000000e+01 1.250000000000000000e+00
2.700540108021604394e-02 8.000000000000000000e+00 0.000000000000000000e+00 1.000000000000000000e+01 1.250000000000000000e+00
2.720544108821764534e-02 8.000000000000000000e+00 0.000000000000000000e+00 1.000000000000000000e+01 1.250000000000000000e+00
2.740548109621924328e-02 8.000000000000000000e+00 0.000000000000000000e+00 1.000000000000000000e+01 1.250000000000000000e+00
2.760552110422084468e-02 8.000000000000000000e+00 0.000000000000000000e+00 1.000000000000000000e+01 1.250000000000000000e+00
2.780556111222244609e-02 8.000000000000000000e+00 0.000000000000000000e+00 1.000000000000000000e+01 1.250000000000000000e+00
2.800560112022404402e-02 8.000000000000000000e+00 0.000000000000000000e+00 1.000000000000000000e+01 1.250000000000000000e+00
2.820564112822564543e-02 8.000000000000000000e+00 0.000000000000000000e+00 1.000000000000000000e+01 1.250000000000000000e+00
2.840568113622724683e-02 8.000000000000000000e+00 0.000000000000000000e+00 1.000000000000000000e+01 1.250000000000000000e+00
2.860572114422884477e-02 8.000000000000000000e+00 0.000000000000000000e+00 1.000000000000000000e+01 1.250000000000000000e+00
2.880576115223044617e-02 8.000000000000000000e+00 0.000000000000000000e+00 1.000000000000000000e+01 1.250000000000000000e+00
2.900580116023204758e-02 8.000000000000000000e+00 0.000000000000000000e+00 1.000000000000000000e+01 1.250000000000000000e+00
2.920584116823364551e-02 8.000000000000000000e+00 0.000000000000000000e+00 1.000000000000000000e+01 1.250000000000000000e+00
2.940588117623524692e-02 8.000000000000000000e+00 0.000000000000000000e+00 1.000000000000000000e+01 1.250000000000000000e+00
2.960592118423684832e-02 8.000000000000000000e+00 0.000000000000000000e+00 1.000000000000000000e+01 1.250000000000000000e+00
2.980596119223844626e-02 8.000000000000000000e+00 0.000000000000000000e+00 1.000000000000000000e+01 1.250000000000000000e+00
3.000600120024004766e-02 8.000000000000000000e+00 0.000000000000000000e+00 1.000000000000000000e+01 1.250000000000000000e+00
3.020604120824164907e-02 8.000000000000000000e+00 0.000000000000000000e+00 1.000000000000000000e+01 1.250000000000000000e+00
3.040608121624324700e-02 8.000000000000000000e+00 0.000000000000000000e+00 1.000000000000000000e+01 1.250000000000000000e+00
3.060612122424484841e-02 8.000000000000000000e+00 0.000000000000000000e+00 1.000000000000000000e+01 1.250000000000000000e+00
3.080616123224644981e-02 8.000000000000000000e+00 0.000000000000000000e+00 1.000000000000000000e+01 1.250000000000000000e+00
3.100620124024805122e-02 8.000000000000000000e+00 0.000000000000000000e+00 1.000000000000000000e+01 1.250000000000000000e+00
3.120624124824964915e-02 8.000000000000000000e+00 0.000000000000000000e+00 1.000000000000000000e+01 1.250000000000000000e+00
3.140628125625125056e-02 8.000000000000000000e+00 0.000000000000000000e+00 1.000000000000000000e+01 1.250000000000000000e+00
3.160632126425284849e-02 8.000000000000000000e+00 0.000000000000000000e+00 1.000000000000000000e+01 1.250000000000000000e+00
3.180636127225445337e-02 8.000000000000000000e+00 0.000000000000000000e+00 1.000000000000000000e+01 1.250000000000000000e+00
3.200640128025605130e-02 8.000000000000000000e+00 0.000000000000000000e+00 1.000000000000000000e+01 1.250000000000000000e+00
3.220644128825764924e-02 8.000000000000000000e+00 0.000000000000000000e+00 1.000000000000000000e+01 1.250000000000000000e+00
3.240648129625925411e-02 8.000000000000000000e+00 0.000000000000000000e+00 1.000000000000000000e+01 1.250000000000000000e+00
3.260652130426085205e-02 8.000000000000000000e+00 0.000000000000000000e+00 1.000000000000000000e+01 1.250000000000000000e+00
3.280656131226244998e-02 8.000000000000000000e+00 0.000000000000000000e+00 1.000000000000000000e+01 1.250000000000000000e+00
3.300660132026405486e-02 8.000000000000000000e+00 0.000000000000000000e+00 1.000000000000000000e+01 1.250000000000000000e+00
3.320664132826565279e-02 8.000000000000000000e+00 0.000000000000000000e+00 1.000000000000000000e+01 1.250000000000000000e+00
3.340668133626725073e-02 8.000000000000000000e+00 0.000000000000000000e+00 1.000000000000000000e+01 1.250000000000000000e+00
3.360672134426885560e-02 8.000000000000000000e+00 0.000000000000000000e+00 1.000000000000000000e+01 1.250000000000000000e+00
3.380676135227045354e-02 8.000000000000000000e+00 0.000000000000000000e+00 1.000000000000000000e+01 1.250000000000000000e+00
3.400680136027205147e-02 8.000000000000000000e+00 0.000000000000000000e+00 1.000000000000000000e+01 1.250000000000000000e+00
3.420684136827365635e-02 8.000000000000000000e+00 0.000000000000000000e+00 1.000000000000000000e+01 1.250000000000000000e+00
3.440688137627525428e-02 8.000000000000000000e+00 0.000000000000000000e+00 1.000000000000000000e+01 1.250000000000000000e+00
3.460692138427685222e-02 8.000000000000000000e+00 0.000000000000000000e+00 1.000000000000000000e+01 1.250000000000000000e+00
3.480696139227845709e-02 8.000000000000000000e+00 0.000000000000000000e+00 1.000000000000000000e+01 1.250000000000000000e+00
3.500700140028005503e-02 8.000000000000000000e+00 0.000000000000000000e+00 1.000000000000000000e+01 1.250000000000000000e+00
3.520704140828165296e-02 8.000000000000000000e+00 0.000000000000000000e+00 1.000000000000000000e+01 1.250000000000000000e+00
3.540708141628325784e-02 8.000000000000000000e+00 0.000000000000000000e+00 1.000000000000000000e+01 1.250000000000000000e+00
3.560712142428485577e-02 8.000000000000000000e+00 0.000000000000000000e+00 1.000000000000000000e+01 1.250000000000000000e+00
3.580716143228646065e-02 8.000000000000000000e+00 0.000000000000000000e+00 1.000000000000000000e+01 1.250000000000000000e+00
3.600720144028805858e-02 8.000000000000000000e+00 0.000000000000000000e+00 1.000000000000000000e+01 1.250000000000000000e+00
3.620724144828965652e-02 8.000000000000000000e+00 0.000000000000000000e+00 1.000000000000000000e+01 1.250000000000000000e+00
3.640728145629126139e-02 8.000000000000000000e+00 0.000000000000000000e+00 1.000000000000000000e+01 1.250000000000000000e+00
3.660732146429285933e-02 8.000000000000000000e+00 0.000000000000000000e+00 1.000000000000000000e+01 1.250000000000000000e+00
3.680736147229445726e-02 8.000000000000000000e+00 0.000000000000000000e+00 1.000000000000000000e+01 1.250000000000000000e+00
3.700740148029606214e-02 8.000000000000000000e+00 0.000000000000000000e+00 1.000000000000000000e+01 1.250000000000000000e+00
3.720744148829766007e-02 8.000000000000000000e+00 0.000000000000000000e+00 1.000000000000000000e+01 1.250000000000000000e+00
3.740748149629925801e-02 8.000000000000000000e+00 0.000000000000000000e+00 1.000000000000000000e+01 1.250000000000000000e+00
3.760752150430086288e-02 8.000000000000000000e+00 0.000000000000000000e+00 1.000000000000000000e+01 1.250000000000000000e+00
3.780756151230246082e-02 8.000000000000000000e+00 0.000000000000000000e+00 1.000000000000000000e+01 1.250000000000000000e+00
3.800760152030405875e-02 8.000000000000000000e+00 0.000000000000000000e+00 1.000000000000000000e+01 1.250000000000000000e+00
3.820764152830566363e-02 8.000000000000000000e+00 0.000000000000000000e+00 1.000000000000000000e+01 1.250000000000000000e+00
3.840768153630726156e-02 8.000000000000000000e+00 0.000000000000000000e+00 1.000000000000000000e+01 1.250000000000000000e+00
3.860772154430885950e-02 8.000000000000000000e+00 0.000000000000000000e+00 1.000000000000000000e+01 1.250000000000000000e+00
3.880776155231046437e-02 8.000000000000000000e+00 0.000000000000000000e+00 1.000000000000000000e+01 1.250000000000000000e+00
3.900780156031206231e-02 8.000000000000000000e+00 0.000000000000000000e+00 1.000000000000000000e+01 1.250000000000000000e+00
3.920784156831366024e-02 8.000000000000000000e+00 0.000000000000000000e+00 1.000000000000000000e+01 1.250000000000000000e+00
3.940788157631526512e-02 8.000000000000000000e+00 0.000000000000000000e+00 1.000000000000000000e+01 1.250000000000000000e+00
3.960792158431686305e-02 8.000000000000000000e+00 0.000000000000000000e+00 1.000000000000000000e+01 1.250000000000000000e+00
3.980796159231846099e-02 8.000000000000000000e+00 0.000000000000000000e+00 1.000000000000000000e+01 1.250000000000000000e+00
4.000800160032006586e-02 8.000000000000000000e+00 0.000000000000000000e+00 1.000000000000000000e+01 1.250000000000000000e+00
4.020804160832166380e-02 8.000000000000000000e+00 0.000000000000000000e+00 1.000000000000000000e+01 1.250000000000000000e+00
4.040808161632326173e-02 8.000000000000000000e+00 0.000000000000000000e+00 1.000000000000000000e+01 1.250000000000000000e+00
4.060812162432486661e-02 8.000000000000000000e+00 0.000000000000000000e+00 1.000000000000000000e+01 1.250000000000000000e+00
4.080816163232646454e-02 8.000000000000000000e+00 0.000000000000000000e+00 1.000000000000000000e+01 1.250000000000000000e+00
4.100820164032806248e-02 8.000000000000000000e+00 0.000000000000000000e+00 1.000000000000000000e+01 1.250000000000000000e+00
4.120824164832966735e-02 8.000000000000000000e+00 0.000000000000000000e+00 1.000000000000000000e+01 1.250000000000000000e+00
4.140828165633126529e-02 8.000000000000000000e+00 0.000000000000000000e+00 1.000000000000000000e+01 1.250000000000000000e+00
4.160832166433287016e-02 8.000000000000000000e+00 0.000000000000000000e+00 1.000000000000000000e+01 1.250000000000000000e+00
4.180836167233446810e-02 8.000000000000000000e+00 0.000000000000000000e+00 1.000000000000000000e+01 1.250000000000000000e+00
4.200840168033606603e-02 8.000000000000000000e+00 0.000000000000000000e+00 1.000000000000000000e+01 1.250000000000000000e+00
4.220844168833767091e-02 8.000000000000000000e+00 0.000000000000000000e+00 1.000000000000000000e+01 1.250000000000000000e+00
4.240848169633926884e-02 8.000000000000000000e+00 0.000000000000000000e+00 1.000000000000000000e+01 1.250000000000000000e+00
4.260852170434086678e-02 8.000000000000000000e+00 0.000000000000000000e+00 1.000000000000000000e+01 1.250000000000000000e+00
4.280856171234247165e-02 8.000000000000000000e+00 0.000000000000000000e+00 1.000000000000000000e+01 1.250000000000000000e+00
4.300860172034406959e-02 8.000000000000000000e+00 0.000000000000000000e+00 1.000000000000000000e+01 1.250000000000000000e+00
4.320864172834566752e-02 8.000000000000000000e+00 0.000000000000000000e+00 1.000000000000000000e+01 1.250000000000000000e+00
4.340868173634727240e-02 8.000000000000000000e+00 0.000000000000000000e+00 1.000000000000000000e+01 1.250000000000000000e+00
4.360872174434887033e-02 8.000000000000000000e+00 0.000000000000000000e+00 1.000000000000000000e+01 1.250000000000000000e+00
4.380876175235046827e-02 8.000000000000000000e+00 0.000000000000000000e+00 1.000000000000000000e+01 1.250000000000000000e+00
4.400880176035207314e-02 8.000000000000000000e+00 0.000000000000000000e+00 1.000000000000000000e+01 1.250000000000000000e+00
4.420884176835367108e-02 8.000000000000000000e+00 0.000000000000000000e+00 1.000000000000000000e+01 1.250000000000000000e+00
4.440888177635526901e-02 8.000000000000000000e+00 0.000000000000000000e+00 1.000000000000000000e+01 1.250000000000000000e+00
4.460892178435687389e-02 8.000000000000000000e+00 0.000000000000000000e+00 1.000000000000000000e+01 1.250000000000000000e+00
4.480896179235847182e-02 8.000000000000000000e+00 0.000000000000000000e+00 1.000000000000000000e+01 1.250000000000000000e+00
4.500900180036006976e-02 8.000000000000000000e+00 0.000000000000000000e+00 1.000000000000000000e+01 1.250000000000000000e+00
4.520904180836167463e-02 8.000000000000000000e+00 0.000000000000000000e+00 1.000000000000000000e+01 1.250000000000000000e+00
4.540908181636327257e-02 8.000000000000000000e+00 0.000000000000000000e+00 1.000000000000000000e+01 1.250000000000000000e+00
4.560912182436487050e-02 8.000000000000000000e+00 0.000000000000000000e+00 1.000000000000000000e+01 1.250000000000000000e+00
4.580916183236647538e-02 8.000000000000000000e+00 0.000000000000000000e+00 1.000000000000000000e+01 1.250000000000000000e+00
4.600920184036807331e-02 8.000000000000000000e+00 0.000000000000000000e+00 1.000000000000000000e+01 1.250000000000000000e+00
4.620924184836967125e-02 8.000000000000000000e+00 0.000000000000000000e+00 1.000000000000000000e+01 1.250000000000000000e+00
4.640928185637127612e-02 8.000000000000000000e+00 0.000000000000000000e+00 1.000000000000000000e+01 1.250000000000000000e+00
4.660932186437287406e-02 8.000000000000000000e+00 0.000000000000000000e+00 1.000000000000000000e+01 1.250000000000000000e+00
4.680936187237447199e-02 8.000000000000000000e+00 0.000000000000000000e+00 1.000000000000000000e+01 1.250000000000000000e+00
4.700940188037607687e-02 8.000000000000000000e+00 0.000000000000000000e+00 1.000000000000000000e+01 1.250000000000000000e+00
4.720944188837767480e-02 8.000000000000000000e+00 0.000000000000000000e+00 1.000000000000000000e+01 1.250000000000000000e+00
4.740948189637927274e-02 8.000000000000000000e+00 0.000000000000000000e+00 1.000000000000000000e+01 1.250000000000000000e+00
4.760952190438087761e-02 8.000000000000000000e+00 0.000000000000000000e+00 1.000000000000000000e+01 1.250000000000000000e+00
4.780956191238247555e-02 8.000000000000000000e+00 0.000000000000000000e+00 1.000000000000000000e+01 1.250000000000000000e+00
4.800960192038407348e-02 8.000000000000000000e+00 0.000000000000000000e+00 1.000000000000000000e+01 1.250000000000000000e+00
4.820964192838567836e-02 8.000000000000000000e+00 0.000000000000000000e+00 1.000000000000000000e+01 1.250000000000000000e+00
4.840968193638727629e-02 8.000000000000000000e+00 0.000000000000000000e+00 1.000000000000000000e+01 1.250000000000000000e+00
4.860972194438888117e-02 8.000000000000000000e+00 0.000000000000000000e+00 1.000000000000000000e+01 1.250000000000000000e+00
4.880976195239047910e-02 8.000000000000000000e+00 0.000000000000000000e+00 1.000000000000000000e+01 1.250000000000000000e+00
4.900980196039207704e-02 8.000000000000000000e+00 0.000000000000000000e+00 1.000000000000000000e+01 1.250000000000000000e+00
4.920984196839368191e-02 8.000000000000000000e+00 0.000000000000000000e+00 1.000000000000000000e+01 1.250000000000000000e+00
4.940988197639527985e-02 8.000000000000000000e+00 0.000000000000000000e+00 1.000000000000000000e+01 1.250000000000000000e+00
4.960992198439687778e-02 8.000000000000000000e+00 0.000000000000000000e+00 1.000000000000000000e+01 1.250000000000000000e+00
4.980996199239848266e-02 8.000000000000000000e+00 0.000000000000000000e+00 1.000000000000000000e+01 1.250000000000000000e+00
5.001000200040008059e-02 8.000000000000000000e+00 0.000000000000000000e+00 1.000000000000000000e+01 1.250000000000000000e+00
5.021004200840167853e-02 8.000000000000000000e+00 0.000000000000000000e+00 1.000000000000000000e+01 1.250000000000000000e+00
5.041008201640328340e-02 8.000000000000000000e+00 0.000000000000000000e+00 1.000000000000000000e+01 1.250000000000000000e+00
5.061012202440488134e-02 8.000000000000000000e+00 0.000000000000000000e+00 1.000000000000000000e+01 1.250000000000000000e+00
5.081016203240647927e-02 8.000000000000000000e+00 0.000000000000000000e+00 1.000000000000000000e+01 1.250000000000000000e+00
5.101020204040808415e-02 8.000000000000000000e+00 0.000000000000000000e+00 1.000000000000000000e+01 1.250000000000000000e+00
5.121024204840968208e-02 8.000000000000000000e+00 0.000000000000000000e+00 1.000000000000000000e+01 1.250000000000000000e+00
5.141028205641128002e-02 8.000000000000000000e+00 0.000000000000000000e+00 1.000000000000000000e+01 1.250000000000000000e+00
5.161032206441288489e-02 8.000000000000000000e+00 0.000000000000000000e+00 1.000000000000000000e+01 1.250000000000000000e+00
5.181036207241448283e-02 8.000000000000000000e+00 0.000000000000000000e+00 1.000000000000000000e+01 1.250000000000000000e+00
5.201040208041608076e-02 8.000000000000000000e+00 0.000000000000000000e+00 1.000000000000000000e+01 1.250000000000000000e+00
5.221044208841768564e-02 8.000000000000000000e+00 0.000000000000000000e+00 1.000000000000000000e+01 1.250000000000000000e+00
5.241048209641928357e-02 8.000000000000000000e+00 0.000000000000000000e+00 1.000000000000000000e+01 1.250000000000000000e+00
5.261052210442088151e-02 8.000000000000000000e+00 0.000000000000000000e+00 1.000000000000000000e+01 1.250000000000000000e+00
5.281056211242248638e-02 8.000000000000000000e+00 0.000000000000000000e+00 1.000000000000000000e+01 1.250000000000000000e+00
5.301060212042408432e-02 8.000000000000000000e+00 0.000000000000000000e+00 1.000000000000000000e+01 1.250000000000000000e+00
5.321064212842568225e-02 8.000000000000000000e+00 0.000000000000000000e+00 1.000000000000000000e+01 1.250000000000000000e+00
5.341068213642728713e-02 8.000000000000000000e+00 0.000000000000000000e+00 1.000000000000000000e+01 1.250000000000000000e+00
5.361072214442888506e-02 8.000000000000000000e+00 0.000000000000000000e+00 1.000000000000000000e+01 1.250000000000000000e+00
5.381076215243048300e-02 8.000000000000000000e+00 0.000000000000000000e+00 1.000000000000000000e+01 1.250000000000000000e+00
5.401080216043208787e-02 8.000000000000000000e+00 0.000000000000000000e+00 1.000000000000000000e+01 1.250000000000000000e+00
5.421084216843368581e-02 8.000000000000000000e+00 0.000000000000000000e+00 1.000000000000000000e+01 1.250000000000000000e+00
5.441088217643529068e-02 8.000000000000000000e+00 0.000000000000000000e+00 1.000000000000000000e+01 1.250000000000000000e+00
5.461092218443688862e-02 8.000000000000000000e+00 0.000000000000000000e+00 1.000000000000000000e+01 1.250000000000000000e+00
5.481096219243848655e-02 8.000000000000000000e+00 0.000000000000000000e+00 1.000000000000000000e+01 1.250000000000000000e+00
5.501100220044009143e-02 8.000000000000000000e+00 0.000000000000000000e+00 1.000000000000000000e+01 1.250000000000000000e+00
5.521104220844168936e-02 8.000000000000000000e+00 0.000000000000000000e+00 1.000000000000000000e+01 1.250000000000000000e+00
5.541108221644328730e-02 8.000000000000000000e+00 0.000000000000000000e+00 1.000000000000000000e+01 1.250000000000000000e+00
5.561112222444489217e-02 8.000000000000000000e+00 0.000000000000000000e+00 1.000000000000000000e+01 1.250000000000000000e+00
5.581116223244649011e-02 8.000000000000000000e+00 0.000000000000000000e+00 1.000000000000000000e+01 1.250000000000000000e+00
5.601120224044808804e-02 8.000000000000000000e+00 0.000000000000000000e+00 1.000000000000000000e+01 1.250000000000000000e+00
5.621124224844969292e-02 8.000000000000000000e+00 0.000000000000000000e+00 1.000000000000000000e+01 1.250000000000000000e+00
5.641128225645129085e-02 8.000000000000000000e+00 0.000000000000000000e+00 1.000000000000000000e+01 1.250000000000000000e+00
5.661132226445288879e-02 8.000000000000000000e+00 0.000000000000000000e+00 1.000000000000000000e+01 1.250000000000000000e+00
5.681136227245449366e-02 8.000000000000000000e+00 0.000000000000000000e+00 1.000000000000000000e+01 1.250000000000000000e+00
5.701140228045609160e-02 8.000000000000000000e+00 0.000000000000000000e+00 1.000000000000000000e+01 1.250000000000000000e+00
5.721144228845768953e-02 8.000000000000000000e+00 0.000000000000000000e+00 1.000000000000000000e+01 1.250000000000000000e+00
5.741148229645929441e-02 8.000000000000000000e+00 0.000000000000000000e+00 1.000000000000000000e+01 1.250000000000000000e+00
5.761152230446089234e-02 8.000000000000000000e+00 0.000000000000000000e+00 1.000000000000000000e+01 1.250000000000000000e+00
5.781156231246249028e-02 8.000000000000000000e+00 0.000000000000000000e+00 1.000000000000000000e+01 1.250000000000000000e+00
5.801160232046409515e-02 8.000000000000000000e+00 0.000000000000000000e+00 1.000000000000000000e+01 1.250000000000000000e+00
5.821164232846569309e-02 8.000000000000000000e+00 0.000000000000000000e+00 1.000000000000000000e+01 1.250000000000000000e+00
5.841168233646729102e-02 8.000000000000000000e+00 0.000000000000000000e+00 1.000000000000000000e+01 1.250000000000000000e+00
5.861172234446889590e-02 8.000000000000000000e+00 0.000000000000000000e+00 1.000000000000000000e+01 1.250000000000000000e+00
5.881176235247049383e-02 8.000000000000000000e+00 0.000000000000000000e+00 1.000000000000000000e+01 1.250000000000000000e+00
5.901180236047209177e-02 8.000000000000000000e+00 0.000000000000000000e+00 1.000000000000000000e+01 1.250000000000000000e+00
5.921184236847369664e-02 8.000000000000000000e+00 0.000000000000000000e+00 1.000000000000000000e+01 1.250000000000000000e+00
5.941188237647529458e-02 8.000000000000000000e+00 0.000000000000000000e+00 1.000000000000000000e+01 1.250000000000000000e+00
5.961192238447689251e-02 8.000000000000000000e+00 0.000000000000000000e+00 1.000000000000000000e+01 1.250000000000000000e+00
5.981196239247849739e-02 8.000000000000000000e+00 0.000000000000000000e+00 1.000000000000000000e+01 1.250000000000000000e+00
6.001200240048009532e-02 8.000000000000000000e+00 0.000000000000000000e+00 1.000000000000000000e+01 1.250000000000000000e+00
6.021204240848169326e-02 8.000000000000000000e+00 0.000000000000000000e+00 1.000000000000000000e+01 1.250000000000000000e+00
6.041208241648329813e-02 8.000000000000000000e+00 0.000000000000000000e+00 1.000000000000000000e+01 1.250000000000000000e+00
6.061212242448489607e-02 8.000000000000000000e+00 0.000000000000000000e+00 1.000000000000000000e+01 1.250000000000000000e+00
6.081216243248649400e-02 8.000000000000000000e+00 0.000000000000000000e+00 1.000000000000000000e+01 1.250000000000000000e+00
6.101220244048809888e-02 8.000000000000000000e+00 0.000000000000000000e+00 1.000000000000000000e+01 1.250000000000000000e+00
6.121224244848969681e-02 8.000000000000000000e+00 0.000000000000000000e+00 1.000000000000000000e+01 1.250000000000000000e+00
6.141228245649130169e-02 8.000000000000000000e+00 0.000000000000000000e+00 1.000000000000000000e+01 1.250000000000000000e+00
6.161232246449289962e-02 8.000000000000000000e+00 0.000000000000000000e+00 1.000000000000000000e+01 1.250000000000000000e+00
6.181236247249449756e-02 8.000000000000000000e+00 0.000000000000000000e+00 1.000000000000000000e+01 1.250000000000000000e+00
6.201240248049610243e-02 8.000000000000000000e+00 0.000000000000000000e+00 1.000000000000000000e+01 1.250000000000000000e+00
6.221244248849770037e-02 8.000000000000000000e+00 0.000000000000000000e+00 1.000000000000000000e+01 1.250000000000000000e+00
6.241248249649929830e-02 8.000000000000000000e+00 0.000000000000000000e+00 1.000000000000000000e+01 1.250000000000000000e+00
6.261252250450090318e-02 8.000000000000000000e+00 0.000000000000000000e+00 1.000000000000000000e+01 1.250000000000000000e+00
6.281256251250250111e-02 8.000000000000000000e+00 0.000000000000000000e+00 1.000000000000000000e+01 1.250000000000000000e+00
6.301260252050409905e-02 8.000000000000000000e+00 0.000000000000000000e+00 1.000000000000000000e+01 1.250000000000000000e+00
6.321264252850569698e-02 8.000000000000000000e+00 0.000000000000000000e+00 1.000000000000000000e+01 1.250000000000000000e+00
6.341268253650729492e-02 8.000000000000000000e+00 0.000000000000000000e+00 1.000000000000000000e+01 1.250000000000000000e+00
6.361272254450890673e-02 8.000000000000000000e+00 0.000000000000000000e+00 1.000000000000000000e+01 1.250000000000000000e+00
6.381276255251050467e-02 8.000000000000000000e+00 0.000000000000000000e+00 1.000000000000000000e+01 1.250000000000000000e+00
6.401280256051210260e-02 8.000000000000000000e+00 0.000000000000000000e+00 1.000000000000000000e+01 1.250000000000000000e+00
6.421284256851370054e-02 8.000000000000000000e+00 0.000000000000000000e+00 1.000000000000000000e+01 1.250000000000000000e+00
6.441288257651529847e-02 8.000000000000000000e+00 0.000000000000000000e+00 1.000000000000000000e+01 1.250000000000000000e+00
6.461292258451691028e-02 8.000000000000000000e+00 0.000000000000000000e+00 1.000000000000000000e+01 1.250000000000000000e+00
6.481296259251850822e-02 8.000000000000000000e+00 0.000000000000000000e+00 1.000000000000000000e+01 1.250000000000000000e+00
6.501300260052010616e-02 8.000000000000000000e+00 0.000000000000000000e+00 1.000000000000000000e+01 1.250000000000000000e+00
6.521304260852170409e-02 8.000000000000000000e+00 0.000000000000000000e+00 1.000000000000000000e+01 1.250000000000000000e+00
6.541308261652330203e-02 8.000000000000000000e+00 0.000000000000000000e+00 1.000000000000000000e+01 1.250000000000000000e+00
6.561312262452489996e-02 8.000000000000000000e+00 0.000000000000000000e+00 1.000000000000000000e+01 1.250000000000000000e+00
6.581316263252651177e-02 8.000000000000000000e+00 0.000000000000000000e+00 1.000000000000000000e+01 1.250000000000000000e+00
6.601320264052810971e-02 8.000000000000000000e+00 0.000000000000000000e+00 1.000000000000000000e+01 1.250000000000000000e+00
6.621324264852970765e-02 8.000000000000000000e+00 0.000000000000000000e+00 1.000000000000000000e+01 1.250000000000000000e+00
6.641328265653130558e-02 8.000000000000000000e+00 0.000000000000000000e+00 1.000000000000000000e+01 1.250000000000000000e+00
6.661332266453290352e-02 8.000000000000000000e+00 0.000000000000000000e+00 1.000000000000000000e+01 1.250000000000000000e+00
6.681336267253450145e-02 8.000000000000000000e+00 0.000000000000000000e+00 1.000000000000000000e+01 1.250000000000000000e+00
6.701340268053611327e-02 8.000000000000000000e+00 0.000000000000000000e+00 1.000000000000000000e+01 1.250000000000000000e+00
6.721344268853771120e-02 8.000000000000000000e+00 0.000000000000000000e+00 1.000000000000000000e+01 1.250000000000000000e+00
6.741348269653930914e-02 8.000000000000000000e+00 0.000000000000000000e+00 1.000000000000000000e+01 1.250000000000000000e+00
6.761352270454090707e-02 8.000000000000000000e+00 0.000000000000000000e+00 1.000000000000000000e+01 1.250000000000000000e+00
6.781356271254250501e-02 8.000000000000000000e+00 0.000000000000000000e+00 1.000000000000000000e+01 1.250000000000000000e+00
6.801360272054410294e-02 8.000000000000000000e+00 0.000000000000000000e+00 1.000000000000000000e+01 1.250000000000000000e+00
6.821364272854571476e-02 8.000000000000000000e+00 0.000000000000000000e+00 1.000000000000000000e+01 1.250000000000000000e+00
6.841368273654731269e-02 8.000000000000000000e+00 0.000000000000000000e+00 1.000000000000000000e+01 1.250000000000000000e+00
6.861372274454891063e-02 8.000000000000000000e+00 0.000000000000000000e+00 1.000000000000000000e+01 1.250000000000000000e+00
6.881376275255050856e-02 8.000000000000000000e+00 0.000000000000000000e+00 1.000000000000000000e+01 1.250000000000000000e+00
6.901380276055210650e-02 8.000000000000000000e+00 0.000000000000000000e+00 1.000000000000000000e+01 1.250000000000000000e+00
6.921384276855370443e-02 8.000000000000000000e+00 0.000000000000000000e+00 1.000000000000000000e+01 1.250000000000000000e+00
6.941388277655531625e-02 8.000000000000000000e+00 0.000000000000000000e+00 1.000000000000000000e+01 1.250000000000000000e+00
6.961392278455691418e-02 8.000000000000000000e+00 0.000000000000000000e+00 1.000000000000000000e+01 1.250000000000000000e+00
6.981396279255851212e-02 8.000000000000000000e+00 0.000000000000000000e+00 1.000000000000000000e+01 1.250000000000000000e+00
7.001400280056011005e-02 8.000000000000000000e+00 0.000000000000000000e+00 1.000000000000000000e+01 1.250000000000000000e+00
7.021404280856170799e-02 8.000000000000000000e+00 0.000000000000000000e+00 1.000000000000000000e+01 1.250000000000000000e+00
7.041408281656330592e-02 8.000000000000000000e+00 0.000000000000000000e+00 1.000000000000000000e+01 1.250000000000000000e+00
7.061412282456491774e-02 8.000000000000000000e+00 0.000000000000000000e+00 1.000000000000000000e+01 1.250000000000000000e+00
7.081416283256651567e-02 8.000000000000000000e+00 0.000000000000000000e+00 1.000000000000000000e+01 1.250000000000000000e+00
7.101420284056811361e-02 8.000000000000000000e+00 0.000000000000000000e+00 1.000000000000000000e+01 1.250000000000000000e+00
7.121424284856971154e-02 8.000000000000000000e+00 0.000000000000000000e+00 1.000000000000000000e+01 1.250000000000000000e+00
7.141428285657130948e-02 8.000000000000000000e+00 0.000000000000000000e+00 1.000000000000000000e+01 1.250000000000000000e+00
7.161432286457292129e-02 8.000000000000000000e+00 0.000000000000000000e+00 1.000000000000000000e+01 1.250000000000000000e+00
7.181436287257451923e-02 8.000000000000000000e+00 0.000000000000000000e+00 1.000000000000000000e+01 1.250000000000000000e+00
7.201440288057611716e-02 8.000000000000000000e+00 0.000000000000000000e+00 1.000000000000000000e+01 1.250000000000000000e+00
7.221444288857771510e-02 8.000000000000000000e+00 0.000000000000000000e+00 1.000000000000000000e+01 1.250000000000000000e+00
7.241448289657931303e-02 8.000000000000000000e+00 0.000000000000000000e+00 1.000000000000000000e+01 1.250000000000000000e+00
7.261452290458091097e-02 8.000000000000000000e+00 0.000000000000000000e+00 1.000000000000000000e+01 1.250000000000000000e+00
7.281456291258252278e-02 8.000000000000000000e+00 0.000000000000000000e+00 1.000000000000000000e+01 1.250000000000000000e+00
7.301460292058412072e-02 8.000000000000000000e+00 0.000000000000000000e+00 1.000000000000000000e+01 1.250000000000000000e+00
7.321464292858571865e-02 8.000000000000000000e+00 0.000000000000000000e+00 1.000000000000000000e+01 1.250000000000000000e+00
7.341468293658731659e-02 8.000000000000000000e+00 0.000000000000000000e+00 1.000000000000000000e+01 1.250000000000000000e+00
7.361472294458891452e-02 8.000000000000000000e+00 0.000000000000000000e+00 1.000000000000000000e+01 1.250000000000000000e+00
7.381476295259051246e-02 8.000000000000000000e+00 0.000000000000000000e+00 1.000000000000000000e+01 1.250000000000000000e+00
7.401480296059212427e-02 8.000000000000000000e+00 0.000000000000000000e+00 1.000000000000000000e+01 1.250000000000000000e+00
7.421484296859372221e-02 8.000000000000000000e+00 0.000000000000000000e+00 1.000000000000000000e+01 1.250000000000000000e+00
7.441488297659532014e-02 8.000000000000000000e+00 0.000000000000000000e+00 1.000000000000000000e+01 1.250000000000000000e+00
7.461492298459691808e-02 8.000000000000000000e+00 0.000000000000000000e+00 1.000000000000000000e+01 1.250000000000000000e+00
7.481496299259851601e-02 8.000000000000000000e+00 0.000000000000000000e+00 1.000000000000000000e+01 1.250000000000000000e+00
7.501500300060011395e-02 8.000000000000000000e+00 0.000000000000000000e+00 1.000000000000000000e+01 1.250000000000000000e+00
7.521504300860172576e-02 8.000000000000000000e+00 0.000000000000000000e+00 1.000000000000000000e+01 1.250000000000000000e+00
7.541508301660332370e-02 8.000000000000000000e+00 0.000000000000000000e+00 1.000000000000000000e+01 1.250000000000000000e+00
7.561512302460492163e-02 8.000000000000000000e+00 0.000000000000000000e+00 1.000000000000000000e+01 1.250000000000000000e+00
7.581516303260651957e-02 8.000000000000000000e+00 0.000000000000000000e+00 1.000000000000000000e+01 1.250000000000000000e+00
7.601520304060811750e-02 8.000000000000000000e+00 0.000000000000000000e+00 1.000000000000000000e+01 1.250000000000000000e+00
7.621524304860971544e-02 8.000000000000000000e+00 0.000000000000000000e+00 1.000000000000000000e+01 1.250000000000000000e+00
7.641528305661132725e-02 8.000000000000000000e+00 0.000000000000000000e+00 1.000000000000000000e+01 1.250000000000000000e+00
7.661532306461292519e-02 8.000000000000000000e+00 0.000000000000000000e+00 1.000000000000000000e+01 1.250000000000000000e+00
7.681536307261452312e-02 8.000000000000000000e+00 0.000000000000000000e+00 1.000000000000000000e+01 1.250000000000000000e+00
7.701540308061612106e-02 8.000000000000000000e+00 0.000000000000000000e+00 1.000000000000000000e+01 1.250000000000000000e+00
7.721544308861771899e-02 8.000000000000000000e+00 0.000000000000000000e+00 1.000000000000000000e+01 1.250000000000000000e+00
7.741548309661933081e-02 8.000000000000000000e+00 0.000000000000000000e+00 1.000000000000000000e+01 1.250000000000000000e+00
7.761552310462092874e-02 8.000000000000000000e+00 0.000000000000000000e+00 1.000000000000000000e+01 1.250000000000000000e+00
7.781556311262252668e-02 8.000000000000000000e+00 0.000000000000000000e+00 1.000000000000000000e+01 1.250000000000000000e+00
7.801560312062412461e-02 8.000000000000000000e+00 0.000000000000000000e+00 1.000000000000000000e+01 1.250000000000000000e+00
7.821564312862572255e-02 8.000000000000000000e+00 0.000000000000000000e+00 1.000000000000000000e+01 1.250000000000000000e+00
7.841568313662732048e-02 8.000000000000000000e+00 0.000000000000000000e+00 1.000000000000000000e+01 1.250000000000000000e+00
7.861572314462893230e-02 8.000000000000000000e+00 0.000000000000000000e+00 1.000000000000000000e+01 1.250000000000000000e+00
7.881576315263053023e-02 8.000000000000000000e+00 0.000000000000000000e+00 1.000000000000000000e+01 1.250000000000000000e+00
7.901580316063212817e-02 8.000000000000000000e+00 0.000000000000000000e+00 1.000000000000000000e+01 1.250000000000000000e+00
7.921584316863372610e-02 8.000000000000000000e+00 0.000000000000000000e+00 1.000000000000000000e+01 1.250000000000000000e+00
7.941588317663532404e-02 8.000000000000000000e+00 0.000000000000000000e+00 1.000000000000000000e+01 1.250000000000000000e+00
7.961592318463692197e-02 8.000000000000000000e+00 0.000000000000000000e+00 1.000000000000000000e+01 1.250000000000000000e+00
7.981596319263853379e-02 8.000000000000000000e+00 0.000000000000000000e+00 1.000000000000000000e+01 1.250000000000000000e+00
8.001600320064013172e-02 8.000000000000000000e+00 0.000000000000000000e+00 1.000000000000000000e+01 1.250000000000000000e+00
8.021604320864172966e-02 8.000000000000000000e+00 0.000000000000000000e+00 1.000000000000000000e+01 1.250000000000000000e+00
8.041608321664332759e-02 8.000000000000000000e+00 0.000000000000000000e+00 1.000000000000000000e+01 1.250000000000000000e+00
8.061612322464492553e-02 8.000000000000000000e+00 0.000000000000000000e+00 1.000000000000000000e+01 1.250000000000000000e+00
8.081616323264652346e-02 8.000000000000000000e+00 0.000000000000000000e+00 1.000000000000000000e+01 1.250000000000000000e+00
8.101620324064813528e-02 8.000000000000000000e+00 0.000000000000000000e+00 1.000000000000000000e+01 1.250000000000000000e+00
8.121624324864973321e-02 8.000000000000000000e+00 0.000000000000000000e+00 1.000000000000000000e+01 1.250000000000000000e+00
8.141628325665133115e-02 8.000000000000000000e+00 0.000000000000000000e+00 1.000000000000000000e+01 1.250000000000000000e+00
8.161632326465292908e-02 8.000000000000000000e+00 0.000000000000000000e+00 1.000000000000000000e+01 1.250000000000000000e+00
8.181636327265452702e-02 8.000000000000000000e+00 0.000000000000000000e+00 1.000000000000000000e+01 1.250000000000000000e+00
8.201640328065612495e-02 8.000000000000000000e+00 0.000000000000000000e+00 1.000000000000000000e+01 1.250000000000000000e+00
8.221644328865773677e-02 8.000000000000000000e+00 0.000000000000000000e+00 1.000000000000000000e+01 1.250000000000000000e+00
8.241648329665933470e-02 8.000000000000000000e+00 0.000000000000000000e+00 1.000000000000000000e+01 1.250000000000000000e+00
8.261652330466093264e-02 8.000000000000000000e+00 0.000000000000000000e+00 1.000000000000000000e+01 1.250000000000000000e+00
8.281656331266253057e-02 8.000000000000000000e+00 0.000000000000000000e+00 1.000000000000000000e+01 1.250000000000000000e+00
8.301660332066412851e-02 8.000000000000000000e+00 0.000000000000000000e+00 1.000000000000000000e+01 1.250000000000000000e+00
8.321664332866574032e-02 8.000000000000000000e+00 0.000000000000000000e+00 1.000000000000000000e+01 1.250000000000000000e+00
8.341668333666733826e-02 8.000000000000000000e+00 0.000000000000000000e+00 1.000000000000000000e+01 1.250000000000000000e+00
8.361672334466893619e-02 8.000000000000000000e+00 0.000000000000000000e+00 1.000000000000000000e+01 1.250000000000000000e+00
8.381676335267053413e-02 8.000000000000000000e+00 0.000000000000000000e+00 1.000000000000000000e+01 1.250000000000000000e+00
8.401680336067213206e-02 8.000000000000000000e+00 0.000000000000000000e+00 1.000000000000000000e+01 1.250000000000000000e+00
8.421684336867373000e-02 8.000000000000000000e+00 0.000000000000000000e+00 1.000000000000000000e+01 1.250000000000000000e+00
8.441688337667534181e-02 8.000000000000000000e+00 0.000000000000000000e+00 1.000000000000000000e+01 1.250000000000000000e+00
8.461692338467693975e-02 8.000000000000000000e+00 0.000000000000000000e+00 1.000000000000000000e+01 1.250000000000000000e+00
8.481696339267853768e-02 8.000000000000000000e+00 0.000000000000000000e+00 1.000000000000000000e+01 1.250000000000000000e+00
8.501700340068013562e-02 8.000000000000000000e+00 0.000000000000000000e+00 1.000000000000000000e+01 1.250000000000000000e+00
8.521704340868173355e-02 8.000000000000000000e+00 0.000000000000000000e+00 1.000000000000000000e+01 1.250000000000000000e+00
8.541708341668333149e-02 8.000000000000000000e+00 0.000000000000000000e+00 1.000000000000000000e+01 1.250000000000000000e+00
8.561712342468494330e-02 8.000000000000000000e+00 0.000000000000000000e+00 1.000000000000000000e+01 1.250000000000000000e+00
8.581716343268654124e-02 8.000000000000000000e+00 0.000000000000000000e+00 1.000000000000000000e+01 1.250000000000000000e+00
8.601720344068813917e-02 8.000000000000000000e+00 0.000000000000000000e+00 1.000000000000000000e+01 1.250000000000000000e+00
8.621724344868973711e-02 8.000000000000000000e+00 0.000000000000000000e+00 1.000000000000000000e+01 1.250000000000000000e+00
8.641728345669133504e-02 8.000000000000000000e+00 0.000000000000000000e+00 1.000000000000000000e+01 1.250000000000000000e+00
8.661732346469293298e-02 8.000000000000000000e+00 0.000000000000000000e+00 1.000000000000000000e+01 1.250000000000000000e+00
8.681736347269454479e-02 8.000000000000000000e+00 0.000000000000000000e+00 1.000000000000000000e+01 1.250000000000000000e+00
8.701740348069614273e-02 8.000000000000000000e+00 0.000000000000000000e+00 1.000000000000000000e+01 1.250000000000000000e+00
8.721744348869774066e-02 8.000000000000000000e+00 0.000000000000000000e+00 1.000000000000000000e+01 1.250000000000000000e+00
8.741748349669933860e-02 8.000000000000000000e+00 0.000000000000000000e+00 1.000000000000000000e+01 1.250000000000000000e+00
8.761752350470093653e-02 8.000000000000000000e+00 0.000000000000000000e+00 1.000000000000000000e+01 1.250000000000000000e+00
8.781756351270253447e-02 8.000000000000000000e+00 0.000000000000000000e+00 1.000000000000000000e+01 1.250000000000000000e+00
8.801760352070414628e-02 8.000000000000000000e+00 0.000000000000000000e+00 1.000000000000000000e+01 1.250000000000000000e+00
8.821764352870574422e-02 8.000000000000000000e+00 0.000000000000000000e+00 1.000000000000000000e+01 1.250000000000000000e+00
8.841768353670734215e-02 8.000000000000000000e+00 0.000000000000000000e+00 1.000000000000000000e+01 1.250000000000000000e+00
8.861772354470894009e-02 8.000000000000000000e+00 0.000000000000000000e+00 1.000000000000000000e+01 1.250000000000000000e+00
8.881776355271053802e-02 8.000000000000000000e+00 0.000000000000000000e+00 1.000000000000000000e+01 1.250000000000000000e+00
8.901780356071213596e-02 8.000000000000000000e+00 0.000000000000000000e+00 1.000000000000000000e+01 1.250000000000000000e+00
8.921784356871374777e-02 8.000000000000000000e+00 0.000000000000000000e+00 1.000000000000000000e+01 1.250000000000000000e+00
8.941788357671534571e-02 8.000000000000000000e+00 0.000000000000000000e+00 1.000000000000000000e+01 1.250000000000000000e+00
8.961792358471694364e-02 8.000000000000000000e+00 0.000000000000000000e+00 1.000000000000000000e+01 1.250000000000000000e+00
8.981796359271854158e-02 8.000000000000000000e+00 0.000000000000000000e+00 1.000000000000000000e+01 1.250000000000000000e+00
9.001800360072013951e-02 8.000000000000000000e+00 0.000000000000000000e+00 1.000000000000000000e+01 1.250000000000000000e+00
9.021804360872175133e-02 8.000000000000000000e+00 0.000000000000000000e+00 1.000000000000000000e+01 1.250000000000000000e+00
9.041808361672334926e-02 8.000000000000000000e+00 0.000000000000000000e+00 1.000000000000000000e+01 1.250000000000000000e+00
9.061812362472494720e-02 8.000000000000000000e+00 0.000000000000000000e+00 1.000000000000000000e+01 1.250000000000000000e+00
9.081816363272654513e-02 8.000000000000000000e+00 0.000000000000000000e+00 1.000000000000000000e+01 1.250000000000000000e+00
9.101820364072814307e-02 8.000000000000000000e+00 0.000000000000000000e+00 1.000000000000000000e+01 1.250000000000000000e+00
9.121824364872974100e-02 8.000000000000000000e+00 0.000000000000000000e+00 1.000000000000000000e+01 1.250000000000000000e+00
9.141828365673135282e-02 8.000000000000000000e+00 0.000000000000000000e+00 1.000000000000000000e+01 1.250000000000000000e+00
9.161832366473295075e-02 8.000000000000000000e+00 0.000000000000000000e+00 1.000000000000000000e+01 1.250000000000000000e+00
9.181836367273454869e-02 8.000000000000000000e+00 0.000000000000000000e+00 1.000000000000000000e+01 1.250000000000000000e+00
9.201840368073614662e-02 8.000000000000000000e+00 0.000000000000000000e+00 1.000000000000000000e+01 1.250000000000000000e+00
9.221844368873774456e-02 8.000000000000000000e+00 0.000000000000000000e+00 1.000000000000000000e+01 1.250000000000000000e+00
9.241848369673934249e-02 8.000000000000000000e+00 0.000000000000000000e+00 1.000000000000000000e+01 1.250000000000000000e+00
9.261852370474095431e-02 8.000000000000000000e+00 0.000000000000000000e+00 1.000000000000000000e+01 1.250000000000000000e+00
9.281856371274255224e-02 8.000000000000000000e+00 0.000000000000000000e+00 1.000000000000000000e+01 1.250000000000000000e+00
9.301860372074415018e-02 8.000000000000000000e+00 0.000000000000000000e+00 1.000000000000000000e+01 1.250000000000000000e+00
9.321864372874574811e-02 8.000000000000000000e+00 0.000000000000000000e+00 1.000000000000000000e+01 1.250000000000000000e+00
9.341868373674734605e-02 8.000000000000000000e+00 0.000000000000000000e+00 1.000000000000000000e+01 1.250000000000000000e+00
9.361872374474894398e-02 8.000000000000000000e+00 0.000000000000000000e+00 1.000000000000000000e+01 1.250000000000000000e+00
9.381876375275055580e-02 8.000000000000000000e+00 0.000000000000000000e+00 1.000000000000000000e+01 1.250000000000000000e+00
9.401880376075215373e-02 8.000000000000000000e+00 0.000000000000000000e+00 1.000000000000000000e+01 1.250000000000000000e+00
9.421884376875375167e-02 8.000000000000000000e+00 0.000000000000000000e+00 1.000000000000000000e+01 1.250000000000000000e+00
9.441888377675534960e-02 8.000000000000000000e+00 0.000000000000000000e+00 1.000000000000000000e+01 1.250000000000000000e+00
9.461892378475694754e-02 8.000000000000000000e+00 0.000000000000000000e+00 1.000000000000000000e+01 1.250000000000000000e+00
9.481896379275854547e-02 8.000000000000000000e+00 0.000000000000000000e+00 1.000000000000000000e+01 1.250000000000000000e+00
9.501900380076015729e-02 8.000000000000000000e+00 0.000000000000000000e+00 1.000000000000000000e+01 1.250000000000000000e+00
9.521904380876175522e-02 8.000000000000000000e+00 0.000000000000000000e+00 1.000000000000000000e+01 1.250000000000000000e+00
9.541908381676335316e-02 8.000000000000000000e+00 0.000000000000000000e+00 1.000000000000000000e+01 1.250000000000000000e+00
9.561912382476495109e-02 8.000000000000000000e+00 0.000000000000000000e+00 1.000000000000000000e+01 1.250000000000000000e+00
9.581916383276654903e-02 8.000000000000000000e+00 0.000000000000000000e+00 1.000000000000000000e+01 1.250000000000000000e+00
9.601920384076814696e-02 8.000000000000000000e+00 0.000000000000000000e+00 1.000000000000000000e+01 1.250000000000000000e+00
9.621924384876975878e-02 8.000000000000000000e+00 0.000000000000000000e+00 1.000000000000000000e+01 1.250000000000000000e+00
9.641928385677135671e-02 8.000000000000000000e+00 0.000000000000000000e+00 1.000000000000000000e+01 1.250000000000000000e+00
9.661932386477295465e-02 8.000000000000000000e+00 0.000000000000000000e+00 1.000000000000000000e+01 1.250000000000000000e+00
9.681936387277455258e-02 8.000000000000000000e+00 0.000000000000000000e+00 1.000000000000000000e+01 1.250000000000000000e+00
9.701940388077615052e-02 8.000000000000000000e+00 0.000000000000000000e+00 1.000000000000000000e+01 1.250000000000000000e+00
9.721944388877776233e-02 8.000000000000000000e+00 0.000000000000000000e+00 1.000000000000000000e+01 1.250000000000000000e+00
9.741948389677936027e-02 8.000000000000000000e+00 0.000000000000000000e+00 1.000000000000000000e+01 1.250000000000000000e+00
9.761952390478095820e-02 8.000000000000000000e+00 0.000000000000000000e+00 1.000000000000000000e+01 1.250000000000000000e+00
9.781956391278255614e-02 8.000000000000000000e+00 0.000000000000000000e+00 1.000000000000000000e+01 1.250000000000000000e+00
9.801960392078415407e-02 8.000000000000000000e+00 0.000000000000000000e+00 1.000000000000000000e+01 1.250000000000000000e+00
9.821964392878575201e-02 8.000000000000000000e+00 0.000000000000000000e+00 1.000000000000000000e+01 1.250000000000000000e+00
9.841968393678736382e-02 8.000000000000000000e+00 0.000000000000000000e+00 1.000000000000000000e+01 1.250000000000000000e+00
9.861972394478896176e-02 8.000000000000000000e+00 0.000000000000000000e+00 1.000000000000000000e+01 1.250000000000000000e+00
9.881976395279055969e-02 8.000000000000000000e+00 0.000000000000000000e+00 1.000000000000000000e+01 1.250000000000000000e+00
9.901980396079215763e-02 8.000000000000000000e+00 0.000000000000000000e+00 1.000000000000000000e+01 1.250000000000000000e+00
9.921984396879375556e-02 8.000000000000000000e+00 0.000000000000000000e+00 1.000000000000000000e+01 1.250000000000000000e+00
9.941988397679535350e-02 8.000000000000000000e+00 0.000000000000000000e+00 1.000000000000000000e+01 1.250000000000000000e+00
9.961992398479696531e-02 8.000000000000000000e+00 0.000000000000000000e+00 1.000000000000000000e+01 1.250000000000000000e+00
9.981996399279856325e-02 8.000000000000000000e+00 0.000000000000000000e+00 1.000000000000000000e+01 1.250000000000000000e+00
1.000200040008001612e-01 8.000000000000000000e+00 0.000000000000000000e+00 1.000000000000000000e+01 1.250000000000000000e+00
1.002200440088017591e-01 8.000000000000000000e+00 0.000000000000000000e+00 1.000000000000000000e+01 1.250000000000000000e+00
1.004200840168033571e-01 8.000000000000000000e+00 0.000000000000000000e+00 1.000000000000000000e+01 1.250000000000000000e+00
1.006201240248049550e-01 8.000000000000000000e+00 0.000000000000000000e+00 1.000000000000000000e+01 1.250000000000000000e+00
1.008201640328065668e-01 8.000000000000000000e+00 0.000000000000000000e+00 1.000000000000000000e+01 1.250000000000000000e+00
1.010202040408081647e-01 8.000000000000000000e+00 0.000000000000000000e+00 1.000000000000000000e+01 1.250000000000000000e+00
1.012202440488097627e-01 8.000000000000000000e+00 0.000000000000000000e+00 1.000000000000000000e+01 1.250000000000000000e+00
1.014202840568113606e-01 8.000000000000000000e+00 0.000000000000000000e+00 1.000000000000000000e+01 1.250000000000000000e+00
1.016203240648129585e-01 8.000000000000000000e+00 0.000000000000000000e+00 1.000000000000000000e+01 1.250000000000000000e+00
1.018203640728145565e-01 8.000000000000000000e+00 0.000000000000000000e+00 1.000000000000000000e+01 1.250000000000000000e+00
1.020204040808161683e-01 8.000000000000000000e+00 0.000000000000000000e+00 1.000000000000000000e+01 1.250000000000000000e+00
1.022204440888177662e-01 8.000000000000000000e+00 0.000000000000000000e+00 1.000000000000000000e+01 1.250000000000000000e+00
1.024204840968193642e-01 8.000000000000000000e+00 0.000000000000000000e+00 1.000000000000000000e+01 1.250000000000000000e+00
1.026205241048209621e-01 8.000000000000000000e+00 0.000000000000000000e+00 1.000000000000000000e+01 1.250000000000000000e+00
1.028205641128225600e-01 8.000000000000000000e+00 0.000000000000000000e+00 1.000000000000000000e+01 1.250000000000000000e+00
1.030206041208241718e-01 8.000000000000000000e+00 0.000000000000000000e+00 1.000000000000000000e+01 1.250000000000000000e+00
1.032206441288257698e-01 8.000000000000000000e+00 0.000000000000000000e+00 1.000000000000000000e+01 1.250000000000000000e+00
1.034206841368273677e-01 8.000000000000000000e+00 0.000000000000000000e+00 1.000000000000000000e+01 1.250000000000000000e+00
1.036207241448289657e-01 8.000000000000000000e+00 0.000000000000000000e+00 1.000000000000000000e+01 1.250000000000000000e+00
1.038207641528305636e-01 8.000000000000000000e+00 0.000000000000000000e+00 1.000000000000000000e+01 1.250000000000000000e+00
1.040208041608321615e-01 8.000000000000000000e+00 0.000000000000000000e+00 1.000000000000000000e+01 1.250000000000000000e+00
1.042208441688337733e-01 8.000000000000000000e+00 0.000000000000000000e+00 1.000000000000000000e+01 1.250000000000000000e+00
1.044208841768353713e-01 8.000000000000000000e+00 0.000000000000000000e+00 1.000000000000000000e+01 1.250000000000000000e+00
1.046209241848369692e-01 8.000000000000000000e+00 0.000000000000000000e+00 1.000000000000000000e+01 1.250000000000000000e+00
1.048209641928385671e-01 8.000000000000000000e+00 0.000000000000000000e+00 1.000000000000000000e+01 1.250000000000000000e+00
1.050210042008401651e-01 8.000000000000000000e+00 0.000000000000000000e+00 1.000000000000000000e+01 1.250000000000000000e+00
1.052210442088417630e-01 8.000000000000000000e+00 0.000000000000000000e+00 1.000000000000000000e+01 1.250000000000000000e+00
1.054210842168433748e-01 8.000000000000000000e+00 0.000000000000000000e+00 1.000000000000000000e+01 1.250000000000000000e+00
1.056211242248449728e-01 8.000000000000000000e+00 0.000000000000000000e+00 1.000000000000000000e+01 1.250000000000000000e+00
1.058211642328465707e-01 8.000000000000000000e+00 0.000000000000000000e+00 1.000000000000000000e+01 1.250000000000000000e+00
1.060212042408481686e-01 8.000000000000000000e+00 0.000000000000000000e+00 1.000000000000000000e+01 1.250000000000000000e+00
1.062212442488497666e-01 8.000000000000000000e+00 0.000000000000000000e+00 1.000000000000000000e+01 1.250000000000000000e+00
1.064212842568513645e-01 8.000000000000000000e+00 0.000000000000000000e+00 1.000000000000000000e+01 1.250000000000000000e+00
1.066213242648529763e-01 8.000000000000000000e+00 0.000000000000000000e+00 1.000000000000000000e+01 1.250000000000000000e+00
1.068213642728545743e-01 8.000000000000000000e+00 0.000000000000000000e+00 1.000000000000000000e+01 1.250000000000000000e+00
1.070214042808561722e-01 8.000000000000000000e+00 0.000000000000000000e+00 1.000000000000000000e+01 1.250000000000000000e+00
1.072214442888577701e-01 8.000000000000000000e+00 0.000000000000000000e+00 1.000000000000000000e+01 1.250000000000000000e+00
1.074214842968593681e-01 8.000000000000000000e+00 0.000000000000000000e+00 1.000000000000000000e+01 1.250000000000000000e+00
1.076215243048609660e-01 8.000000000000000000e+00 0.000000000000000000e+00 1.000000000000000000e+01 1.250000000000000000e+00
1.078215643128625778e-01 8.000000000000000000e+00 0.000000000000000000e+00 1.000000000000000000e+01 1.250000000000000000e+00
1.080216043208641757e-01 8.000000000000000000e+00 0.000000000000000000e+00 1.000000000000000000e+01 1.250000000000000000e+00
1.082216443288657737e-01 8.000000000000000000e+00 0.000000000000000000e+00 1.000000000000000000e+01 1.250000000000000000e+00
1.084216843368673716e-01 8.000000000000000000e+00 0.000000000000000000e+00 1.000000000000000000e+01 1.250000000000000000e+00
1.086217243448689695e-01 8.000000000000000000e+00 0.000000000000000000e+00 1.000000000000000000e+01 1.250000000000000000e+00
1.088217643528705814e-01 8.000000000000000000e+00 0.000000000000000000e+00 1.000000000000000000e+01 1.250000000000000000e+00
1.090218043608721793e-01 8.000000000000000000e+00 0.000000000000000000e+00 1.000000000000000000e+01 1.250000000000000000e+00
1.092218443688737772e-01 8.000000000000000000e+00 0.000000000000000000e+00 1.000000000000000000e+01 1.250000000000000000e+00
1.094218843768753752e-01 8.000000000000000000e+00 0.000000000000000000e+00 1.000000000000000000e+01 1.250000000000000000e+00
1.096219243848769731e-01 8.000000000000000000e+00 0.000000000000000000e+00 1.000000000000000000e+01 1.250000000000000000e+00
1.098219643928785710e-01 8.000000000000000000e+00 0.000000000000000000e+00 1.000000000000000000e+01 1.250000000000000000e+00
1.100220044008801829e-01 8.000000000000000000e+00 0.000000000000000000e+00 1.000000000000000000e+01 1.250000000000000000e+00
1.102220444088817808e-01 8.000000000000000000e+00 0.000000000000000000e+00 1.000000000000000000e+01 1.250000000000000000e+00
1.104220844168833787e-01 8.000000000000000000e+00 0.000000000000000000e+00 1.000000000000000000e+01 1.250000000000000000e+00
1.106221244248849767e-01 8.000000000000000000e+00 0.000000000000000000e+00 1.000000000000000000e+01 1.250000000000000000e+00
1.108221644328865746e-01 8.000000000000000000e+00 0.000000000000000000e+00 1.000000000000000000e+01 1.250000000000000000e+00
1.110222044408881725e-01 8.000000000000000000e+00 0.000000000000000000e+00 1.000000000000000000e+01 1.250000000000000000e+00
1.112222444488897843e-01 8.000000000000000000e+00 0.000000000000000000e+00 1.000000000000000000e+01 1.250000000000000000e+00
1.114222844568913823e-01 8.000000000000000000e+00 0.000000000000000000e+00 1.000000000000000000e+01 1.250000000000000000e+00
1.116223244648929802e-01 8.000000000000000000e+00 0.000000000000000000e+00 1.000000000000000000e+01 1.250000000000000000e+00
1.118223644728945781e-01 8.000000000000000000e+00 0.000000000000000000e+00 1.000000000000000000e+01 1.250000000000000000e+00
1.120224044808961761e-01 8.000000000000000000e+00 0.000000000000000000e+00 1.000000000000000000e+01 1.250000000000000000e+00
1.122224444888977740e-01 8.000000000000000000e+00 0.000000000000000000e+00 1.000000000000000000e+01 1.250000000000000000e+00
1.124224844968993858e-01 8.000000000000000000e+00 0.000000000000000000e+00 1.000000000000000000e+01 1.250000000000000000e+00
1.126225245049009838e-01 8.000000000000000000e+00 0.000000000000000000e+00 1.000000000000000000e+01 1.250000000000000000e+00
1.128225645129025817e-01 8.000000000000000000e+00 0.000000000000000000e+00 1.000000000000000000e+01 1.250000000000000000e+00
1.130226045209041796e-01 8.000000000000000000e+00 0.000000000000000000e+00 1.000000000000000000e+01 1.250000000000000000e+00
1.132226445289057776e-01 8.000000000000000000e+00 0.000000000000000000e+00 1.000000000000000000e+01 1.250000000000000000e+00
1.134226845369073755e-01 8.000000000000000000e+00 0.000000000000000000e+00 1.000000000000000000e+01 1.250000000000000000e+00
1.136227245449089873e-01 8.000000000000000000e+00 0.000000000000000000e+00 1.000000000000000000e+01 1.250000000000000000e+00
1.138227645529105853e-01 8.000000000000000000e+00 0.000000000000000000e+00 1.000000000000000000e+01 1.250000000000000000e+00
1.140228045609121832e-01 8.000000000000000000e+00 0.000000000000000000e+00 1.000000000000000000e+01 1.250000000000000000e+00
1.142228445689137811e-01 8.000000000000000000e+00 0.000000000000000000e+00 1.000000000000000000e+01 1.250000000000000000e+00
1.144228845769153791e-01 8.000000000000000000e+00 0.000000000000000000e+00 1.000000000000000000e+01 1.250000000000000000e+00
1.146229245849169770e-01 8.000000000000000000e+00 0.000000000000000000e+00 1.000000000000000000e+01 1.250000000000000000e+00
1.148229645929185888e-01 8.000000000000000000e+00 0.000000000000000000e+00 1.000000000000000000e+01 1.250000000000000000e+00
1.150230046009201867e-01 8.000000000000000000e+00 0.000000000000000000e+00 1.000000000000000000e+01 1.250000000000000000e+00
1.152230446089217847e-01 8.000000000000000000e+00 0.000000000000000000e+00 1.000000000000000000e+01 1.250000000000000000e+00
1.154230846169233826e-01 8.000000000000000000e+00 0.000000000000000000e+00 1.000000000000000000e+01 1.250000000000000000e+00
1.156231246249249806e-01 8.000000000000000000e+00 0.000000000000000000e+00 1.000000000000000000e+01 1.250000000000000000e+00
1.158231646329265924e-01 8.000000000000000000e+00 0.000000000000000000e+00 1.000000000000000000e+01 1.250000000000000000e+00
1.160232046409281903e-01 8.000000000000000000e+00 0.000000000000000000e+00 1.000000000000000000e+01 1.250000000000000000e+00
1.162232446489297882e-01 8.000000000000000000e+00 0.000000000000000000e+00 1.000000000000000000e+01 1.250000000000000000e+00
1.164232846569313862e-01 8.000000000000000000e+00 0.000000000000000000e+00 1.000000000000000000e+01 1.250000000000000000e+00
1.166233246649329841e-01 8.000000000000000000e+00 0.000000000000000000e+00 1.000000000000000000e+01 1.250000000000000000e+00
1.168233646729345820e-01 8.000000000000000000e+00 0.000000000000000000e+00 1.000000000000000000e+01 1.250000000000000000e+00
1.170234046809361939e-01 8.000000000000000000e+00 0.000000000000000000e+00 1.000000000000000000e+01 1.250000000000000000e+00
1.172234446889377918e-01 8.000000000000000000e+00 0.000000000000000000e+00 1.000000000000000000e+01 1.250000000000000000e+00
1.174234846969393897e-01 8.000000000000000000e+00 0.000000000000000000e+00 1.000000000000000000e+01 1.250000000000000000e+00
1.176235247049409877e-01 8.000000000000000000e+00 0.000000000000000000e+00 1.000000000000000000e+01 1.250000000000000000e+00
1.178235647129425856e-01 8.000000000000000000e+00 0.000000000000000000e+00 1.000000000000000000e+01 1.250000000000000000e+00
1.180236047209441835e-01 8.000000000000000000e+00 0.000000000000000000e+00 1.000000000000000000e+01 1.250000000000000000e+00
1.182236447289457953e-01 8.000000000000000000e+00 0.000000000000000000e+00 1.000000000000000000e+01 1.250000000000000000e+00
1.184236847369473933e-01 8.000000000000000000e+00 0.000000000000000000e+00 1.000000000000000000e+01 1.250000000000000000e+00
1.186237247449489912e-01 8.000000000000000000e+00 0.000000000000000000e+00 1.000000000000000000e+01 1.250000000000000000e+00
1.188237647529505892e-01 8.000000000000000000e+00 0.000000000000000000e+00 1.000000000000000000e+01 1.250000000000000000e+00
1.190238047609521871e-01 8.000000000000000000e+00 0.000000000000000000e+00 1.000000000000000000e+01 1.250000000000000000e+00
1.192238447689537850e-01 8.000000000000000000e+00 0.000000000000000000e+00 1.000000000000000000e+01 1.250000000000000000e+00
1.194238847769553968e-01 8.000000000000000000e+00 0.000000000000000000e+00 1.000000000000000000e+01 1.250000000000000000e+00
1.196239247849569948e-01 8.000000000000000000e+00 0.000000000000000000e+00 1.000000000000000000e+01 1.250000000000000000e+00
1.198239647929585927e-01 8.000000000000000000e+00 0.000000000000000000e+00 1.000000000000000000e+01 1.250000000000000000e+00
1.200240048009601906e-01 8.000000000000000000e+00 0.000000000000000000e+00 1.000000000000000000e+01 1.250000000000000000e+00
1.202240448089617886e-01 8.000000000000000000e+00 0.000000000000000000e+00 1.000000000000000000e+01 1.250000000000000000e+00
1.204240848169633865e-01 8.000000000000000000e+00 0.000000000000000000e+00 1.000000000000000000e+01 1.250000000000000000e+00
1.206241248249649983e-01 8.000000000000000000e+00 0.000000000000000000e+00 1.000000000000000000e+01 1.250000000000000000e+00
1.208241648329665963e-01 8.000000000000000000e+00 0.000000000000000000e+00 1.000000000000000000e+01 1.250000000000000000e+00
1.210242048409681942e-01 8.000000000000000000e+00 0.000000000000000000e+00 1.000000000000000000e+01 1.250000000000000000e+00
1.212242448489697921e-01 8.000000000000000000e+00 0.000000000000000000e+00 1.000000000000000000e+01 1.250000000000000000e+00
1.214242848569713901e-01 8.000000000000000000e+00 0.000000000000000000e+00 1.000000000000000000e+01 1.250000000000000000e+00
1.216243248649729880e-01 8.000000000000000000e+00 0.000000000000000000e+00 1.000000000000000000e+01 1.250000000000000000e+00
1.218243648729745998e-01 8.000000000000000000e+00 0.000000000000000000e+00 1.000000000000000000e+01 1.250000000000000000e+00
1.220244048809761978e-01 8.000000000000000000e+00 0.000000000000000000e+00 1.000000000000000000e+01 1.250000000000000000e+00
1.222244448889777957e-01 8.000000000000000000e+00 0.000000000000000000e+00 1.000000000000000000e+01 1.250000000000000000e+00
1.224244848969793936e-01 8.000000000000000000e+00 0.000000000000000000e+00 1.000000000000000000e+01 1.250000000000000000e+00
1.226245249049809916e-01 8.000000000000000000e+00 0.000000000000000000e+00 1.000000000000000000e+01 1.250000000000000000e+00
1.228245649129826034e-01 8.000000000000000000e+00 0.000000000000000000e+00 1.000000000000000000e+01 1.250000000000000000e+00
1.230246049209842013e-01 8.000000000000000000e+00 0.000000000000000000e+00 1.000000000000000000e+01 1.250000000000000000e+00
1.232246449289857992e-01 8.000000000000000000e+00 0.000000000000000000e+00 1.000000000000000000e+01 1.250000000000000000e+00
1.234246849369873972e-01 8.000000000000000000e+00 0.000000000000000000e+00 1.000000000000000000e+01 1.250000000000000000e+00
1.236247249449889951e-01 8.000000000000000000e+00 0.000000000000000000e+00 1.000000000000000000e+01 1.250000000000000000e+00
1.238247649529905930e-01 8.000000000000000000e+00 0.000000000000000000e+00 1.000000000000000000e+01 1.250000000000000000e+00
1.240248049609922049e-01 8.000000000000000000e+00 0.000000000000000000e+00 1.000000000000000000e+01 1.250000000000000000e+00
1.242248449689938028e-01 8.000000000000000000e+00 0.000000000000000000e+00 1.000000000000000000e+01 1.250000000000000000e+00
1.244248849769954007e-01 8.000000000000000000e+00 0.000000000000000000e+00 1.000000000000000000e+01 1.250000000000000000e+00
1.246249249849969987e-01 8.000000000000000000e+00 0.000000000000000000e+00 1.000000000000000000e+01 1.250000000000000000e+00
1.248249649929985966e-01 8.000000000000000000e+00 0.000000000000000000e+00 1.000000000000000000e+01 1.250000000000000000e+00
1.250250050010001945e-01 8.000000000000000000e+00 0.000000000000000000e+00 1.000000000000000000e+01 1.250000000000000000e+00
1.252250450090018064e-01 8.000000000000000000e+00 0.000000000000000000e+00 1.000000000000000000e+01 1.250000000000000000e+00
1.254250850170033904e-01 8.000000000000000000e+00 0.000000000000000000e+00 1.000000000000000000e+01 1.250000000000000000e+00
1.256251250250050022e-01 8.000000000000000000e+00 0.000000000000000000e+00 1.000000000000000000e+01 1.250000000000000000e+00
1.258251650330066140e-01 8.000000000000000000e+00 0.000000000000000000e+00 1.000000000000000000e+01 1.250000000000000000e+00
1.260252050410081981e-01 8.000000000000000000e+00 0.000000000000000000e+00 1.000000000000000000e+01 1.250000000000000000e+00
1.262252450490098099e-01 8.000000000000000000e+00 0.000000000000000000e+00 1.000000000000000000e+01 1.250000000000000000e+00
1.264252850570113940e-01 8.000000000000000000e+00 0.000000000000000000e+00 1.000000000000000000e+01 1.250000000000000000e+00
1.266253250650130058e-01 8.000000000000000000e+00 0.000000000000000000e+00 1.000000000000000000e+01 1.250000000000000000e+00
1.268253650730145898e-01 8.000000000000000000e+00 0.000000000000000000e+00 1.000000000000000000e+01 1.250000000000000000e+00
1.270254050810162016e-01 8.000000000000000000e+00 0.000000000000000000e+00 1.000000000000000000e+01 1.250000000000000000e+00
1.272254450890178135e-01 8.000000000000000000e+00 0.000000000000000000e+00 1.000000000000000000e+01 1.250000000000000000e+00
1.274254850970193975e-01 8.000000000000000000e+00 0.000000000000000000e+00 1.000000000000000000e+01 1.250000000000000000e+00
1.276255251050210093e-01 8.000000000000000000e+00 0.000000000000000000e+00 1.000000000000000000e+01 1.250000000000000000e+00
1.278255651130225934e-01 8.000000000000000000e+00 0.000000000000000000e+00 1.000000000000000000e+01 1.250000000000000000e+00
1.280256051210242052e-01 8.000000000000000000e+00 0.000000000000000000e+00 1.000000000000000000e+01 1.250000000000000000e+00
1.282256451290258170e-01 8.000000000000000000e+00 0.000000000000000000e+00 1.000000000000000000e+01 1.250000000000000000e+00
1.284256851370274011e-01 8.000000000000000000e+00 0.000000000000000000e+00 1.000000000000000000e+01 1.250000000000000000e+00
1.286257251450290129e-01 8.000000000000000000e+00 0.000000000000000000e+00 1.000000000000000000e+01 1.250000000000000000e+00
1.288257651530305969e-01 8.000000000000000000e+00 0.000000000000000000e+00 1.000000000000000000e+01 1.250000000000000000e+00
1.290258051610322088e-01 8.000000000000000000e+00 0.000000000000000000e+00 1.000000000000000000e+01 1.250000000000000000e+00
1.292258451690338206e-01 8.000000000000000000e+00 0.000000000000000000e+00 1.000000000000000000e+01 1.250000000000000000e+00
1.294258851770354046e-01 8.000000000000000000e+00 0.000000000000000000e+00 1.000000000000000000e+01 1.250000000000000000e+00
1.296259251850370164e-01 8.000000000000000000e+00 0.000000000000000000e+00 1.000000000000000000e+01 1.250000000000000000e+00
1.298259651930386005e-01 8.000000000000000000e+00 0.000000000000000000e+00 1.000000000000000000e+01 1.250000000000000000e+00
1.300260052010402123e-01 8.000000000000000000e+00 0.000000000000000000e+00 1.000000000000000000e+01 1.250000000000000000e+00
1.302260452090417964e-01 8.000000000000000000e+00 0.000000000000000000e+00 1.000000000000000000e+01 1.250000000000000000e+00
1.304260852170434082e-01 8.000000000000000000e+00 0.000000000000000000e+00 1.000000000000000000e+01 1.250000000000000000e+00
1.306261252250450200e-01 8.000000000000000000e+00 0.000000000000000000e+00 1.000000000000000000e+01 1.250000000000000000e+00
1.308261652330466041e-01 8.000000000000000000e+00 0.000000000000000000e+00 1.000000000000000000e+01 1.250000000000000000e+00
1.310262052410482159e-01 8.000000000000000000e+00 0.000000000000000000e+00 1.000000000000000000e+01 1.250000000000000000e+00
1.312262452490497999e-01 8.000000000000000000e+00 0.000000000000000000e+00 1.000000000000000000e+01 1.250000000000000000e+00
1.314262852570514117e-01 8.000000000000000000e+00 0.000000000000000000e+00 1.000000000000000000e+01 1.250000000000000000e+00
1.316263252650530235e-01 8.000000000000000000e+00 0.000000000000000000e+00 1.000000000000000000e+01 1.250000000000000000e+00
1.318263652730546076e-01 8.000000000000000000e+00 0.000000000000000000e+00 1.000000000000000000e+01 1.250000000000000000e+00
1.320264052810562194e-01 8.000000000000000000e+00 0.000000000000000000e+00 1.000000000000000000e+01 1.250000000000000000e+00
1.322264452890578035e-01 8.000000000000000000e+00 0.000000000000000000e+00 1.000000000000000000e+01 1.250000000000000000e+00
1.324264852970594153e-01 8.000000000000000000e+00 0.000000000000000000e+00 1.000000000000000000e+01 1.250000000000000000e+00
1.326265253050609993e-01 8.000000000000000000e+00 0.000000000000000000e+00 1.000000000000000000e+01 1.250000000000000000e+00
1.328265653130626112e-01 8.000000000000000000e+00 0.000000000000000000e+00 1.000000000000000000e+01 1.250000000000000000e+00
1.330266053210642230e-01 8.000000000000000000e+00 0.000000000000000000e+00 1.000000000000000000e+01 1.250000000000000000e+00
1.332266453290658070e-01 8.000000000000000000e+00 0.000000000000000000e+00 1.000000000000000000e+01 1.250000000000000000e+00
1.334266853370674188e-01 8.000000000000000000e+00 0.000000000000000000e+00 1.000000000000000000e+01 1.250000000000000000e+00
1.336267253450690029e-01 8.000000000000000000e+00 0.000000000000000000e+00 1.000000000000000000e+01 1.250000000000000000e+00
1.338267653530706147e-01 8.000000000000000000e+00 0.000000000000000000e+00 1.000000000000000000e+01 1.250000000000000000e+00
1.340268053610722265e-01 8.000000000000000000e+00 0.000000000000000000e+00 1.000000000000000000e+01 1.250000000000000000e+00
1.342268453690738106e-01 8.000000000000000000e+00 0.000000000000000000e+00 1.000000000000000000e+01 1.250000000000000000e+00
1.344268853770754224e-01 8.000000000000000000e+00 0.000000000000000000e+00 1.000000000000000000e+01 1.250000000000000000e+00
1.346269253850770065e-01 8.000000000000000000e+00 0.000000000000000000e+00 1.000000000000000000e+01 1.250000000000000000e+00
1.348269653930786183e-01 8.000000000000000000e+00 0.000000000000000000e+00 1.000000000000000000e+01 1.250000000000000000e+00
1.350270054010802301e-01 8.000000000000000000e+00 0.000000000000000000e+00 1.000000000000000000e+01 1.250000000000000000e+00
1.352270454090818141e-01 8.000000000000000000e+00 0.000000000000000000e+00 1.000000000000000000e+01 1.250000000000000000e+00
1.354270854170834260e-01 8.000000000000000000e+00 0.000000000000000000e+00 1.000000000000000000e+01 1.250000000000000000e+00
1.356271254250850100e-01 8.000000000000000000e+00 0.000000000000000000e+00 1.000000000000000000e+01 1.250000000000000000e+00
1.358271654330866218e-01 8.000000000000000000e+00 0.000000000000000000e+00 1.000000000000000000e+01 1.250000000000000000e+00
1.360272054410882059e-01 8.000000000000000000e+00 0.000000000000000000e+00 1.000000000000000000e+01 1.250000000000000000e+00
1.362272454490898177e-01 8.000000000000000000e+00 0.000000000000000000e+00 1.000000000000000000e+01 1.250000000000000000e+00
1.364272854570914295e-01 8.000000000000000000e+00 0.000000000000000000e+00 1.000000000000000000e+01 1.250000000000000000e+00
1.366273254650930136e-01 8.000000000000000000e+00 0.000000000000000000e+00 1.000000000000000000e+01 1.250000000000000000e+00
1.368273654730946254e-01 8.000000000000000000e+00 0.000000000000000000e+00 1.000000000000000000e+01 1.250000000000000000e+00
1.370274054810962094e-01 8.000000000000000000e+00 0.000000000000000000e+00 1.000000000000000000e+01 1.250000000000000000e+00
1.372274454890978213e-01 8.000000000000000000e+00 0.000000000000000000e+00 1.000000000000000000e+01 1.250000000000000000e+00
1.374274854970994331e-01 8.000000000000000000e+00 0.000000000000000000e+00 1.000000000000000000e+01 1.250000000000000000e+00
1.376275255051010171e-01 8.000000000000000000e+00 0.000000000000000000e+00 1.000000000000000000e+01 1.250000000000000000e+00
1.378275655131026289e-01 8.000000000000000000e+00 0.000000000000000000e+00 1.000000000000000000e+01 1.250000000000000000e+00
1.380276055211042130e-01 8.000000000000000000e+00 0.000000000000000000e+00 1.000000000000000000e+01 1.250000000000000000e+00
1.382276455291058248e-01 8.000000000000000000e+00 0.000000000000000000e+00 1.000000000000000000e+01 1.250000000000000000e+00
1.384276855371074089e-01 8.000000000000000000e+00 0.000000000000000000e+00 1.000000000000000000e+01 1.250000000000000000e+00
1.386277255451090207e-01 8.000000000000000000e+00 0.000000000000000000e+00 1.000000000000000000e+01 1.250000000000000000e+00
1.388277655531106325e-01 8.000000000000000000e+00 0.000000000000000000e+00 1.000000000000000000e+01 1.250000000000000000e+00
1.390278055611122165e-01 8.000000000000000000e+00 0.000000000000000000e+00 1.000000000000000000e+01 1.250000000000000000e+00
1.392278455691138284e-01 8.000000000000000000e+00 0.000000000000000000e+00 1.000000000000000000e+01 1.250000000000000000e+00
1.394278855771154124e-01 8.000000000000000000e+00 0.000000000000000000e+00 1.000000000000000000e+01 1.250000000000000000e+00
1.396279255851170242e-01 8.000000000000000000e+00 0.000000000000000000e+00 1.000000000000000000e+01 1.250000000000000000e+00
1.398279655931186360e-01 8.000000000000000000e+00 0.000000000000000000e+00 1.000000000000000000e+01 1.250000000000000000e+00
1.400280056011202201e-01 8.000000000000000000e+00 0.000000000000000000e+00 1.000000000000000000e+01 1.250000000000000000e+00
1.402280456091218319e-01 8.000000000000000000e+00 0.000000000000000000e+00 1.000000000000000000e+01 1.250000000000000000e+00
1.404280856171234160e-01 8.000000000000000000e+00 0.000000000000000000e+00 1.000000000000000000e+01 1.250000000000000000e+00
1.406281256251250278e-01 8.000000000000000000e+00 0.000000000000000000e+00 1.000000000000000000e+01 1.250000000000000000e+00
1.408281656331266118e-01 8.000000000000000000e+00 0.000000000000000000e+00 1.000000000000000000e+01 1.250000000000000000e+00
1.410282056411282237e-01 8.000000000000000000e+00 0.000000000000000000e+00 1.000000000000000000e+01 1.250000000000000000e+00
1.412282456491298355e-01 8.000000000000000000e+00 0.000000000000000000e+00 1.000000000000000000e+01 1.250000000000000000e+00
1.414282856571314195e-01 8.000000000000000000e+00 0.000000000000000000e+00 1.000000000000000000e+01 1.250000000000000000e+00
1.416283256651330313e-01 8.000000000000000000e+00 0.000000000000000000e+00 1.000000000000000000e+01 1.250000000000000000e+00
1.418283656731346154e-01 8.000000000000000000e+00 0.000000000000000000e+00 1.000000000000000000e+01 1.250000000000000000e+00
1.420284056811362272e-01 8.000000000000000000e+00 0.000000000000000000e+00 1.000000000000000000e+01 1.250000000000000000e+00
1.422284456891378390e-01 8.000000000000000000e+00 0.000000000000000000e+00 1.000000000000000000e+01 1.250000000000000000e+00
1.424284856971394231e-01 8.000000000000000000e+00 0.000000000000000000e+00 1.000000000000000000e+01 1.250000000000000000e+00
1.426285257051410349e-01 8.000000000000000000e+00 0.000000000000000000e+00 1.000000000000000000e+01 1.250000000000000000e+00
1.428285657131426190e-01 8.000000000000000000e+00 0.000000000000000000e+00 1.000000000000000000e+01 1.250000000000000000e+00
1.430286057211442308e-01 8.000000000000000000e+00 0.000000000000000000e+00 1.000000000000000000e+01 1.250000000000000000e+00
1.432286457291458426e-01 8.000000000000000000e+00 0.000000000000000000e+00 1.000000000000000000e+01 1.250000000000000000e+00
1.434286857371474266e-01 8.000000000000000000e+00 0.000000000000000000e+00 1.000000000000000000e+01 1.250000000000000000e+00
1.436287257451490385e-01 8.000000000000000000e+00 0.000000000000000000e+00 1.000000000000000000e+01 1.250000000000000000e+00
1.438287657531506225e-01 8.000000000000000000e+00 0.000000000000000000e+00 1.000000000000000000e+01 1.250000000000000000e+00
1.440288057611522343e-01 8.000000000000000000e+00 0.000000000000000000e+00 1.000000000000000000e+01 1.250000000000000000e+00
1.442288457691538184e-01 8.000000000000000000e+00 0.000000000000000000e+00 1.000000000000000000e+01 1.250000000000000000e+00
1.444288857771554302e-01 8.000000000000000000e+00 0.000000000000000000e+00 1.000000000000000000e+01 1.250000000000000000e+00
1.446289257851570420e-01 8.000000000000000000e+00 0.000000000000000000e+00 1.000000000000000000e+01 1.250000000000000000e+00
1.448289657931586261e-01 8.000000000000000000e+00 0.000000000000000000e+00 1.000000000000000000e+01 1.250000000000000000e+00
1.450290058011602379e-01 8.000000000000000000e+00 0.000000000000000000e+00 1.000000000000000000e+01 1.250000000000000000e+00
1.452290458091618219e-01 8.000000000000000000e+00 0.000000000000000000e+00 1.000000000000000000e+01 1.250000000000000000e+00
1.454290858171634337e-01 8.000000000000000000e+00 0.000000000000000000e+00 1.000000000000000000e+01 1.250000000000000000e+00
1.456291258251650456e-01 8.000000000000000000e+00 0.000000000000000000e+00 1.000000000000000000e+01 1.250000000000000000e+00
1.458291658331666296e-01 8.000000000000000000e+00 0.000000000000000000e+00 1.000000000000000000e+01 1.250000000000000000e+00
1.460292058411682414e-01 8.000000000000000000e+00 0.000000000000000000e+00 1.000000000000000000e+01 1.250000000000000000e+00
1.462292458491698255e-01 8.000000000000000000e+00 0.000000000000000000e+00 1.000000000000000000e+01 1.250000000000000000e+00
1.464292858571714373e-01 8.000000000000000000e+00 0.000000000000000000e+00 1.000000000000000000e+01 1.250000000000000000e+00
1.466293258651730214e-01 8.000000000000000000e+00 0.000000000000000000e+00 1.000000000000000000e+01 1.250000000000000000e+00
1.468293658731746332e-01 8.000000000000000000e+00 0.000000000000000000e+00 1.000000000000000000e+01 1.250000000000000000e+00
1.470294058811762450e-01 8.000000000000000000e+00 0.000000000000000000e+00 1.000000000000000000e+01 1.250000000000000000e+00
1.472294458891778290e-01 8.000000000000000000e+00 0.000000000000000000e+00 1.000000000000000000e+01 1.250000000000000000e+00
1.474294858971794409e-01 8.000000000000000000e+00 0.000000000000000000e+00 1.000000000000000000e+01 1.250000000000000000e+00
1.476295259051810249e-01 8.000000000000000000e+00 0.000000000000000000e+00 1.000000000000000000e+01 1.250000000000000000e+00
1.478295659131826367e-01 8.000000000000000000e+00 0.000000000000000000e+00 1.000000000000000000e+01 1.250000000000000000e+00
1.480296059211842485e-01 8.000000000000000000e+00 0.000000000000000000e+00 1.000000000000000000e+01 1.250000000000000000e+00
1.482296459291858326e-01 8.000000000000000000e+00 0.000000000000000000e+00 1.000000000000000000e+01 1.250000000000000000e+00
1.484296859371874444e-01 8.000000000000000000e+00 0.000000000000000000e+00 1.000000000000000000e+01 1.250000000000000000e+00
1.486297259451890285e-01 8.000000000000000000e+00 0.000000000000000000e+00 1.000000000000000000e+01 1.250000000000000000e+00
1.488297659531906403e-01 8.000000000000000000e+00 0.000000000000000000e+00 1.000000000000000000e+01 1.250000000000000000e+00
1.490298059611922521e-01 8.000000000000000000e+00 0.000000000000000000e+00 1.000000000000000000e+01 1.250000000000000000e+00
1.492298459691938362e-01 8.000000000000000000e+00 0.000000000000000000e+00 1.000000000000000000e+01 1.250000000000000000e+00
1.494298859771954480e-01 8.000000000000000000e+00 0.000000000000000000e+00 1.000000000000000000e+01 1.250000000000000000e+00
1.496299259851970320e-01 8.000000000000000000e+00 0.000000000000000000e+00 1.000000000000000000e+01 1.250000000000000000e+00
1.498299659931986438e-01 8.000000000000000000e+00 0.000000000000000000e+00 1.000000000000000000e+01 1.250000000000000000e+00
1.500300060012002279e-01 8.000000000000000000e+00 0.000000000000000000e+00 1.000000000000000000e+01 1.250000000000000000e+00
1.502300460092018397e-01 8.000000000000000000e+00 0.000000000000000000e+00 1.000000000000000000e+01 1.250000000000000000e+00
1.504300860172034515e-01 8.000000000000000000e+00 0.000000000000000000e+00 1.000000000000000000e+01 1.250000000000000000e+00
1.506301260252050356e-01 8.000000000000000000e+00 0.000000000000000000e+00 1.000000000000000000e+01 1.250000000000000000e+00
1.508301660332066474e-01 8.000000000000000000e+00 0.000000000000000000e+00 1.000000000000000000e+01 1.250000000000000000e+00
1.510302060412082314e-01 8.000000000000000000e+00 0.000000000000000000e+00 1.000000000000000000e+01 1.250000000000000000e+00
1.512302460492098433e-01 8.000000000000000000e+00 0.000000000000000000e+00 1.000000000000000000e+01 1.250000000000000000e+00
1.514302860572114551e-01 8.000000000000000000e+00 0.000000000000000000e+00 1.000000000000000000e+01 1.250000000000000000e+00
1.516303260652130391e-01 8.000000000000000000e+00 0.000000000000000000e+00 1.000000000000000000e+01 1.250000000000000000e+00
1.518303660732146509e-01 8.000000000000000000e+00 0.000000000000000000e+00 1.000000000000000000e+01 1.250000000000000000e+00
1.520304060812162350e-01 8.000000000000000000e+00 0.000000000000000000e+00 1.000000000000000000e+01 1.250000000000000000e+00
1.522304460892178468e-01 8.000000000000000000e+00 0.000000000000000000e+00 1.000000000000000000e+01 1.250000000000000000e+00
1.524304860972194309e-01 8.000000000000000000e+00 0.000000000000000000e+00 1.000000000000000000e+01 1.250000000000000000e+00
1.526305261052210427e-01 8.000000000000000000e+00 0.000000000000000000e+00 1.000000000000000000e+01 1.250000000000000000e+00
1.528305661132226545e-01 8.000000000000000000e+00 0.000000000000000000e+00 1.000000000000000000e+01 1.250000000000000000e+00
1.530306061212242386e-01 8.000000000000000000e+00 0.000000000000000000e+00 1.000000000000000000e+01 1.250000000000000000e+00
1.532306461292258504e-01 8.000000000000000000e+00 0.000000000000000000e+00 1.000000000000000000e+01 1.250000000000000000e+00
1.534306861372274344e-01 8.000000000000000000e+00 0.000000000000000000e+00 1.000000000000000000e+01 1.250000000000000000e+00
1.536307261452290462e-01 8.000000000000000000e+00 0.000000000000000000e+00 1.000000000000000000e+01 1.250000000000000000e+00
1.538307661532306581e-01 8.000000000000000000e+00 0.000000000000000000e+00 1.000000000000000000e+01 1.250000000000000000e+00
1.540308061612322421e-01 8.000000000000000000e+00 0.000000000000000000e+00 1.000000000000000000e+01 1.250000000000000000e+00
1.542308461692338539e-01 8.000000000000000000e+00 0.000000000000000000e+00 1.000000000000000000e+01 1.250000000000000000e+00
1.544308861772354380e-01 8.000000000000000000e+00 0.000000000000000000e+00 1.000000000000000000e+01 1.250000000000000000e+00
1.546309261852370498e-01 8.000000000000000000e+00 0.000000000000000000e+00 1.000000000000000000e+01 1.250000000000000000e+00
1.548309661932386616e-01 8.000000000000000000e+00 0.000000000000000000e+00 1.000000000000000000e+01 1.250000000000000000e+00
1.550310062012402457e-01 8.000000000000000000e+00 0.000000000000000000e+00 1.000000000000000000e+01 1.250000000000000000e+00
1.552310462092418575e-01 8.000000000000000000e+00 0.000000000000000000e+00 1.000000000000000000e+01 1.250000000000000000e+00
1.554310862172434415e-01 8.000000000000000000e+00 0.000000000000000000e+00 1.000000000000000000e+01 1.250000000000000000e+00
1.556311262252450534e-01 8.000000000000000000e+00 0.000000000000000000e+00 1.000000000000000000e+01 1.250000000000000000e+00
1.558311662332466374e-01 8.000000000000000000e+00 0.000000000000000000e+00 1.000000000000000000e+01 1.250000000000000000e+00
1.560312062412482492e-01 8.000000000000000000e+00 0.000000000000000000e+00 1.000000000000000000e+01 1.250000000000000000e+00
1.562312462492498610e-01 8.000000000000000000e+00 0.000000000000000000e+00 1.000000000000000000e+01 1.250000000000000000e+00
1.564312862572514451e-01 8.000000000000000000e+00 0.000000000000000000e+00 1.000000000000000000e+01 1.250000000000000000e+00
1.566313262652530569e-01 8.000000000000000000e+00 0.000000000000000000e+00 1.000000000000000000e+01 1.250000000000000000e+00
1.568313662732546410e-01 8.000000000000000000e+00 0.000000000000000000e+00 1.000000000000000000e+01 1.250000000000000000e+00
1.570314062812562528e-01 8.000000000000000000e+00 0.000000000000000000e+00 1.000000000000000000e+01 1.250000000000000000e+00
1.572314462892578646e-01 8.000000000000000000e+00 0.000000000000000000e+00 1.000000000000000000e+01 1.250000000000000000e+00
1.574314862972594486e-01 8.000000000000000000e+00 0.000000000000000000e+00 1.000000000000000000e+01 1.250000000000000000e+00
1.576315263052610605e-01 8.000000000000000000e+00 0.000000000000000000e+00 1.000000000000000000e+01 1.250000000000000000e+00
1.578315663132626445e-01 8.000000000000000000e+00 0.000000000000000000e+00 1.000000000000000000e+01 1.250000000000000000e+00
1.580316063212642563e-01 8.000000000000000000e+00 0.000000000000000000e+00 1.000000000000000000e+01 1.250000000000000000e+00
1.582316463292658404e-01 8.000000000000000000e+00 0.000000000000000000e+00 1.000000000000000000e+01 1.250000000000000000e+00
1.584316863372674522e-01 8.000000000000000000e+00 0.000000000000000000e+00 1.000000000000000000e+01 1.250000000000000000e+00
1.586317263452690640e-01 8.000000000000000000e+00 0.000000000000000000e+00 1.000000000000000000e+01 1.250000000000000000e+00
1.588317663532706481e-01 8.000000000000000000e+00 0.000000000000000000e+00 1.000000000000000000e+01 1.250000000000000000e+00
1.590318063612722599e-01 8.000000000000000000e+00 0.000000000000000000e+00 1.000000000000000000e+01 1.250000000000000000e+00
1.592318463692738439e-01 8.000000000000000000e+00 0.000000000000000000e+00 1.000000000000000000e+01 1.250000000000000000e+00
1.594318863772754558e-01 8.000000000000000000e+00 0.000000000000000000e+00 1.000000000000000000e+01 1.250000000000000000e+00
1.596319263852770676e-01 8.000000000000000000e+00 0.000000000000000000e+00 1.000000000000000000e+01 1.250000000000000000e+00
1.598319663932786516e-01 8.000000000000000000e+00 0.000000000000000000e+00 1.000000000000000000e+01 1.250000000000000000e+00
1.600320064012802634e-01 8.000000000000000000e+00 0.000000000000000000e+00 1.000000000000000000e+01 1.250000000000000000e+00
1.602320464092818475e-01 8.000000000000000000e+00 0.000000000000000000e+00 1.000000000000000000e+01 1.250000000000000000e+00
1.604320864172834593e-01 8.000000000000000000e+00 0.000000000000000000e+00 1.000000000000000000e+01 1.250000000000000000e+00
1.606321264252850711e-01 8.000000000000000000e+00 0.000000000000000000e+00 1.000000000000000000e+01 1.250000000000000000e+00
1.608321664332866552e-01 8.000000000000000000e+00 0.000000000000000000e+00 1.000000000000000000e+01 1.250000000000000000e+00
1.610322064412882670e-01 8.000000000000000000e+00 0.000000000000000000e+00 1.000000000000000000e+01 1.250000000000000000e+00
1.612322464492898511e-01 8.000000000000000000e+00 0.000000000000000000e+00 1.000000000000000000e+01 1.250000000000000000e+00
1.614322864572914629e-01 8.000000000000000000e+00 0.000000000000000000e+00 1.000000000000000000e+01 1.250000000000000000e+00
1.616323264652930469e-01 8.000000000000000000e+00 0.000000000000000000e+00 1.000000000000000000e+01 1.250000000000000000e+00
1.618323664732946587e-01 8.000000000000000000e+00 0.000000000000000000e+00 1.000000000000000000e+01 1.250000000000000000e+00
1.620324064812962706e-01 8.000000000000000000e+00 0.000000000000000000e+00 1.000000000000000000e+01 1.250000000000000000e+00
1.622324464892978546e-01 8.000000000000000000e+00 0.000000000000000000e+00 1.000000000000000000e+01 1.250000000000000000e+00
1.624324864972994664e-01 8.000000000000000000e+00 0.000000000000000000e+00 1.000000000000000000e+01 1.250000000000000000e+00
1.626325265053010505e-01 8.000000000000000000e+00 0.000000000000000000e+00 1.000000000000000000e+01 1.250000000000000000e+00
1.628325665133026623e-01 8.000000000000000000e+00 0.000000000000000000e+00 1.000000000000000000e+01 1.250000000000000000e+00
1.630326065213042741e-01 8.000000000000000000e+00 0.000000000000000000e+00 1.000000000000000000e+01 1.250000000000000000e+00
1.632326465293058582e-01 8.000000000000000000e+00 0.000000000000000000e+00 1.000000000000000000e+01 1.250000000000000000e+00
1.634326865373074700e-01 8.000000000000000000e+00 0.000000000000000000e+00 1.000000000000000000e+01 1.250000000000000000e+00
1.636327265453090540e-01 8.000000000000000000e+00 0.000000000000000000e+00 1.000000000000000000e+01 1.250000000000000000e+00
1.638327665533106658e-01 8.000000000000000000e+00 0.000000000000000000e+00 1.000000000000000000e+01 1.250000000000000000e+00
1.640328065613122499e-01 8.000000000000000000e+00 0.000000000000000000e+00 1.000000000000000000e+01 1.250000000000000000e+00
1.642328465693138617e-01 8.000000000000000000e+00 0.000000000000000000e+00 1.000000000000000000e+01 1.250000000000000000e+00
1.644328865773154735e-01 8.000000000000000000e+00 0.000000000000000000e+00 1.000000000000000000e+01 1.250000000000000000e+00
1.646329265853170576e-01 8.000000000000000000e+00 0.000000000000000000e+00 1.000000000000000000e+01 1.250000000000000000e+00
1.648329665933186694e-01 8.000000000000000000e+00 0.000000000000000000e+00 1.000000000000000000e+01 1.250000000000000000e+00
1.650330066013202535e-01 8.000000000000000000e+00 0.000000000000000000e+00 1.000000000000000000e+01 1.250000000000000000e+00
1.652330466093218653e-01 8.000000000000000000e+00 0.000000000000000000e+00 1.000000000000000000e+01 1.250000000000000000e+00
1.654330866173234771e-01 8.000000000000000000e+00 0.000000000000000000e+00 1.000000000000000000e+01 1.250000000000000000e+00
1.656331266253250611e-01 8.000000000000000000e+00 0.000000000000000000e+00 1.000000000000000000e+01 1.250000000000000000e+00
1.658331666333266730e-01 8.000000000000000000e+00 0.000000000000000000e+00 1.000000000000000000e+01 1.250000000000000000e+00
1.660332066413282570e-01 8.000000000000000000e+00 0.000000000000000000e+00 1.000000000000000000e+01 1.250000000000000000e+00
1.662332466493298688e-01 8.000000000000000000e+00 0.000000000000000000e+00 1.000000000000000000e+01 1.250000000000000000e+00
1.664332866573314806e-01 8.000000000000000000e+00 0.000000000000000000e+00 1.000000000000000000e+01 1.250000000000000000e+00
1.666333266653330647e-01 8.000000000000000000e+00 0.000000000000000000e+00 1.000000000000000000e+01 1.250000000000000000e+00
1.668333666733346765e-01 8.000000000000000000e+00 0.000000000000000000e+00 1.000000000000000000e+01 1.250000000000000000e+00
1.670334066813362606e-01 8.000000000000000000e+00 0.000000000000000000e+00 1.000000000000000000e+01 1.250000000000000000e+00
1.672334466893378724e-01 8.000000000000000000e+00 0.000000000000000000e+00 1.000000000000000000e+01 1.250000000000000000e+00
1.674334866973394564e-01 8.000000000000000000e+00 0.000000000000000000e+00 1.000000000000000000e+01 1.250000000000000000e+00
1.676335267053410683e-01 8.000000000000000000e+00 0.000000000000000000e+00 1.000000000000000000e+01 1.250000000000000000e+00
1.678335667133426801e-01 8.000000000000000000e+00 0.000000000000000000e+00 1.000000000000000000e+01 1.250000000000000000e+00
1.680336067213442641e-01 8.000000000000000000e+00 0.000000000000000000e+00 1.000000000000000000e+01 1.250000000000000000e+00
1.682336467293458759e-01 8.000000000000000000e+00 0.000000000000000000e+00 1.000000000000000000e+01 1.250000000000000000e+00
1.684336867373474600e-01 8.000000000000000000e+00 0.000000000000000000e+00 1.000000000000000000e+01 1.250000000000000000e+00
1.686337267453490718e-01 8.000000000000000000e+00 0.000000000000000000e+00 1.000000000000000000e+01 1.250000000000000000e+00
1.688337667533506836e-01 8.000000000000000000e+00 0.000000000000000000e+00 1.000000000000000000e+01 1.250000000000000000e+00
1.690338067613522677e-01 8.000000000000000000e+00 0.000000000000000000e+00 1.000000000000000000e+01 1.250000000000000000e+00
1.692338467693538795e-01 8.000000000000000000e+00 0.000000000000000000e+00 1.000000000000000000e+01 1.250000000000000000e+00
1.694338867773554635e-01 8.000000000000000000e+00 0.000000000000000000e+00 1.000000000000000000e+01 1.250000000000000000e+00
1.696339267853570754e-01 8.000000000000000000e+00 0.000000000000000000e+00 1.000000000000000000e+01 1.250000000000000000e+00
1.698339667933586594e-01 8.000000000000000000e+00 0.000000000000000000e+00 1.000000000000000000e+01 1.250000000000000000e+00
1.700340068013602712e-01 8.000000000000000000e+00 0.000000000000000000e+00 1.000000000000000000e+01 1.250000000000000000e+00
1.702340468093618830e-01 8.000000000000000000e+00 0.000000000000000000e+00 1.000000000000000000e+01 1.250000000000000000e+00
1.704340868173634671e-01 8.000000000000000000e+00 0.000000000000000000e+00 1.000000000000000000e+01 1.250000000000000000e+00
1.706341268253650789e-01 8.000000000000000000e+00 0.000000000000000000e+00 1.000000000000000000e+01 1.250000000000000000e+00
1.708341668333666630e-01 8.000000000000000000e+00 0.000000000000000000e+00 1.000000000000000000e+01 1.250000000000000000e+00
1.710342068413682748e-01 8.000000000000000000e+00 0.000000000000000000e+00 1.000000000000000000e+01 1.250000000000000000e+00
1.712342468493698866e-01 8.000000000000000000e+00 0.000000000000000000e+00 1.000000000000000000e+01 1.250000000000000000e+00
1.714342868573714707e-01 8.000000000000000000e+00 0.000000000000000000e+00 1.000000000000000000e+01 1.250000000000000000e+00
1.716343268653730825e-01 8.000000000000000000e+00 0.000000000000000000e+00 1.000000000000000000e+01 1.250000000000000000e+00
1.718343668733746665e-01 8.000000000000000000e+00 0.000000000000000000e+00 1.000000000000000000e+01 1.250000000000000000e+00
1.720344068813762783e-01 8.000000000000000000e+00 0.000000000000000000e+00 1.000000000000000000e+01 1.250000000000000000e+00
1.722344468893778624e-01 8.000000000000000000e+00 0.000000000000000000e+00 1.000000000000000000e+01 1.250000000000000000e+00
1.724344868973794742e-01 8.000000000000000000e+00 0.000000000000000000e+00 1.000000000000000000e+01 1.250000000000000000e+00
1.726345269053810860e-01 8.000000000000000000e+00 0.000000000000000000e+00 1.000000000000000000e+01 1.250000000000000000e+00
1.728345669133826701e-01 8.000000000000000000e+00 0.000000000000000000e+00 1.000000000000000000e+01 1.250000000000000000e+00
1.730346069213842819e-01 8.000000000000000000e+00 0.000000000000000000e+00 1.000000000000000000e+01 1.250000000000000000e+00
1.732346469293858660e-01 8.000000000000000000e+00 0.000000000000000000e+00 1.000000000000000000e+01 1.250000000000000000e+00
1.734346869373874778e-01 8.000000000000000000e+00 0.000000000000000000e+00 1.000000000000000000e+01 1.250000000000000000e+00
1.736347269453890896e-01 8.000000000000000000e+00 0.000000000000000000e+00 1.000000000000000000e+01 1.250000000000000000e+00
1.738347669533906736e-01 8.000000000000000000e+00 0.000000000000000000e+00 1.000000000000000000e+01 1.250000000000000000e+00
1.740348069613922855e-01 8.000000000000000000e+00 0.000000000000000000e+00 1.000000000000000000e+01 1.250000000000000000e+00
1.742348469693938695e-01 8.000000000000000000e+00 0.000000000000000000e+00 1.000000000000000000e+01 1.250000000000000000e+00
1.744348869773954813e-01 8.000000000000000000e+00 0.000000000000000000e+00 1.000000000000000000e+01 1.250000000000000000e+00
1.746349269853970931e-01 8.000000000000000000e+00 0.000000000000000000e+00 1.000000000000000000e+01 1.250000000000000000e+00
1.748349669933986772e-01 8.000000000000000000e+00 0.000000000000000000e+00 1.000000000000000000e+01 1.250000000000000000e+00
1.750350070014002890e-01 8.000000000000000000e+00 0.000000000000000000e+00 1.000000000000000000e+01 1.250000000000000000e+00
1.752350470094018731e-01 8.000000000000000000e+00 0.000000000000000000e+00 1.000000000000000000e+01 1.250000000000000000e+00
1.754350870174034849e-01 8.000000000000000000e+00 0.000000000000000000e+00 1.000000000000000000e+01 1.250000000000000000e+00
1.756351270254050689e-01 8.000000000000000000e+00 0.000000000000000000e+00 1.000000000000000000e+01 1.250000000000000000e+00
1.758351670334066807e-01 8.000000000000000000e+00 0.000000000000000000e+00 1.000000000000000000e+01 1.250000000000000000e+00
1.760352070414082926e-01 8.000000000000000000e+00 0.000000000000000000e+00 1.000000000000000000e+01 1.250000000000000000e+00
1.762352470494098766e-01 8.000000000000000000e+00 0.000000000000000000e+00 1.000000000000000000e+01 1.250000000000000000e+00
1.764352870574114884e-01 8.000000000000000000e+00 0.000000000000000000e+00 1.000000000000000000e+01 1.250000000000000000e+00
1.766353270654130725e-01 8.000000000000000000e+00 0.000000000000000000e+00 1.000000000000000000e+01 1.250000000000000000e+00
1.768353670734146843e-01 8.000000000000000000e+00 0.000000000000000000e+00 1.000000000000000000e+01 1.250000000000000000e+00
1.770354070814162961e-01 8.000000000000000000e+00 0.000000000000000000e+00 1.000000000000000000e+01 1.250000000000000000e+00
1.772354470894178802e-01 8.000000000000000000e+00 0.000000000000000000e+00 1.000000000000000000e+01 1.250000000000000000e+00
1.774354870974194920e-01 8.000000000000000000e+00 0.000000000000000000e+00 1.000000000000000000e+01 1.250000000000000000e+00
1.776355271054210760e-01 8.000000000000000000e+00 0.000000000000000000e+00 1.000000000000000000e+01 1.250000000000000000e+00
1.778355671134226879e-01 8.000000000000000000e+00 0.000000000000000000e+00 1.000000000000000000e+01 1.250000000000000000e+00
1.780356071214242719e-01 8.000000000000000000e+00 0.000000000000000000e+00 1.000000000000000000e+01 1.250000000000000000e+00
1.782356471294258837e-01 8.000000000000000000e+00 0.000000000000000000e+00 1.000000000000000000e+01 1.250000000000000000e+00
1.784356871374274955e-01 8.000000000000000000e+00 0.000000000000000000e+00 1.000000000000000000e+01 1.250000000000000000e+00
1.786357271454290796e-01 8.000000000000000000e+00 0.000000000000000000e+00 1.000000000000000000e+01 1.250000000000000000e+00
1.788357671534306914e-01 8.000000000000000000e+00 0.000000000000000000e+00 1.000000000000000000e+01 1.250000000000000000e+00
1.790358071614322755e-01 8.000000000000000000e+00 0.000000000000000000e+00 1.000000000000000000e+01 1.250000000000000000e+00
1.792358471694338873e-01 8.000000000000000000e+00 0.000000000000000000e+00 1.000000000000000000e+01 1.250000000000000000e+00
1.794358871774354991e-01 8.000000000000000000e+00 0.000000000000000000e+00 1.000000000000000000e+01 1.250000000000000000e+00
1.796359271854370832e-01 8.000000000000000000e+00 0.000000000000000000e+00 1.000000000000000000e+01 1.250000000000000000e+00
1.798359671934386950e-01 8.000000000000000000e+00 0.000000000000000000e+00 1.000000000000000000e+01 1.250000000000000000e+00
1.800360072014402790e-01 8.000000000000000000e+00 0.000000000000000000e+00 1.000000000000000000e+01 1.250000000000000000e+00
1.802360472094418908e-01 8.000000000000000000e+00 0.000000000000000000e+00 1.000000000000000000e+01 1.250000000000000000e+00
1.804360872174435027e-01 8.000000000000000000e+00 0.000000000000000000e+00 1.000000000000000000e+01 1.250000000000000000e+00
1.806361272254450867e-01 8.000000000000000000e+00 0.000000000000000000e+00 1.000000000000000000e+01 1.250000000000000000e+00
1.808361672334466985e-01 8.000000000000000000e+00 0.000000000000000000e+00 1.000000000000000000e+01 1.250000000000000000e+00
1.810362072414482826e-01 8.000000000000000000e+00 0.000000000000000000e+00 1.000000000000000000e+01 1.250000000000000000e+00
1.812362472494498944e-01 8.000000000000000000e+00 0.000000000000000000e+00 1.000000000000000000e+01 1.250000000000000000e+00
1.814362872574514784e-01 8.000000000000000000e+00 0.000000000000000000e+00 1.000000000000000000e+01 1.250000000000000000e+00
1.816363272654530903e-01 8.000000000000000000e+00 0.000000000000000000e+00 1.000000000000000000e+01 1.250000000000000000e+00
1.818363672734547021e-01 8.000000000000000000e+00 0.000000000000000000e+00 1.000000000000000000e+01 1.250000000000000000e+00
1.820364072814562861e-01 8.000000000000000000e+00 0.000000000000000000e+00 1.000000000000000000e+01 1.250000000000000000e+00
1.822364472894578979e-01 8.000000000000000000e+00 0.000000000000000000e+00 1.000000000000000000e+01 1.250000000000000000e+00
1.824364872974594820e-01 8.000000000000000000e+00 0.000000000000000000e+00 1.000000000000000000e+01 1.250000000000000000e+00
1.826365273054610938e-01 8.000000000000000000e+00 0.000000000000000000e+00 1.000000000000000000e+01 1.250000000000000000e+00
1.828365673134627056e-01 8.000000000000000000e+00 0.000000000000000000e+00 1.000000000000000000e+01 1.250000000000000000e+00
1.830366073214642897e-01 8.000000000000000000e+00 0.000000000000000000e+00 1.000000000000000000e+01 1.250000000000000000e+00
1.832366473294659015e-01 8.000000000000000000e+00 0.000000000000000000e+00 1.000000000000000000e+01 1.250000000000000000e+00
1.834366873374674856e-01 8.000000000000000000e+00 0.000000000000000000e+00 1.000000000000000000e+01 1.250000000000000000e+00
1.836367273454690974e-01 8.000000000000000000e+00 0.000000000000000000e+00 1.000000000000000000e+01 1.250000000000000000e+00
1.838367673534706814e-01 8.000000000000000000e+00 0.000000000000000000e+00 1.000000000000000000e+01 1.250000000000000000e+00
1.840368073614722932e-01 8.000000000000000000e+00 0.000000000000000000e+00 1.000000000000000000e+01 1.250000000000000000e+00
1.842368473694739051e-01 8.000000000000000000e+00 0.000000000000000000e+00 1.000000000000000000e+01 1.250000000000000000e+00
1.844368873774754891e-01 8.000000000000000000e+00 0.000000000000000000e+00 1.000000000000000000e+01 1.250000000000000000e+00
1.846369273854771009e-01 8.000000000000000000e+00 0.000000000000000000e+00 1.000000000000000000e+01 1.250000000000000000e+00
1.848369673934786850e-01 8.000000000000000000e+00 0.000000000000000000e+00 1.000000000000000000e+01 1.250000000000000000e+00
1.850370074014802968e-01 8.000000000000000000e+00 0.000000000000000000e+00 1.000000000000000000e+01 1.250000000000000000e+00
1.852370474094819086e-01 8.000000000000000000e+00 0.000000000000000000e+00 1.000000000000000000e+01 1.250000000000000000e+00
1.854370874174834927e-01 8.000000000000000000e+00 0.000000000000000000e+00 1.000000000000000000e+01 1.250000000000000000e+00
1.856371274254851045e-01 8.000000000000000000e+00 0.000000000000000000e+00 1.000000000000000000e+01 1.250000000000000000e+00
1.858371674334866885e-01 8.000000000000000000e+00 0.000000000000000000e+00 1.000000000000000000e+01 1.250000000000000000e+00
1.860372074414883004e-01 8.000000000000000000e+00 0.000000000000000000e+00 1.000000000000000000e+01 1.250000000000000000e+00
1.862372474494899122e-01 8.000000000000000000e+00 0.000000000000000000e+00 1.000000000000000000e+01 1.250000000000000000e+00
1.864372874574914962e-01 8.000000000000000000e+00 0.000000000000000000e+00 1.000000000000000000e+01 1.250000000000000000e+00
1.866373274654931080e-01 8.000000000000000000e+00 0.000000000000000000e+00 1.000000000000000000e+01 1.250000000000000000e+00
1.868373674734946921e-01 8.000000000000000000e+00 0.000000000000000000e+00 1.000000000000000000e+01 1.250000000000000000e+00
1.870374074814963039e-01 8.000000000000000000e+00 0.000000000000000000e+00 1.000000000000000000e+01 1.250000000000000000e+00
1.872374474894978880e-01 8.000000000000000000e+00 0.000000000000000000e+00 1.000000000000000000e+01 1.250000000000000000e+00
1.874374874974994998e-01 8.000000000000000000e+00 0.000000000000000000e+00 1.000000000000000000e+01 1.250000000000000000e+00
1.876375275055011116e-01 8.000000000000000000e+00 0.000000000000000000e+00 1.000000000000000000e+01 1.250000000000000000e+00
1.878375675135026956e-01 8.000000000000000000e+00 0.000000000000000000e+00 1.000000000000000000e+01 1.250000000000000000e+00
1.880376075215043075e-01 8.000000000000000000e+00 0.000000000000000000e+00 1.000000000000000000e+01 1.250000000000000000e+00
1.882376475295058915e-01 8.000000000000000000e+00 0.000000000000000000e+00 1.000000000000000000e+01 1.250000000000000000e+00
1.884376875375075033e-01 8.000000000000000000e+00 0.000000000000000000e+00 1.000000000000000000e+01 1.250000000000000000e+00
1.886377275455091151e-01 8.000000000000000000e+00 0.000000000000000000e+00 1.000000000000000000e+01 1.250000000000000000e+00
1.888377675535106992e-01 8.000000000000000000e+00 0.000000000000000000e+00 1.000000000000000000e+01 1.250000000000000000e+00
1.890378075615123110e-01 8.000000000000000000e+00 0.000000000000000000e+00 1.000000000000000000e+01 1.250000000000000000e+00
1.892378475695138951e-01 8.000000000000000000e+00 0.000000000000000000e+00 1.000000000000000000e+01 1.250000000000000000e+00
1.894378875775155069e-01 8.000000000000000000e+00 0.000000000000000000e+00 1.000000000000000000e+01 1.250000000000000000e+00
1.896379275855170909e-01 8.000000000000000000e+00 0.000000000000000000e+00 1.000000000000000000e+01 1.250000000000000000e+00
1.898379675935187028e-01 8.000000000000000000e+00 0.000000000000000000e+00 1.000000000000000000e+01 1.250000000000000000e+00
1.900380076015203146e-01 8.000000000000000000e+00 0.000000000000000000e+00 1.000000000000000000e+01 1.250000000000000000e+00
1.902380476095218986e-01 8.000000000000000000e+00 0.000000000000000000e+00 1.000000000000000000e+01 1.250000000000000000e+00
1.904380876175235104e-01 8.000000000000000000e+00 0.000000000000000000e+00 1.000000000000000000e+01 1.250000000000000000e+00
1.906381276255250945e-01 8.000000000000000000e+00 0.000000000000000000e+00 1.000000000000000000e+01 1.250000000000000000e+00
1.908381676335267063e-01 8.000000000000000000e+00 0.000000000000000000e+00 1.000000000000000000e+01 1.250000000000000000e+00
1.910382076415283181e-01 8.000000000000000000e+00 0.000000000000000000e+00 1.000000000000000000e+01 1.250000000000000000e+00
1.912382476495299022e-01 8.000000000000000000e+00 0.000000000000000000e+00 1.000000000000000000e+01 1.250000000000000000e+00
1.914382876575315140e-01 8.000000000000000000e+00 0.000000000000000000e+00 1.000000000000000000e+01 1.250000000000000000e+00
1.916383276655330981e-01 8.000000000000000000e+00 0.000000000000000000e+00 1.000000000000000000e+01 1.250000000000000000e+00
1.918383676735347099e-01 8.000000000000000000e+00 0.000000000000000000e+00 1.000000000000000000e+01 1.250000000000000000e+00
1.920384076815362939e-01 8.000000000000000000e+00 0.000000000000000000e+00 1.000000000000000000e+01 1.250000000000000000e+00
1.922384476895379057e-01 8.000000000000000000e+00 0.000000000000000000e+00 1.000000000000000000e+01 1.250000000000000000e+00
1.924384876975395176e-01 8.000000000000000000e+00 0.000000000000000000e+00 1.000000000000000000e+01 1.250000000000000000e+00
1.926385277055411016e-01 8.000000000000000000e+00 0.000000000000000000e+00 1.000000000000000000e+01 1.250000000000000000e+00
1.928385677135427134e-01 8.000000000000000000e+00 0.000000000000000000e+00 1.000000000000000000e+01 1.250000000000000000e+00
1.930386077215442975e-01 8.000000000000000000e+00 0.000000000000000000e+00 1.000000000000000000e+01 1.250000000000000000e+00
1.932386477295459093e-01 8.000000000000000000e+00 0.000000000000000000e+00 1.000000000000000000e+01 1.250000000000000000e+00
1.934386877375475211e-01 8.000000000000000000e+00 0.000000000000000000e+00 1.000000000000000000e+01 1.250000000000000000e+00
1.936387277455491052e-01 8.000000000000000000e+00 0.000000000000000000e+00 1.000000000000000000e+01 1.250000000000000000e+00
1.938387677535507170e-01 8.000000000000000000e+00 0.000000000000000000e+00 1.000000000000000000e+01 1.250000000000000000e+00
1.940388077615523010e-01 8.000000000000000000e+00 0.000000000000000000e+00 1.000000000000000000e+01 1.250000000000000000e+00
1.942388477695539128e-01 8.000000000000000000e+00 0.000000000000000000e+00 1.000000000000000000e+01 1.250000000000000000e+00
1.944388877775555247e-01 8.000000000000000000e+00 0.000000000000000000e+00 1.000000000000000000e+01 1.250000000000000000e+00
1.946389277855571087e-01 8.000000000000000000e+00 0.000000000000000000e+00 1.000000000000000000e+01 1.250000000000000000e+00
1.948389677935587205e-01 8.000000000000000000e+00 0.000000000000000000e+00 1.000000000000000000e+01 1.250000000000000000e+00
1.950390078015603046e-01 8.000000000000000000e+00 0.000000000000000000e+00 1.000000000000000000e+01 1.250000000000000000e+00
1.952390478095619164e-01 8.000000000000000000e+00 0.000000000000000000e+00 1.000000000000000000e+01 1.250000000000000000e+00
1.954390878175635005e-01 8.000000000000000000e+00 0.000000000000000000e+00 1.000000000000000000e+01 1.250000000000000000e+00
1.956391278255651123e-01 8.000000000000000000e+00 0.000000000000000000e+00 1.000000000000000000e+01 1.250000000000000000e+00
1.958391678335667241e-01 8.000000000000000000e+00 0.000000000000000000e+00 1.000000000000000000e+01 1.250000000000000000e+00
1.960392078415683081e-01 8.000000000000000000e+00 0.000000000000000000e+00 1.000000000000000000e+01 1.250000000000000000e+00
1.962392478495699200e-01 8.000000000000000000e+00 0.000000000000000000e+00 1.000000000000000000e+01 1.250000000000000000e+00
1.964392878575715040e-01 8.000000000000000000e+00 0.000000000000000000e+00 1.000000000000000000e+01 1.250000000000000000e+00
1.966393278655731158e-01 8.000000000000000000e+00 0.000000000000000000e+00 1.000000000000000000e+01 1.250000000000000000e+00
1.968393678735747276e-01 8.000000000000000000e+00 0.000000000000000000e+00 1.000000000000000000e+01 1.250000000000000000e+00
1.970394078815763117e-01 8.000000000000000000e+00 0.000000000000000000e+00 1.000000000000000000e+01 1.250000000000000000e+00
1.972394478895779235e-01 8.000000000000000000e+00 0.000000000000000000e+00 1.000000000000000000e+01 1.250000000000000000e+00
1.974394878975795076e-01 8.000000000000000000e+00 0.000000000000000000e+00 1.000000000000000000e+01 1.250000000000000000e+00
1.976395279055811194e-01 8.000000000000000000e+00 0.000000000000000000e+00 1.000000000000000000e+01 1.250000000000000000e+00
1.978395679135827034e-01 8.000000000000000000e+00 0.000000000000000000e+00 1.000000000000000000e+01 1.250000000000000000e+00
1.980396079215843153e-01 8.000000000000000000e+00 0.000000000000000000e+00 1.000000000000000000e+01 1.250000000000000000e+00
1.982396479295859271e-01 8.000000000000000000e+00 0.000000000000000000e+00 1.000000000000000000e+01 1.250000000000000000e+00
1.984396879375875111e-01 8.000000000000000000e+00 0.000000000000000000e+00 1.000000000000000000e+01 1.250000000000000000e+00
1.986397279455891229e-01 8.000000000000000000e+00 0.000000000000000000e+00 1.000000000000000000e+01 1.250000000000000000e+00
1.988397679535907070e-01 8.000000000000000000e+00 0.000000000000000000e+00 1.000000000000000000e+01 1.250000000000000000e+00
1.990398079615923188e-01 8.000000000000000000e+00 0.000000000000000000e+00 1.000000000000000000e+01 1.250000000000000000e+00
1.992398479695939306e-01 8.000000000000000000e+00 0.000000000000000000e+00 1.000000000000000000e+01 1.250000000000000000e+00
1.994398879775955147e-01 8.000000000000000000e+00 0.000000000000000000e+00 1.000000000000000000e+01 1.250000000000000000e+00
1.996399279855971265e-01 8.000000000000000000e+00 0.000000000000000000e+00 1.000000000000000000e+01 1.250000000000000000e+00
1.998399679935987105e-01 8.000000000000000000e+00 0.000000000000000000e+00 1.000000000000000000e+01 1.250000000000000000e+00
2.000400080016003224e-01 8.000000000000000000e+00 0.000000000000000000e+00 1.000000000000000000e+01 1.250000000000000000e+00
2.002400480096019342e-01 8.000000000000000000e+00 0.000000000000000000e+00 1.000000000000000000e+01 1.250000000000000000e+00
2.004400880176035182e-01 8.000000000000000000e+00 0.000000000000000000e+00 1.000000000000000000e+01 1.250000000000000000e+00
2.006401280256051300e-01 8.000000000000000000e+00 0.000000000000000000e+00 1.000000000000000000e+01 1.250000000000000000e+00
2.008401680336067141e-01 8.000000000000000000e+00 0.000000000000000000e+00 1.000000000000000000e+01 1.250000000000000000e+00
2.010402080416083259e-01 8.000000000000000000e+00 0.000000000000000000e+00 1.000000000000000000e+01 1.250000000000000000e+00
2.012402480496099100e-01 8.000000000000000000e+00 0.000000000000000000e+00 1.000000000000000000e+01 1.250000000000000000e+00
2.014402880576115218e-01 8.000000000000000000e+00 0.000000000000000000e+00 1.000000000000000000e+01 1.250000000000000000e+00
2.016403280656131336e-01 8.000000000000000000e+00 0.000000000000000000e+00 1.000000000000000000e+01 1.250000000000000000e+00
2.018403680736147177e-01 8.000000000000000000e+00 0.000000000000000000e+00 1.000000000000000000e+01 1.250000000000000000e+00
2.020404080816163295e-01 8.000000000000000000e+00 0.000000000000000000e+00 1.000000000000000000e+01 1.250000000000000000e+00
2.022404480896179135e-01 8.000000000000000000e+00 0.000000000000000000e+00 1.000000000000000000e+01 1.250000000000000000e+00
2.024404880976195253e-01 8.000000000000000000e+00 0.000000000000000000e+00 1.000000000000000000e+01 1.250000000000000000e+00
2.026405281056211372e-01 8.000000000000000000e+00 0.000000000000000000e+00 1.000000000000000000e+01 1.250000000000000000e+00
2.028405681136227212e-01 8.000000000000000000e+00 0.000000000000000000e+00 1.000000000000000000e+01 1.250000000000000000e+00
2.030406081216243330e-01 8.000000000000000000e+00 0.000000000000000000e+00 1.000000000000000000e+01 1.250000000000000000e+00
2.032406481296259171e-01 8.000000000000000000e+00 0.000000000000000000e+00 1.000000000000000000e+01 1.250000000000000000e+00
2.034406881376275289e-01 8.000000000000000000e+00 0.000000000000000000e+00 1.000000000000000000e+01 1.250000000000000000e+00
2.036407281456291130e-01 8.000000000000000000e+00 0.000000000000000000e+00 1.000000000000000000e+01 1.250000000000000000e+00
2.038407681536307248e-01 8.000000000000000000e+00 0.000000000000000000e+00 1.000000000000000000e+01 1.250000000000000000e+00
2.040408081616323366e-01 8.000000000000000000e+00 0.000000000000000000e+00 1.000000000000000000e+01 1.250000000000000000e+00
2.042408481696339206e-01 8.000000000000000000e+00 0.000000000000000000e+00 1.000000000000000000e+01 1.250000000000000000e+00
2.044408881776355325e-01 8.000000000000000000e+00 0.000000000000000000e+00 1.000000000000000000e+01 1.250000000000000000e+00
2.046409281856371165e-01 8.000000000000000000e+00 0.000000000000000000e+00 1.000000000000000000e+01 1.250000000000000000e+00
2.048409681936387283e-01 8.000000000000000000e+00 0.000000000000000000e+00 1.000000000000000000e+01 1.250000000000000000e+00
2.050410082016403401e-01 8.000000000000000000e+00 0.000000000000000000e+00 1.000000000000000000e+01 1.250000000000000000e+00
2.052410482096419242e-01 8.000000000000000000e+00 0.000000000000000000e+00 1.000000000000000000e+01 1.250000000000000000e+00
2.054410882176435360e-01 8.000000000000000000e+00 0.000000000000000000e+00 1.000000000000000000e+01 1.250000000000000000e+00
2.056411282256451201e-01 8.000000000000000000e+00 0.000000000000000000e+00 1.000000000000000000e+01 1.250000000000000000e+00
2.058411682336467319e-01 8.000000000000000000e+00 0.000000000000000000e+00 1.000000000000000000e+01 1.250000000000000000e+00
2.060412082416483437e-01 8.000000000000000000e+00 0.000000000000000000e+00 1.000000000000000000e+01 1.250000000000000000e+00
2.062412482496499277e-01 8.000000000000000000e+00 0.000000000000000000e+00 1.000000000000000000e+01 1.250000000000000000e+00
2.064412882576515396e-01 8.000000000000000000e+00 0.000000000000000000e+00 1.000000000000000000e+01 1.250000000000000000e+00
2.066413282656531236e-01 8.000000000000000000e+00 0.000000000000000000e+00 1.000000000000000000e+01 1.250000000000000000e+00
2.068413682736547354e-01 8.000000000000000000e+00 0.000000000000000000e+00 1.000000000000000000e+01 1.250000000000000000e+00
2.070414082816563195e-01 8.000000000000000000e+00 0.000000000000000000e+00 1.000000000000000000e+01 1.250000000000000000e+00
2.072414482896579313e-01 8.000000000000000000e+00 0.000000000000000000e+00 1.000000000000000000e+01 1.250000000000000000e+00
2.074414882976595431e-01 8.000000000000000000e+00 0.000000000000000000e+00 1.000000000000000000e+01 1.250000000000000000e+00
2.076415283056611272e-01 8.000000000000000000e+00 0.000000000000000000e+00 1.000000000000000000e+01 1.250000000000000000e+00
2.078415683136627390e-01 8.000000000000000000e+00 0.000000000000000000e+00 1.000000000000000000e+01 1.250000000000000000e+00
2.080416083216643230e-01 8.000000000000000000e+00 0.000000000000000000e+00 1.000000000000000000e+01 1.250000000000000000e+00
2.082416483296659349e-01 8.000000000000000000e+00 0.000000000000000000e+00 1.000000000000000000e+01 1.250000000000000000e+00
2.084416883376675467e-01 8.000000000000000000e+00 0.000000000000000000e+00 1.000000000000000000e+01 1.250000000000000000e+00
2.086417283456691307e-01 8.000000000000000000e+00 0.000000000000000000e+00 1.000000000000000000e+01 1.250000000000000000e+00
2.088417683536707425e-01 8.000000000000000000e+00 0.000000000000000000e+00 1.000000000000000000e+01 1.250000000000000000e+00
2.090418083616723266e-01 8.000000000000000000e+00 0.000000000000000000e+00 1.000000000000000000e+01 1.250000000000000000e+00
2.092418483696739384e-01 8.000000000000000000e+00 0.000000000000000000e+00 1.000000000000000000e+01 1.250000000000000000e+00
2.094418883776755225e-01 8.000000000000000000e+00 0.000000000000000000e+00 1.000000000000000000e+01 1.250000000000000000e+00
2.096419283856771343e-01 8.000000000000000000e+00 0.000000000000000000e+00 1.000000000000000000e+01 1.250000000000000000e+00
2.098419683936787461e-01 8.000000000000000000e+00 0.000000000000000000e+00 1.000000000000000000e+01 1.250000000000000000e+00
2.100420084016803302e-01 8.000000000000000000e+00 0.000000000000000000e+00 1.000000000000000000e+01 1.250000000000000000e+00
2.102420484096819420e-01 8.000000000000000000e+00 0.000000000000000000e+00 1.000000000000000000e+01 1.250000000000000000e+00
2.104420884176835260e-01 8.000000000000000000e+00 0.000000000000000000e+00 1.000000000000000000e+01 1.250000000000000000e+00
2.106421284256851378e-01 8.000000000000000000e+00 0.000000000000000000e+00 1.000000000000000000e+01 1.250000000000000000e+00
2.108421684336867497e-01 8.000000000000000000e+00 0.000000000000000000e+00 1.000000000000000000e+01 1.250000000000000000e+00
2.110422084416883337e-01 8.000000000000000000e+00 0.000000000000000000e+00 1.000000000000000000e+01 1.250000000000000000e+00
2.112422484496899455e-01 8.000000000000000000e+00 0.000000000000000000e+00 1.000000000000000000e+01 1.250000000000000000e+00
2.114422884576915296e-01 8.000000000000000000e+00 0.000000000000000000e+00 1.000000000000000000e+01 1.250000000000000000e+00
2.116423284656931414e-01 8.000000000000000000e+00 0.000000000000000000e+00 1.000000000000000000e+01 1.250000000000000000e+00
2.118423684736947532e-01 8.000000000000000000e+00 0.000000000000000000e+00 1.000000000000000000e+01 1.250000000000000000e+00
2.120424084816963373e-01 8.000000000000000000e+00 0.000000000000000000e+00 1.000000000000000000e+01 1.250000000000000000e+00
2.122424484896979491e-01 8.000000000000000000e+00 0.000000000000000000e+00 1.000000000000000000e+01 1.250000000000000000e+00
2.124424884976995331e-01 8.000000000000000000e+00 0.000000000000000000e+00 1.000000000000000000e+01 1.250000000000000000e+00
2.126425285057011449e-01 8.000000000000000000e+00 0.000000000000000000e+00 1.000000000000000000e+01 1.250000000000000000e+00
2.128425685137027290e-01 8.000000000000000000e+00 0.000000000000000000e+00 1.000000000000000000e+01 1.250000000000000000e+00
2.130426085217043408e-01 8.000000000000000000e+00 0.000000000000000000e+00 1.000000000000000000e+01 1.250000000000000000e+00
2.132426485297059526e-01 8.000000000000000000e+00 0.000000000000000000e+00 1.000000000000000000e+01 1.250000000000000000e+00
2.134426885377075367e-01 8.000000000000000000e+00 0.000000000000000000e+00 1.000000000000000000e+01 1.250000000000000000e+00
2.136427285457091485e-01 8.000000000000000000e+00 0.000000000000000000e+00 1.000000000000000000e+01 1.250000000000000000e+00
2.138427685537107326e-01 8.000000000000000000e+00 0.000000000000000000e+00 1.000000000000000000e+01 1.250000000000000000e+00
2.140428085617123444e-01 8.000000000000000000e+00 0.000000000000000000e+00 1.000000000000000000e+01 1.250000000000000000e+00
2.142428485697139562e-01 8.000000000000000000e+00 0.000000000000000000e+00 1.000000000000000000e+01 1.250000000000000000e+00
2.144428885777155402e-01 8.000000000000000000e+00 0.000000000000000000e+00 1.000000000000000000e+01 1.250000000000000000e+00
2.146429285857171521e-01 8.000000000000000000e+00 0.000000000000000000e+00 1.000000000000000000e+01 1.250000000000000000e+00
2.148429685937187361e-01 8.000000000000000000e+00 0.000000000000000000e+00 1.000000000000000000e+01 1.250000000000000000e+00
2.150430086017203479e-01 8.000000000000000000e+00 0.000000000000000000e+00 1.000000000000000000e+01 1.250000000000000000e+00
2.152430486097219320e-01 8.000000000000000000e+00 0.000000000000000000e+00 1.000000000000000000e+01 1.250000000000000000e+00
2.154430886177235438e-01 8.000000000000000000e+00 0.000000000000000000e+00 1.000000000000000000e+01 1.250000000000000000e+00
2.156431286257251556e-01 8.000000000000000000e+00 0.000000000000000000e+00 1.000000000000000000e+01 1.250000000000000000e+00
2.158431686337267397e-01 8.000000000000000000e+00 0.000000000000000000e+00 1.000000000000000000e+01 1.250000000000000000e+00
2.160432086417283515e-01 8.000000000000000000e+00 0.000000000000000000e+00 1.000000000000000000e+01 1.250000000000000000e+00
2.162432486497299355e-01 8.000000000000000000e+00 0.000000000000000000e+00 1.000000000000000000e+01 1.250000000000000000e+00
2.164432886577315474e-01 8.000000000000000000e+00 0.000000000000000000e+00 1.000000000000000000e+01 1.250000000000000000e+00
2.166433286657331592e-01 8.000000000000000000e+00 0.000000000000000000e+00 1.000000000000000000e+01 1.250000000000000000e+00
2.168433686737347432e-01 8.000000000000000000e+00 0.000000000000000000e+00 1.000000000000000000e+01 1.250000000000000000e+00
2.170434086817363550e-01 8.000000000000000000e+00 0.000000000000000000e+00 1.000000000000000000e+01 1.250000000000000000e+00
2.172434486897379391e-01 8.000000000000000000e+00 0.000000000000000000e+00 1.000000000000000000e+01 1.250000000000000000e+00
2.174434886977395509e-01 8.000000000000000000e+00 0.000000000000000000e+00 1.000000000000000000e+01 1.250000000000000000e+00
2.176435287057411627e-01 8.000000000000000000e+00 0.000000000000000000e+00 1.000000000000000000e+01 1.250000000000000000e+00
2.178435687137427468e-01 8.000000000000000000e+00 0.000000000000000000e+00 1.000000000000000000e+01 1.250000000000000000e+00
2.180436087217443586e-01 8.000000000000000000e+00 0.000000000000000000e+00 1.000000000000000000e+01 1.250000000000000000e+00
2.182436487297459426e-01 8.000000000000000000e+00 0.000000000000000000e+00 1.000000000000000000e+01 1.250000000000000000e+00
2.184436887377475545e-01 8.000000000000000000e+00 0.000000000000000000e+00 1.000000000000000000e+01 1.250000000000000000e+00
2.186437287457491385e-01 8.000000000000000000e+00 0.000000000000000000e+00 1.000000000000000000e+01 1.250000000000000000e+00
2.188437687537507503e-01 8.000000000000000000e+00 0.000000000000000000e+00 1.000000000000000000e+01 1.250000000000000000e+00
2.190438087617523621e-01 8.000000000000000000e+00 0.000000000000000000e+00 1.000000000000000000e+01 1.250000000000000000e+00
2.192438487697539462e-01 8.000000000000000000e+00 0.000000000000000000e+00 1.000000000000000000e+01 1.250000000000000000e+00
2.194438887777555580e-01 8.000000000000000000e+00 0.000000000000000000e+00 1.000000000000000000e+01 1.250000000000000000e+00
2.196439287857571421e-01 8.000000000000000000e+00 0.000000000000000000e+00 1.000000000000000000e+01 1.250000000000000000e+00
2.198439687937587539e-01 8.000000000000000000e+00 0.000000000000000000e+00 1.000000000000000000e+01 1.250000000000000000e+00
2.200440088017603657e-01 8.000000000000000000e+00 0.000000000000000000e+00 1.000000000000000000e+01 1.250000000000000000e+00
2.202440488097619498e-01 8.000000000000000000e+00 0.000000000000000000e+00 1.000000000000000000e+01 1.250000000000000000e+00
2.204440888177635616e-01 8.000000000000000000e+00 0.000000000000000000e+00 1.000000000000000000e+01 1.250000000000000000e+00
2.206441288257651456e-01 8.000000000000000000e+00 0.000000000000000000e+00 1.000000000000000000e+01 1.250000000000000000e+00
2.208441688337667574e-01 8.000000000000000000e+00 0.000000000000000000e+00 1.000000000000000000e+01 1.250000000000000000e+00
2.210442088417683415e-01 8.000000000000000000e+00 0.000000000000000000e+00 1.000000000000000000e+01 1.250000000000000000e+00
2.212442488497699533e-01 8.000000000000000000e+00 0.000000000000000000e+00 1.000000000000000000e+01 1.250000000000000000e+00
2.214442888577715651e-01 8.000000000000000000e+00 0.000000000000000000e+00 1.000000000000000000e+01 1.250000000000000000e+00
2.216443288657731492e-01 8.000000000000000000e+00 0.000000000000000000e+00 1.000000000000000000e+01 1.250000000000000000e+00
2.218443688737747610e-01 8.000000000000000000e+00 0.000000000000000000e+00 1.000000000000000000e+01 1.250000000000000000e+00
2.220444088817763451e-01 8.000000000000000000e+00 0.000000000000000000e+00 1.000000000000000000e+01 1.250000000000000000e+00
2.222444488897779569e-01 8.000000000000000000e+00 0.000000000000000000e+00 1.000000000000000000e+01 1.250000000000000000e+00
2.224444888977795687e-01 8.000000000000000000e+00 0.000000000000000000e+00 1.000000000000000000e+01 1.250000000000000000e+00
2.226445289057811527e-01 8.000000000000000000e+00 0.000000000000000000e+00 1.000000000000000000e+01 1.250000000000000000e+00
2.228445689137827646e-01 8.000000000000000000e+00 0.000000000000000000e+00 1.000000000000000000e+01 1.250000000000000000e+00
2.230446089217843486e-01 8.000000000000000000e+00 0.000000000000000000e+00 1.000000000000000000e+01 1.250000000000000000e+00
2.232446489297859604e-01 8.000000000000000000e+00 0.000000000000000000e+00 1.000000000000000000e+01 1.250000000000000000e+00
2.234446889377875445e-01 8.000000000000000000e+00 0.000000000000000000e+00 1.000000000000000000e+01 1.250000000000000000e+00
2.236447289457891563e-01 8.000000000000000000e+00 0.000000000000000000e+00 1.000000000000000000e+01 1.250000000000000000e+00
2.238447689537907681e-01 8.000000000000000000e+00 0.000000000000000000e+00 1.000000000000000000e+01 1.250000000000000000e+00
2.240448089617923522e-01 8.000000000000000000e+00 0.000000000000000000e+00 1.000000000000000000e+01 1.250000000000000000e+00
2.242448489697939640e-01 8.000000000000000000e+00 0.000000000000000000e+00 1.000000000000000000e+01 1.250000000000000000e+00
2.244448889777955480e-01 8.000000000000000000e+00 0.000000000000000000e+00 1.000000000000000000e+01 1.250000000000000000e+00
2.246449289857971598e-01 8.000000000000000000e+00 0.000000000000000000e+00 1.000000000000000000e+01 1.250000000000000000e+00
2.248449689937987717e-01 8.000000000000000000e+00 0.000000000000000000e+00 1.000000000000000000e+01 1.250000000000000000e+00
2.250450090018003557e-01 8.000000000000000000e+00 0.000000000000000000e+00 1.000000000000000000e+01 1.250000000000000000e+00
2.252450490098019675e-01 8.000000000000000000e+00 0.000000000000000000e+00 1.000000000000000000e+01 1.250000000000000000e+00
2.254450890178035516e-01 8.000000000000000000e+00 0.000000000000000000e+00 1.000000000000000000e+01 1.250000000000000000e+00
2.256451290258051634e-01 8.000000000000000000e+00 0.000000000000000000e+00 1.000000000000000000e+01 1.250000000000000000e+00
2.258451690338067752e-01 8.000000000000000000e+00 0.000000000000000000e+00 1.000000000000000000e+01 1.250000000000000000e+00
2.260452090418083593e-01 8.000000000000000000e+00 0.000000000000000000e+00 1.000000000000000000e+01 1.250000000000000000e+00
2.262452490498099711e-01 8.000000000000000000e+00 0.000000000000000000e+00 1.000000000000000000e+01 1.250000000000000000e+00
2.264452890578115551e-01 8.000000000000000000e+00 0.000000000000000000e+00 1.000000000000000000e+01 1.250000000000000000e+00
2.266453290658131670e-01 8.000000000000000000e+00 0.000000000000000000e+00 1.000000000000000000e+01 1.250000000000000000e+00
2.268453690738147510e-01 8.000000000000000000e+00 0.000000000000000000e+00 1.000000000000000000e+01 1.250000000000000000e+00
2.270454090818163628e-01 8.000000000000000000e+00 0.000000000000000000e+00 1.000000000000000000e+01 1.250000000000000000e+00
2.272454490898179746e-01 8.000000000000000000e+00 0.000000000000000000e+00 1.000000000000000000e+01 1.250000000000000000e+00
2.274454890978195587e-01 8.000000000000000000e+00 0.000000000000000000e+00 1.000000000000000000e+01 1.250000000000000000e+00
2.276455291058211705e-01 8.000000000000000000e+00 0.000000000000000000e+00 1.000000000000000000e+01 1.250000000000000000e+00
2.278455691138227546e-01 8.000000000000000000e+00 0.000000000000000000e+00 1.000000000000000000e+01 1.250000000000000000e+00
2.280456091218243664e-01 8.000000000000000000e+00 0.000000000000000000e+00 1.000000000000000000e+01 1.250000000000000000e+00
2.282456491298259782e-01 8.000000000000000000e+00 0.000000000000000000e+00 1.000000000000000000e+01 1.250000000000000000e+00
2.284456891378275623e-01 8.000000000000000000e+00 0.000000000000000000e+00 1.000000000000000000e+01 1.250000000000000000e+00
2.286457291458291741e-01 8.000000000000000000e+00 0.000000000000000000e+00 1.000000000000000000e+01 1.250000000000000000e+00
2.288457691538307581e-01 8.000000000000000000e+00 0.000000000000000000e+00 1.000000000000000000e+01 1.250000000000000000e+00
2.290458091618323699e-01 8.000000000000000000e+00 0.000000000000000000e+00 1.000000000000000000e+01 1.250000000000000000e+00
2.292458491698339540e-01 8.000000000000000000e+00 0.000000000000000000e+00 1.000000000000000000e+01 1.250000000000000000e+00
2.294458891778355658e-01 8.000000000000000000e+00 0.000000000000000000e+00 1.000000000000000000e+01 1.250000000000000000e+00
2.296459291858371776e-01 8.000000000000000000e+00 0.000000000000000000e+00 1.000000000000000000e+01 1.250000000000000000e+00
2.298459691938387617e-01 8.000000000000000000e+00 0.000000000000000000e+00 1.000000000000000000e+01 1.250000000000000000e+00
2.300460092018403735e-01 8.000000000000000000e+00 0.000000000000000000e+00 1.000000000000000000e+01 1.250000000000000000e+00
2.302460492098419576e-01 8.000000000000000000e+00 0.000000000000000000e+00 1.000000000000000000e+01 1.250000000000000000e+00
2.304460892178435694e-01 8.000000000000000000e+00 0.000000000000000000e+00 1.000000000000000000e+01 1.250000000000000000e+00
2.306461292258451812e-01 8.000000000000000000e+00 0.000000000000000000e+00 1.000000000000000000e+01 1.250000000000000000e+00
2.308461692338467652e-01 8.000000000000000000e+00 0.000000000000000000e+00 1.000000000000000000e+01 1.250000000000000000e+00
2.310462092418483770e-01 8.000000000000000000e+00 0.000000000000000000e+00 1.000000000000000000e+01 1.250000000000000000e+00
2.312462492498499611e-01 8.000000000000000000e+00 0.000000000000000000e+00 1.000000000000000000e+01 1.250000000000000000e+00
2.314462892578515729e-01 8.000000000000000000e+00 0.000000000000000000e+00 1.000000000000000000e+01 1.250000000000000000e+00
2.316463292658531847e-01 8.000000000000000000e+00 0.000000000000000000e+00 1.000000000000000000e+01 1.250000000000000000e+00
2.318463692738547688e-01 8.000000000000000000e+00 0.000000000000000000e+00 1.000000000000000000e+01 1.250000000000000000e+00
2.320464092818563806e-01 8.000000000000000000e+00 0.000000000000000000e+00 1.000000000000000000e+01 1.250000000000000000e+00
2.322464492898579647e-01 8.000000000000000000e+00 0.000000000000000000e+00 1.000000000000000000e+01 1.250000000000000000e+00
2.324464892978595765e-01 8.000000000000000000e+00 0.000000000000000000e+00 1.000000000000000000e+01 1.250000000000000000e+00
2.326465293058611605e-01 8.000000000000000000e+00 0.000000000000000000e+00 1.000000000000000000e+01 1.250000000000000000e+00
2.328465693138627723e-01 8.000000000000000000e+00 0.000000000000000000e+00 1.000000000000000000e+01 1.250000000000000000e+00
2.330466093218643842e-01 8.000000000000000000e+00 0.000000000000000000e+00 1.000000000000000000e+01 1.250000000000000000e+00
2.332466493298659682e-01 8.000000000000000000e+00 0.000000000000000000e+00 1.000000000000000000e+01 1.250000000000000000e+00
2.334466893378675800e-01 8.000000000000000000e+00 0.000000000000000000e+00 1.000000000000000000e+01 1.250000000000000000e+00
2.336467293458691641e-01 8.000000000000000000e+00 0.000000000000000000e+00 1.000000000000000000e+01 1.250000000000000000e+00
2.338467693538707759e-01 8.000000000000000000e+00 0.000000000000000000e+00 1.000000000000000000e+01 1.250000000000000000e+00
2.340468093618723877e-01 8.000000000000000000e+00 0.000000000000000000e+00 1.000000000000000000e+01 1.250000000000000000e+00
2.342468493698739718e-01 8.000000000000000000e+00 0.000000000000000000e+00 1.000000000000000000e+01 1.250000000000000000e+00
2.344468893778755836e-01 8.000000000000000000e+00 0.000000000000000000e+00 1.000000000000000000e+01 1.250000000000000000e+00
2.346469293858771676e-01 8.000000000000000000e+00 0.000000000000000000e+00 1.000000000000000000e+01 1.250000000000000000e+00
2.348469693938787795e-01 8.000000000000000000e+00 0.000000000000000000e+00 1.000000000000000000e+01 1.250000000000000000e+00
2.350470094018803635e-01 8.000000000000000000e+00 0.000000000000000000e+00 1.000000000000000000e+01 1.250000000000000000e+00
2.352470494098819753e-01 8.000000000000000000e+00 0.000000000000000000e+00 1.000000000000000000e+01 1.250000000000000000e+00
2.354470894178835871e-01 8.000000000000000000e+00 0.000000000000000000e+00 1.000000000000000000e+01 1.250000000000000000e+00
2.356471294258851712e-01 8.000000000000000000e+00 0.000000000000000000e+00 1.000000000000000000e+01 1.250000000000000000e+00
2.358471694338867830e-01 8.000000000000000000e+00 0.000000000000000000e+00 1.000000000000000000e+01 1.250000000000000000e+00
2.360472094418883671e-01 8.000000000000000000e+00 0.000000000000000000e+00 1.000000000000000000e+01 1.250000000000000000e+00
2.362472494498899789e-01 8.000000000000000000e+00 0.000000000000000000e+00 1.000000000000000000e+01 1.250000000000000000e+00
2.364472894578915907e-01 8.000000000000000000e+00 0.000000000000000000e+00 1.000000000000000000e+01 1.250000000000000000e+00
2.366473294658931747e-01 8.000000000000000000e+00 0.000000000000000000e+00 1.000000000000000000e+01 1.250000000000000000e+00
2.368473694738947866e-01 8.000000000000000000e+00 0.000000000000000000e+00 1.000000000000000000e+01 1.250000000000000000e+00
2.370474094818963706e-01 8.000000000000000000e+00 0.000000000000000000e+00 1.000000000000000000e+01 1.250000000000000000e+00
2.372474494898979824e-01 8.000000000000000000e+00 0.000000000000000000e+00 1.000000000000000000e+01 1.250000000000000000e+00
2.374474894978995942e-01 8.000000000000000000e+00 0.000000000000000000e+00 1.000000000000000000e+01 1.250000000000000000e+00
2.376475295059011783e-01 8.000000000000000000e+00 0.000000000000000000e+00 1.000000000000000000e+01 1.250000000000000000e+00
2.378475695139027901e-01 8.000000000000000000e+00 0.000000000000000000e+00 1.000000000000000000e+01 1.250000000000000000e+00
2.380476095219043742e-01 8.000000000000000000e+00 0.000000000000000000e+00 1.000000000000000000e+01 1.250000000000000000e+00
2.382476495299059860e-01 8.000000000000000000e+00 0.000000000000000000e+00 1.000000000000000000e+01 1.250000000000000000e+00
2.384476895379075700e-01 8.000000000000000000e+00 0.000000000000000000e+00 1.000000000000000000e+01 1.250000000000000000e+00
2.386477295459091819e-01 8.000000000000000000e+00 0.000000000000000000e+00 1.000000000000000000e+01 1.250000000000000000e+00
2.388477695539107937e-01 8.000000000000000000e+00 0.000000000000000000e+00 1.000000000000000000e+01 1.250000000000000000e+00
2.390478095619123777e-01 8.000000000000000000e+00 0.000000000000000000e+00 1.000000000000000000e+01 1.250000000000000000e+00
2.392478495699139895e-01 8.000000000000000000e+00 0.000000000000000000e+00 1.000000000000000000e+01 1.250000000000000000e+00
2.394478895779155736e-01 8.000000000000000000e+00 0.000000000000000000e+00 1.000000000000000000e+01 1.250000000000000000e+00
2.396479295859171854e-01 8.000000000000000000e+00 0.000000000000000000e+00 1.000000000000000000e+01 1.250000000000000000e+00
2.398479695939187972e-01 8.000000000000000000e+00 0.000000000000000000e+00 1.000000000000000000e+01 1.250000000000000000e+00
2.400480096019203813e-01 8.000000000000000000e+00 0.000000000000000000e+00 1.000000000000000000e+01 1.250000000000000000e+00
2.402480496099219931e-01 8.000000000000000000e+00 0.000000000000000000e+00 1.000000000000000000e+01 1.250000000000000000e+00
2.404480896179235772e-01 8.000000000000000000e+00 0.000000000000000000e+00 1.000000000000000000e+01 1.250000000000000000e+00
2.406481296259251890e-01 8.000000000000000000e+00 0.000000000000000000e+00 1.000000000000000000e+01 1.250000000000000000e+00
2.408481696339267730e-01 8.000000000000000000e+00 0.000000000000000000e+00 1.000000000000000000e+01 1.250000000000000000e+00
2.410482096419283848e-01 8.000000000000000000e+00 0.000000000000000000e+00 1.000000000000000000e+01 1.250000000000000000e+00
2.412482496499299967e-01 8.000000000000000000e+00 0.000000000000000000e+00 1.000000000000000000e+01 1.250000000000000000e+00
2.414482896579315807e-01 8.000000000000000000e+00 0.000000000000000000e+00 1.000000000000000000e+01 1.250000000000000000e+00
2.416483296659331925e-01 8.000000000000000000e+00 0.000000000000000000e+00 1.000000000000000000e+01 1.250000000000000000e+00
2.418483696739347766e-01 8.000000000000000000e+00 0.000000000000000000e+00 1.000000000000000000e+01 1.250000000000000000e+00
2.420484096819363884e-01 8.000000000000000000e+00 0.000000000000000000e+00 1.000000000000000000e+01 1.250000000000000000e+00
2.422484496899380002e-01 8.000000000000000000e+00 0.000000000000000000e+00 1.000000000000000000e+01 1.250000000000000000e+00
2.424484896979395843e-01 8.000000000000000000e+00 0.000000000000000000e+00 1.000000000000000000e+01 1.250000000000000000e+00
2.426485297059411961e-01 8.000000000000000000e+00 0.000000000000000000e+00 1.000000000000000000e+01 1.250000000000000000e+00
2.428485697139427801e-01 8.000000000000000000e+00 0.000000000000000000e+00 1.000000000000000000e+01 1.250000000000000000e+00
2.430486097219443919e-01 8.000000000000000000e+00 0.000000000000000000e+00 1.000000000000000000e+01 1.250000000000000000e+00
2.432486497299459760e-01 8.000000000000000000e+00 0.000000000000000000e+00 1.000000000000000000e+01 1.250000000000000000e+00
2.434486897379475878e-01 8.000000000000000000e+00 0.000000000000000000e+00 1.000000000000000000e+01 1.250000000000000000e+00
2.436487297459491996e-01 8.000000000000000000e+00 0.000000000000000000e+00 1.000000000000000000e+01 1.250000000000000000e+00
2.438487697539507837e-01 8.000000000000000000e+00 0.000000000000000000e+00 1.000000000000000000e+01 1.250000000000000000e+00
2.440488097619523955e-01 8.000000000000000000e+00 0.000000000000000000e+00 1.000000000000000000e+01 1.250000000000000000e+00
2.442488497699539796e-01 8.000000000000000000e+00 0.000000000000000000e+00 1.000000000000000000e+01 1.250000000000000000e+00
2.444488897779555914e-01 8.000000000000000000e+00 0.000000000000000000e+00 1.000000000000000000e+01 1.250000000000000000e+00
2.446489297859572032e-01 8.000000000000000000e+00 0.000000000000000000e+00 1.000000000000000000e+01 1.250000000000000000e+00
2.448489697939587872e-01 8.000000000000000000e+00 0.000000000000000000e+00 1.000000000000000000e+01 1.250000000000000000e+00
2.450490098019603991e-01 8.000000000000000000e+00 0.000000000000000000e+00 1.000000000000000000e+01 1.250000000000000000e+00
2.452490498099619831e-01 8.000000000000000000e+00 0.000000000000000000e+00 1.000000000000000000e+01 1.250000000000000000e+00
2.454490898179635949e-01 8.000000000000000000e+00 0.000000000000000000e+00 1.000000000000000000e+01 1.250000000000000000e+00
2.456491298259652067e-01 8.000000000000000000e+00 0.000000000000000000e+00 1.000000000000000000e+01 1.250000000000000000e+00
2.458491698339667908e-01 8.000000000000000000e+00 0.000000000000000000e+00 1.000000000000000000e+01 1.250000000000000000e+00
2.460492098419684026e-01 8.000000000000000000e+00 0.000000000000000000e+00 1.000000000000000000e+01 1.250000000000000000e+00
2.462492498499699867e-01 8.000000000000000000e+00 0.000000000000000000e+00 1.000000000000000000e+01 1.250000000000000000e+00
2.464492898579715985e-01 8.000000000000000000e+00 0.000000000000000000e+00 1.000000000000000000e+01 1.250000000000000000e+00
2.466493298659731825e-01 8.000000000000000000e+00 0.000000000000000000e+00 1.000000000000000000e+01 1.250000000000000000e+00
2.468493698739747944e-01 8.000000000000000000e+00 0.000000000000000000e+00 1.000000000000000000e+01 1.250000000000000000e+00
2.470494098819764062e-01 8.000000000000000000e+00 0.000000000000000000e+00 1.000000000000000000e+01 1.250000000000000000e+00
2.472494498899779902e-01 8.000000000000000000e+00 0.000000000000000000e+00 1.000000000000000000e+01 1.250000000000000000e+00
2.474494898979796020e-01 8.000000000000000000e+00 0.000000000000000000e+00 1.000000000000000000e+01 1.250000000000000000e+00
2.476495299059811861e-01 8.000000000000000000e+00 0.000000000000000000e+00 1.000000000000000000e+01 1.250000000000000000e+00
2.478495699139827979e-01 8.000000000000000000e+00 0.000000000000000000e+00 1.000000000000000000e+01 1.250000000000000000e+00
2.480496099219844097e-01 8.000000000000000000e+00 0.000000000000000000e+00 1.000000000000000000e+01 1.250000000000000000e+00
2.482496499299859938e-01 8.000000000000000000e+00 0.000000000000000000e+00 1.000000000000000000e+01 1.250000000000000000e+00
2.484496899379876056e-01 8.000000000000000000e+00 0.000000000000000000e+00 1.000000000000000000e+01 1.250000000000000000e+00
2.486497299459891897e-01 8.000000000000000000e+00 0.000000000000000000e+00 1.000000000000000000e+01 1.250000000000000000e+00
2.488497699539908015e-01 8.000000000000000000e+00 0.000000000000000000e+00 1.000000000000000000e+01 1.250000000000000000e+00
2.490498099619923855e-01 8.000000000000000000e+00 0.000000000000000000e+00 1.000000000000000000e+01 1.250000000000000000e+00
2.492498499699939973e-01 8.000000000000000000e+00 0.000000000000000000e+00 1.000000000000000000e+01 1.250000000000000000e+00
2.494498899779956091e-01 8.000000000000000000e+00 0.000000000000000000e+00 1.000000000000000000e+01 1.250000000000000000e+00
2.496499299859971932e-01 8.000000000000000000e+00 0.000000000000000000e+00 1.000000000000000000e+01 1.250000000000000000e+00
2.498499699939988050e-01 8.000000000000000000e+00 0.000000000000000000e+00 1.000000000000000000e+01 1.250000000000000000e+00
2.500500100020003891e-01 8.000000000000000000e+00 0.000000000000000000e+00 1.000000000000000000e+01 1.250000000000000000e+00
2.502500500100020009e-01 8.000000000000000000e+00 0.000000000000000000e+00 1.000000000000000000e+01 1.250000000000000000e+00
2.504500900180036127e-01 8.000000000000000000e+00 0.000000000000000000e+00 1.000000000000000000e+01 1.250000000000000000e+00
2.506501300260052245e-01 8.000000000000000000e+00 0.000000000000000000e+00 1.000000000000000000e+01 1.250000000000000000e+00
2.508501700340067808e-01 8.000000000000000000e+00 0.000000000000000000e+00 1.000000000000000000e+01 1.250000000000000000e+00
2.510502100420083926e-01 8.000000000000000000e+00 0.000000000000000000e+00 1.000000000000000000e+01 1.250000000000000000e+00
2.512502500500100044e-01 8.000000000000000000e+00 0.000000000000000000e+00 1.000000000000000000e+01 1.250000000000000000e+00
2.514502900580116163e-01 8.000000000000000000e+00 0.000000000000000000e+00 1.000000000000000000e+01 1.250000000000000000e+00
2.516503300660132281e-01 8.000000000000000000e+00 0.000000000000000000e+00 1.000000000000000000e+01 1.250000000000000000e+00
2.518503700740147844e-01 8.000000000000000000e+00 0.000000000000000000e+00 1.000000000000000000e+01 1.250000000000000000e+00
2.520504100820163962e-01 8.000000000000000000e+00 0.000000000000000000e+00 1.000000000000000000e+01 1.250000000000000000e+00
2.522504500900180080e-01 8.000000000000000000e+00 0.000000000000000000e+00 1.000000000000000000e+01 1.250000000000000000e+00
2.524504900980196198e-01 8.000000000000000000e+00 0.000000000000000000e+00 1.000000000000000000e+01 1.250000000000000000e+00
2.526505301060212316e-01 8.000000000000000000e+00 0.000000000000000000e+00 1.000000000000000000e+01 1.250000000000000000e+00
2.528505701140227879e-01 8.000000000000000000e+00 0.000000000000000000e+00 1.000000000000000000e+01 1.250000000000000000e+00
2.530506101220243997e-01 8.000000000000000000e+00 0.000000000000000000e+00 1.000000000000000000e+01 1.250000000000000000e+00
2.532506501300260116e-01 8.000000000000000000e+00 0.000000000000000000e+00 1.000000000000000000e+01 1.250000000000000000e+00
2.534506901380276234e-01 8.000000000000000000e+00 0.000000000000000000e+00 1.000000000000000000e+01 1.250000000000000000e+00
2.536507301460291797e-01 8.000000000000000000e+00 0.000000000000000000e+00 1.000000000000000000e+01 1.250000000000000000e+00
2.538507701540307915e-01 8.000000000000000000e+00 0.000000000000000000e+00 1.000000000000000000e+01 1.250000000000000000e+00
2.540508101620324033e-01 8.000000000000000000e+00 0.000000000000000000e+00 1.000000000000000000e+01 1.250000000000000000e+00
2.542508501700340151e-01 8.000000000000000000e+00 0.000000000000000000e+00 1.000000000000000000e+01 1.250000000000000000e+00
2.544508901780356269e-01 8.000000000000000000e+00 0.000000000000000000e+00 1.000000000000000000e+01 1.250000000000000000e+00
2.546509301860371832e-01 8.000000000000000000e+00 0.000000000000000000e+00 1.000000000000000000e+01 1.250000000000000000e+00
2.548509701940387950e-01 8.000000000000000000e+00 0.000000000000000000e+00 1.000000000000000000e+01 1.250000000000000000e+00
2.550510102020404068e-01 8.000000000000000000e+00 0.000000000000000000e+00 1.000000000000000000e+01 1.250000000000000000e+00
2.552510502100420187e-01 8.000000000000000000e+00 0.000000000000000000e+00 1.000000000000000000e+01 1.250000000000000000e+00
2.554510902180436305e-01 8.000000000000000000e+00 0.000000000000000000e+00 1.000000000000000000e+01 1.250000000000000000e+00
2.556511302260451868e-01 8.000000000000000000e+00 0.000000000000000000e+00 1.000000000000000000e+01 1.250000000000000000e+00
2.558511702340467986e-01 8.000000000000000000e+00 0.000000000000000000e+00 1.000000000000000000e+01 1.250000000000000000e+00
2.560512102420484104e-01 8.000000000000000000e+00 0.000000000000000000e+00 1.000000000000000000e+01 1.250000000000000000e+00
2.562512502500500222e-01 8.000000000000000000e+00 0.000000000000000000e+00 1.000000000000000000e+01 1.250000000000000000e+00
2.564512902580516340e-01 8.000000000000000000e+00 0.000000000000000000e+00 1.000000000000000000e+01 1.250000000000000000e+00
2.566513302660531903e-01 8.000000000000000000e+00 0.000000000000000000e+00 1.000000000000000000e+01 1.250000000000000000e+00
2.568513702740548021e-01 8.000000000000000000e+00 0.000000000000000000e+00 1.000000000000000000e+01 1.250000000000000000e+00
2.570514102820564140e-01 8.000000000000000000e+00 0.000000000000000000e+00 1.000000000000000000e+01 1.250000000000000000e+00
2.572514502900580258e-01 8.000000000000000000e+00 0.000000000000000000e+00 1.000000000000000000e+01 1.250000000000000000e+00
2.574514902980596376e-01 8.000000000000000000e+00 0.000000000000000000e+00 1.000000000000000000e+01 1.250000000000000000e+00
2.576515303060611939e-01 8.000000000000000000e+00 0.000000000000000000e+00 1.000000000000000000e+01 1.250000000000000000e+00
2.578515703140628057e-01 8.000000000000000000e+00 0.000000000000000000e+00 1.000000000000000000e+01 1.250000000000000000e+00
2.580516103220644175e-01 8.000000000000000000e+00 0.000000000000000000e+00 1.000000000000000000e+01 1.250000000000000000e+00
2.582516503300660293e-01 8.000000000000000000e+00 0.000000000000000000e+00 1.000000000000000000e+01 1.250000000000000000e+00
2.584516903380676411e-01 8.000000000000000000e+00 0.000000000000000000e+00 1.000000000000000000e+01 1.250000000000000000e+00
2.586517303460691974e-01 8.000000000000000000e+00 0.000000000000000000e+00 1.000000000000000000e+01 1.250000000000000000e+00
2.588517703540708093e-01 8.000000000000000000e+00 0.000000000000000000e+00 1.000000000000000000e+01 1.250000000000000000e+00
2.590518103620724211e-01 8.000000000000000000e+00 0.000000000000000000e+00 1.000000000000000000e+01 1.250000000000000000e+00
2.592518503700740329e-01 8.000000000000000000e+00 0.000000000000000000e+00 1.000000000000000000e+01 1.250000000000000000e+00
2.594518903780755892e-01 8.000000000000000000e+00 0.000000000000000000e+00 1.000000000000000000e+01 1.250000000000000000e+00
2.596519303860772010e-01 8.000000000000000000e+00 0.000000000000000000e+00 1.000000000000000000e+01 1.250000000000000000e+00
2.598519703940788128e-01 8.000000000000000000e+00 0.000000000000000000e+00 1.000000000000000000e+01 1.250000000000000000e+00
2.600520104020804246e-01 8.000000000000000000e+00 0.000000000000000000e+00 1.000000000000000000e+01 1.250000000000000000e+00
2.602520504100820364e-01 8.000000000000000000e+00 0.000000000000000000e+00 1.000000000000000000e+01 1.250000000000000000e+00
2.604520904180835927e-01 8.000000000000000000e+00 0.000000000000000000e+00 1.000000000000000000e+01 1.250000000000000000e+00
2.606521304260852046e-01 8.000000000000000000e+00 0.000000000000000000e+00 1.000000000000000000e+01 1.250000000000000000e+00
2.608521704340868164e-01 8.000000000000000000e+00 0.000000000000000000e+00 1.000000000000000000e+01 1.250000000000000000e+00
2.610522104420884282e-01 8.000000000000000000e+00 0.000000000000000000e+00 1.000000000000000000e+01 1.250000000000000000e+00
2.612522504500900400e-01 8.000000000000000000e+00 0.000000000000000000e+00 1.000000000000000000e+01 1.250000000000000000e+00
2.614522904580915963e-01 8.000000000000000000e+00 0.000000000000000000e+00 1.000000000000000000e+01 1.250000000000000000e+00
2.616523304660932081e-01 8.000000000000000000e+00 0.000000000000000000e+00 1.000000000000000000e+01 1.250000000000000000e+00
2.618523704740948199e-01 8.000000000000000000e+00 0.000000000000000000e+00 1.000000000000000000e+01 1.250000000000000000e+00
2.620524104820964317e-01 8.000000000000000000e+00 0.000000000000000000e+00 1.000000000000000000e+01 1.250000000000000000e+00
2.622524504900980435e-01 8.000000000000000000e+00 0.000000000000000000e+00 1.000000000000000000e+01 1.250000000000000000e+00
2.624524904980995998e-01 8.000000000000000000e+00 0.000000000000000000e+00 1.000000000000000000e+01 1.250000000000000000e+00
2.626525305061012117e-01 8.000000000000000000e+00 0.000000000000000000e+00 1.000000000000000000e+01 1.250000000000000000e+00
2.628525705141028235e-01 8.000000000000000000e+00 0.000000000000000000e+00 1.000000000000000000e+01 1.250000000000000000e+00
2.630526105221044353e-01 8.000000000000000000e+00 0.000000000000000000e+00 1.000000000000000000e+01 1.250000000000000000e+00
2.632526505301060471e-01 8.000000000000000000e+00 0.000000000000000000e+00 1.000000000000000000e+01 1.250000000000000000e+00
2.634526905381076034e-01 8.000000000000000000e+00 0.000000000000000000e+00 1.000000000000000000e+01 1.250000000000000000e+00
2.636527305461092152e-01 8.000000000000000000e+00 0.000000000000000000e+00 1.000000000000000000e+01 1.250000000000000000e+00
2.638527705541108270e-01 8.000000000000000000e+00 0.000000000000000000e+00 1.000000000000000000e+01 1.250000000000000000e+00
2.640528105621124388e-01 8.000000000000000000e+00 0.000000000000000000e+00 1.000000000000000000e+01 1.250000000000000000e+00
2.642528505701140507e-01 8.000000000000000000e+00 0.000000000000000000e+00 1.000000000000000000e+01 1.250000000000000000e+00
2.644528905781156070e-01 8.000000000000000000e+00 0.000000000000000000e+00 1.000000000000000000e+01 1.250000000000000000e+00
2.646529305861172188e-01 8.000000000000000000e+00 0.000000000000000000e+00 1.000000000000000000e+01 1.250000000000000000e+00
2.648529705941188306e-01 8.000000000000000000e+00 0.000000000000000000e+00 1.000000000000000000e+01 1.250000000000000000e+00
2.650530106021204424e-01 8.000000000000000000e+00 0.000000000000000000e+00 1.000000000000000000e+01 1.250000000000000000e+00
2.652530506101219987e-01 8.000000000000000000e+00 0.000000000000000000e+00 1.000000000000000000e+01 1.250000000000000000e+00
2.654530906181236105e-01 8.000000000000000000e+00 0.000000000000000000e+00 1.000000000000000000e+01 1.250000000000000000e+00
2.656531306261252223e-01 8.000000000000000000e+00 0.000000000000000000e+00 1.000000000000000000e+01 1.250000000000000000e+00
2.658531706341268341e-01 8.000000000000000000e+00 0.000000000000000000e+00 1.000000000000000000e+01 1.250000000000000000e+00
2.660532106421284460e-01 8.000000000000000000e+00 0.000000000000000000e+00 1.000000000000000000e+01 1.250000000000000000e+00
2.662532506501300023e-01 8.000000000000000000e+00 0.000000000000000000e+00 1.000000000000000000e+01 1.250000000000000000e+00
2.664532906581316141e-01 8.000000000000000000e+00 0.000000000000000000e+00 1.000000000000000000e+01 1.250000000000000000e+00
2.666533306661332259e-01 8.000000000000000000e+00 0.000000000000000000e+00 1.000000000000000000e+01 1.250000000000000000e+00
2.668533706741348377e-01 8.000000000000000000e+00 0.000000000000000000e+00 1.000000000000000000e+01 1.250000000000000000e+00
2.670534106821364495e-01 8.000000000000000000e+00 0.000000000000000000e+00 1.000000000000000000e+01 1.250000000000000000e+00
2.672534506901380058e-01 8.000000000000000000e+00 0.000000000000000000e+00 1.000000000000000000e+01 1.250000000000000000e+00
2.674534906981396176e-01 8.000000000000000000e+00 0.000000000000000000e+00 1.000000000000000000e+01 1.250000000000000000e+00
2.676535307061412294e-01 8.000000000000000000e+00 0.000000000000000000e+00 1.000000000000000000e+01 1.250000000000000000e+00
2.678535707141428412e-01 8.000000000000000000e+00 0.000000000000000000e+00 1.000000000000000000e+01 1.250000000000000000e+00
2.680536107221444531e-01 8.000000000000000000e+00 0.000000000000000000e+00 1.000000000000000000e+01 1.250000000000000000e+00
2.682536507301460094e-01 8.000000000000000000e+00 0.000000000000000000e+00 1.000000000000000000e+01 1.250000000000000000e+00
2.684536907381476212e-01 8.000000000000000000e+00 0.000000000000000000e+00 1.000000000000000000e+01 1.250000000000000000e+00
2.686537307461492330e-01 8.000000000000000000e+00 0.000000000000000000e+00 1.000000000000000000e+01 1.250000000000000000e+00
2.688537707541508448e-01 8.000000000000000000e+00 0.000000000000000000e+00 1.000000000000000000e+01 1.250000000000000000e+00
2.690538107621524566e-01 8.000000000000000000e+00 0.000000000000000000e+00 1.000000000000000000e+01 1.250000000000000000e+00
2.692538507701540129e-01 8.000000000000000000e+00 0.000000000000000000e+00 1.000000000000000000e+01 1.250000000000000000e+00
2.694538907781556247e-01 8.000000000000000000e+00 0.000000000000000000e+00 1.000000000000000000e+01 1.250000000000000000e+00
2.696539307861572365e-01 8.000000000000000000e+00 0.000000000000000000e+00 1.000000000000000000e+01 1.250000000000000000e+00
2.698539707941588484e-01 8.000000000000000000e+00 0.000000000000000000e+00 1.000000000000000000e+01 1.250000000000000000e+00
2.700540108021604602e-01 8.000000000000000000e+00 0.000000000000000000e+00 1.000000000000000000e+01 1.250000000000000000e+00
2.702540508101620165e-01 8.000000000000000000e+00 0.000000000000000000e+00 1.000000000000000000e+01 1.250000000000000000e+00
2.704540908181636283e-01 8.000000000000000000e+00 0.000000000000000000e+00 1.000000000000000000e+01 1.250000000000000000e+00
2.706541308261652401e-01 8.000000000000000000e+00 0.000000000000000000e+00 1.000000000000000000e+01 1.250000000000000000e+00
2.708541708341668519e-01 8.000000000000000000e+00 0.000000000000000000e+00 1.000000000000000000e+01 1.250000000000000000e+00
2.710542108421684082e-01 8.000000000000000000e+00 0.000000000000000000e+00 1.000000000000000000e+01 1.250000000000000000e+00
2.712542508501700200e-01 8.000000000000000000e+00 0.000000000000000000e+00 1.000000000000000000e+01 1.250000000000000000e+00
2.714542908581716318e-01 8.000000000000000000e+00 0.000000000000000000e+00 1.000000000000000000e+01 1.250000000000000000e+00
2.716543308661732437e-01 8.000000000000000000e+00 0.000000000000000000e+00 1.000000000000000000e+01 1.250000000000000000e+00
2.718543708741748555e-01 8.000000000000000000e+00 0.000000000000000000e+00 1.000000000000000000e+01 1.250000000000000000e+00
2.720544108821764118e-01 8.000000000000000000e+00 0.000000000000000000e+00 1.000000000000000000e+01 1.250000000000000000e+00
2.722544508901780236e-01 8.000000000000000000e+00 0.000000000000000000e+00 1.000000000000000000e+01 1.250000000000000000e+00
2.724544908981796354e-01 8.000000000000000000e+00 0.000000000000000000e+00 1.000000000000000000e+01 1.250000000000000000e+00
2.726545309061812472e-01 8.000000000000000000e+00 0.000000000000000000e+00 1.000000000000000000e+01 1.250000000000000000e+00
2.728545709141828590e-01 8.000000000000000000e+00 0.000000000000000000e+00 1.000000000000000000e+01 1.250000000000000000e+00
2.730546109221844153e-01 8.000000000000000000e+00 0.000000000000000000e+00 1.000000000000000000e+01 1.250000000000000000e+00
2.732546509301860271e-01 8.000000000000000000e+00 0.000000000000000000e+00 1.000000000000000000e+01 1.250000000000000000e+00
2.734546909381876389e-01 8.000000000000000000e+00 0.000000000000000000e+00 1.000000000000000000e+01 1.250000000000000000e+00
2.736547309461892508e-01 8.000000000000000000e+00 0.000000000000000000e+00 1.000000000000000000e+01 1.250000000000000000e+00
2.738547709541908626e-01 8.000000000000000000e+00 0.000000000000000000e+00 1.000000000000000000e+01 1.250000000000000000e+00
2.740548109621924189e-01 8.000000000000000000e+00 0.000000000000000000e+00 1.000000000000000000e+01 1.250000000000000000e+00
2.742548509701940307e-01 8.000000000000000000e+00 0.000000000000000000e+00 1.000000000000000000e+01 1.250000000000000000e+00
2.744548909781956425e-01 8.000000000000000000e+00 0.000000000000000000e+00 1.000000000000000000e+01 1.250000000000000000e+00
2.746549309861972543e-01 8.000000000000000000e+00 0.000000000000000000e+00 1.000000000000000000e+01 1.250000000000000000e+00
2.748549709941988661e-01 8.000000000000000000e+00 0.000000000000000000e+00 1.000000000000000000e+01 1.250000000000000000e+00
2.750550110022004224e-01 8.000000000000000000e+00 0.000000000000000000e+00 1.000000000000000000e+01 1.250000000000000000e+00
2.752550510102020342e-01 8.000000000000000000e+00 0.000000000000000000e+00 1.000000000000000000e+01 1.250000000000000000e+00
2.754550910182036461e-01 8.000000000000000000e+00 0.000000000000000000e+00 1.000000000000000000e+01 1.250000000000000000e+00
2.756551310262052579e-01 8.000000000000000000e+00 0.000000000000000000e+00 1.000000000000000000e+01 1.250000000000000000e+00
2.758551710342068697e-01 8.000000000000000000e+00 0.000000000000000000e+00 1.000000000000000000e+01 1.250000000000000000e+00
2.760552110422084260e-01 8.000000000000000000e+00 0.000000000000000000e+00 1.000000000000000000e+01 1.250000000000000000e+00
2.762552510502100378e-01 8.000000000000000000e+00 0.000000000000000000e+00 1.000000000000000000e+01 1.250000000000000000e+00
2.764552910582116496e-01 8.000000000000000000e+00 0.000000000000000000e+00 1.000000000000000000e+01 1.250000000000000000e+00
2.766553310662132614e-01 8.000000000000000000e+00 0.000000000000000000e+00 1.000000000000000000e+01 1.250000000000000000e+00
2.768553710742148177e-01 8.000000000000000000e+00 0.000000000000000000e+00 1.000000000000000000e+01 1.250000000000000000e+00
2.770554110822164295e-01 8.000000000000000000e+00 0.000000000000000000e+00 1.000000000000000000e+01 1.250000000000000000e+00
2.772554510902180414e-01 8.000000000000000000e+00 0.000000000000000000e+00 1.000000000000000000e+01 1.250000000000000000e+00
2.774554910982196532e-01 8.000000000000000000e+00 0.000000000000000000e+00 1.000000000000000000e+01 1.250000000000000000e+00
2.776555311062212650e-01 8.000000000000000000e+00 0.000000000000000000e+00 1.000000000000000000e+01 1.250000000000000000e+00
2.778555711142228213e-01 8.000000000000000000e+00 0.000000000000000000e+00 1.000000000000000000e+01 1.250000000000000000e+00
2.780556111222244331e-01 8.000000000000000000e+00 0.000000000000000000e+00 1.000000000000000000e+01 1.250000000000000000e+00
2.782556511302260449e-01 8.000000000000000000e+00 0.000000000000000000e+00 1.000000000000000000e+01 1.250000000000000000e+00
2.784556911382276567e-01 8.000000000000000000e+00 0.000000000000000000e+00 1.000000000000000000e+01 1.250000000000000000e+00
2.786557311462292685e-01 8.000000000000000000e+00 0.000000000000000000e+00 1.000000000000000000e+01 1.250000000000000000e+00
2.788557711542308248e-01 8.000000000000000000e+00 0.000000000000000000e+00 1.000000000000000000e+01 1.250000000000000000e+00
2.790558111622324367e-01 8.000000000000000000e+00 0.000000000000000000e+00 1.000000000000000000e+01 1.250000000000000000e+00
2.792558511702340485e-01 8.000000000000000000e+00 0.000000000000000000e+00 1.000000000000000000e+01 1.250000000000000000e+00
2.794558911782356603e-01 8.000000000000000000e+00 0.000000000000000000e+00 1.000000000000000000e+01 1.250000000000000000e+00
2.796559311862372721e-01 8.000000000000000000e+00 0.000000000000000000e+00 1.000000000000000000e+01 1.250000000000000000e+00
2.798559711942388284e-01 8.000000000000000000e+00 0.000000000000000000e+00 1.000000000000000000e+01 1.250000000000000000e+00
2.800560112022404402e-01 8.000000000000000000e+00 0.000000000000000000e+00 1.000000000000000000e+01 1.250000000000000000e+00
2.802560512102420520e-01 8.000000000000000000e+00 0.000000000000000000e+00 1.000000000000000000e+01 1.250000000000000000e+00
2.804560912182436638e-01 8.000000000000000000e+00 0.000000000000000000e+00 1.000000000000000000e+01 1.250000000000000000e+00
2.806561312262452756e-01 8.000000000000000000e+00 0.000000000000000000e+00 1.000000000000000000e+01 1.250000000000000000e+00
2.808561712342468319e-01 8.000000000000000000e+00 0.000000000000000000e+00 1.000000000000000000e+01 1.250000000000000000e+00
2.810562112422484438e-01 8.000000000000000000e+00 0.000000000000000000e+00 1.000000000000000000e+01 1.250000000000000000e+00
2.812562512502500556e-01 8.000000000000000000e+00 0.000000000000000000e+00 1.000000000000000000e+01 1.250000000000000000e+00
2.814562912582516674e-01 8.000000000000000000e+00 0.000000000000000000e+00 1.000000000000000000e+01 1.250000000000000000e+00
2.816563312662532237e-01 8.000000000000000000e+00 0.000000000000000000e+00 1.000000000000000000e+01 1.250000000000000000e+00
2.818563712742548355e-01 8.000000000000000000e+00 0.000000000000000000e+00 1.000000000000000000e+01 1.250000000000000000e+00
2.820564112822564473e-01 8.000000000000000000e+00 0.000000000000000000e+00 1.000000000000000000e+01 1.250000000000000000e+00
2.822564512902580591e-01 8.000000000000000000e+00 0.000000000000000000e+00 1.000000000000000000e+01 1.250000000000000000e+00
2.824564912982596709e-01 8.000000000000000000e+00 0.000000000000000000e+00 1.000000000000000000e+01 1.250000000000000000e+00
2.826565313062612272e-01 8.000000000000000000e+00 0.000000000000000000e+00 1.000000000000000000e+01 1.250000000000000000e+00
2.828565713142628391e-01 8.000000000000000000e+00 0.000000000000000000e+00 1.000000000000000000e+01 1.250000000000000000e+00
2.830566113222644509e-01 8.000000000000000000e+00 0.000000000000000000e+00 1.000000000000000000e+01 1.250000000000000000e+00
2.832566513302660627e-01 8.000000000000000000e+00 0.000000000000000000e+00 1.000000000000000000e+01 1.250000000000000000e+00
2.834566913382676745e-01 8.000000000000000000e+00 0.000000000000000000e+00 1.000000000000000000e+01 1.250000000000000000e+00
2.836567313462692308e-01 8.000000000000000000e+00 0.000000000000000000e+00 1.000000000000000000e+01 1.250000000000000000e+00
2.838567713542708426e-01 8.000000000000000000e+00 0.000000000000000000e+00 1.000000000000000000e+01 1.250000000000000000e+00
2.840568113622724544e-01 8.000000000000000000e+00 0.000000000000000000e+00 1.000000000000000000e+01 1.250000000000000000e+00
2.842568513702740662e-01 8.000000000000000000e+00 0.000000000000000000e+00 1.000000000000000000e+01 1.250000000000000000e+00
2.844568913782756781e-01 8.000000000000000000e+00 0.000000000000000000e+00 1.000000000000000000e+01 1.250000000000000000e+00
2.846569313862772344e-01 8.000000000000000000e+00 0.000000000000000000e+00 1.000000000000000000e+01 1.250000000000000000e+00
2.848569713942788462e-01 8.000000000000000000e+00 0.000000000000000000e+00 1.000000000000000000e+01 1.250000000000000000e+00
2.850570114022804580e-01 8.000000000000000000e+00 0.000000000000000000e+00 1.000000000000000000e+01 1.250000000000000000e+00
2.852570514102820698e-01 8.000000000000000000e+00 0.000000000000000000e+00 1.000000000000000000e+01 1.250000000000000000e+00
2.854570914182836816e-01 8.000000000000000000e+00 0.000000000000000000e+00 1.000000000000000000e+01 1.250000000000000000e+00
2.856571314262852379e-01 8.000000000000000000e+00 0.000000000000000000e+00 1.000000000000000000e+01 1.250000000000000000e+00
2.858571714342868497e-01 8.000000000000000000e+00 0.000000000000000000e+00 1.000000000000000000e+01 1.250000000000000000e+00
2.860572114422884615e-01 8.000000000000000000e+00 0.000000000000000000e+00 1.000000000000000000e+01 1.250000000000000000e+00
2.862572514502900733e-01 8.000000000000000000e+00 0.000000000000000000e+00 1.000000000000000000e+01 1.250000000000000000e+00
2.864572914582916852e-01 8.000000000000000000e+00 0.000000000000000000e+00 1.000000000000000000e+01 1.250000000000000000e+00
2.866573314662932415e-01 8.000000000000000000e+00 0.000000000000000000e+00 1.000000000000000000e+01 1.250000000000000000e+00
2.868573714742948533e-01 8.000000000000000000e+00 0.000000000000000000e+00 1.000000000000000000e+01 1.250000000000000000e+00
2.870574114822964651e-01 8.000000000000000000e+00 0.000000000000000000e+00 1.000000000000000000e+01 1.250000000000000000e+00
2.872574514902980769e-01 8.000000000000000000e+00 0.000000000000000000e+00 1.000000000000000000e+01 1.250000000000000000e+00
2.874574914982996332e-01 8.000000000000000000e+00 0.000000000000000000e+00 1.000000000000000000e+01 1.250000000000000000e+00
2.876575315063012450e-01 8.000000000000000000e+00 0.000000000000000000e+00 1.000000000000000000e+01 1.250000000000000000e+00
2.878575715143028568e-01 8.000000000000000000e+00 0.000000000000000000e+00 1.000000000000000000e+01 1.250000000000000000e+00
2.880576115223044686e-01 8.000000000000000000e+00 0.000000000000000000e+00 1.000000000000000000e+01 1.250000000000000000e+00
2.882576515303060805e-01 8.000000000000000000e+00 0.000000000000000000e+00 1.000000000000000000e+01 1.250000000000000000e+00
2.884576915383076368e-01 8.000000000000000000e+00 0.000000000000000000e+00 1.000000000000000000e+01 1.250000000000000000e+00
2.886577315463092486e-01 8.000000000000000000e+00 0.000000000000000000e+00 1.000000000000000000e+01 1.250000000000000000e+00
2.888577715543108604e-01 8.000000000000000000e+00 0.000000000000000000e+00 1.000000000000000000e+01 1.250000000000000000e+00
2.890578115623124722e-01 8.000000000000000000e+00 0.000000000000000000e+00 1.000000000000000000e+01 1.250000000000000000e+00
2.892578515703140840e-01 8.000000000000000000e+00 0.000000000000000000e+00 1.000000000000000000e+01 1.250000000000000000e+00
2.894578915783156403e-01 8.000000000000000000e+00 0.000000000000000000e+00 1.000000000000000000e+01 1.250000000000000000e+00
2.896579315863172521e-01 8.000000000000000000e+00 0.000000000000000000e+00 1.000000000000000000e+01 1.250000000000000000e+00
2.898579715943188639e-01 8.000000000000000000e+00 0.000000000000000000e+00 1.000000000000000000e+01 1.250000000000000000e+00
2.900580116023204758e-01 8.000000000000000000e+00 0.000000000000000000e+00 1.000000000000000000e+01 1.250000000000000000e+00
2.902580516103220876e-01 8.000000000000000000e+00 0.000000000000000000e+00 1.000000000000000000e+01 1.250000000000000000e+00
2.904580916183236439e-01 8.000000000000000000e+00 0.000000000000000000e+00 1.000000000000000000e+01 1.250000000000000000e+00
2.906581316263252557e-01 8.000000000000000000e+00 0.000000000000000000e+00 1.000000000000000000e+01 1.250000000000000000e+00
2.908581716343268675e-01 8.000000000000000000e+00 0.000000000000000000e+00 1.000000000000000000e+01 1.250000000000000000e+00
2.910582116423284793e-01 8.000000000000000000e+00 0.000000000000000000e+00 1.000000000000000000e+01 1.250000000000000000e+00
2.912582516503300911e-01 8.000000000000000000e+00 0.000000000000000000e+00 1.000000000000000000e+01 1.250000000000000000e+00
2.914582916583316474e-01 8.000000000000000000e+00 0.000000000000000000e+00 1.000000000000000000e+01 1.250000000000000000e+00
2.916583316663332592e-01 8.000000000000000000e+00 0.000000000000000000e+00 1.000000000000000000e+01 1.250000000000000000e+00
2.918583716743348710e-01 8.000000000000000000e+00 0.000000000000000000e+00 1.000000000000000000e+01 1.250000000000000000e+00
2.920584116823364829e-01 8.000000000000000000e+00 0.000000000000000000e+00 1.000000000000000000e+01 1.250000000000000000e+00
2.922584516903380947e-01 8.000000000000000000e+00 0.000000000000000000e+00 1.000000000000000000e+01 1.250000000000000000e+00
2.924584916983396510e-01 8.000000000000000000e+00 0.000000000000000000e+00 1.000000000000000000e+01 1.250000000000000000e+00
2.926585317063412628e-01 8.000000000000000000e+00 0.000000000000000000e+00 1.000000000000000000e+01 1.250000000000000000e+00
2.928585717143428746e-01 8.000000000000000000e+00 0.000000000000000000e+00 1.000000000000000000e+01 1.250000000000000000e+00
2.930586117223444864e-01 8.000000000000000000e+00 0.000000000000000000e+00 1.000000000000000000e+01 1.250000000000000000e+00
2.932586517303460427e-01 8.000000000000000000e+00 0.000000000000000000e+00 1.000000000000000000e+01 1.250000000000000000e+00
2.934586917383476545e-01 8.000000000000000000e+00 0.000000000000000000e+00 1.000000000000000000e+01 1.250000000000000000e+00
2.936587317463492663e-01 8.000000000000000000e+00 0.000000000000000000e+00 1.000000000000000000e+01 1.250000000000000000e+00
2.938587717543508782e-01 8.000000000000000000e+00 0.000000000000000000e+00 1.000000000000000000e+01 1.250000000000000000e+00
2.940588117623524900e-01 8.000000000000000000e+00 0.000000000000000000e+00 1.000000000000000000e+01 1.250000000000000000e+00
2.942588517703540463e-01 8.000000000000000000e+00 0.000000000000000000e+00 1.000000000000000000e+01 1.250000000000000000e+00
2.944588917783556581e-01 8.000000000000000000e+00 0.000000000000000000e+00 1.000000000000000000e+01 1.250000000000000000e+00
2.946589317863572699e-01 8.000000000000000000e+00 0.000000000000000000e+00 1.000000000000000000e+01 1.250000000000000000e+00
2.948589717943588817e-01 8.000000000000000000e+00 0.000000000000000000e+00 1.000000000000000000e+01 1.250000000000000000e+00
2.950590118023604935e-01 8.000000000000000000e+00 0.000000000000000000e+00 1.000000000000000000e+01 1.250000000000000000e+00
2.952590518103620498e-01 8.000000000000000000e+00 0.000000000000000000e+00 1.000000000000000000e+01 1.250000000000000000e+00
2.954590918183636616e-01 8.000000000000000000e+00 0.000000000000000000e+00 1.000000000000000000e+01 1.250000000000000000e+00
2.956591318263652735e-01 8.000000000000000000e+00 0.000000000000000000e+00 1.000000000000000000e+01 1.250000000000000000e+00
2.958591718343668853e-01 8.000000000000000000e+00 0.000000000000000000e+00 1.000000000000000000e+01 1.250000000000000000e+00
2.960592118423684971e-01 8.000000000000000000e+00 0.000000000000000000e+00 1.000000000000000000e+01 1.250000000000000000e+00
2.962592518503700534e-01 8.000000000000000000e+00 0.000000000000000000e+00 1.000000000000000000e+01 1.250000000000000000e+00
2.964592918583716652e-01 8.000000000000000000e+00 0.000000000000000000e+00 1.000000000000000000e+01 1.250000000000000000e+00
2.966593318663732770e-01 8.000000000000000000e+00 0.000000000000000000e+00 1.000000000000000000e+01 1.250000000000000000e+00
2.968593718743748888e-01 8.000000000000000000e+00 0.000000000000000000e+00 1.000000000000000000e+01 1.250000000000000000e+00
2.970594118823765006e-01 8.000000000000000000e+00 0.000000000000000000e+00 1.000000000000000000e+01 1.250000000000000000e+00
2.972594518903780569e-01 8.000000000000000000e+00 0.000000000000000000e+00 1.000000000000000000e+01 1.250000000000000000e+00
2.974594918983796688e-01 8.000000000000000000e+00 0.000000000000000000e+00 1.000000000000000000e+01 1.250000000000000000e+00
2.976595319063812806e-01 8.000000000000000000e+00 0.000000000000000000e+00 1.000000000000000000e+01 1.250000000000000000e+00
2.978595719143828924e-01 8.000000000000000000e+00 0.000000000000000000e+00 1.000000000000000000e+01 1.250000000000000000e+00
2.980596119223845042e-01 8.000000000000000000e+00 0.000000000000000000e+00 1.000000000000000000e+01 1.250000000000000000e+00
2.982596519303860605e-01 8.000000000000000000e+00 0.000000000000000000e+00 1.000000000000000000e+01 1.250000000000000000e+00
2.984596919383876723e-01 8.000000000000000000e+00 0.000000000000000000e+00 1.000000000000000000e+01 1.250000000000000000e+00
2.986597319463892841e-01 8.000000000000000000e+00 0.000000000000000000e+00 1.000000000000000000e+01 1.250000000000000000e+00
2.988597719543908959e-01 8.000000000000000000e+00 0.000000000000000000e+00 1.000000000000000000e+01 1.250000000000000000e+00
2.990598119623924522e-01 8.000000000000000000e+00 0.000000000000000000e+00 1.000000000000000000e+01 1.250000000000000000e+00
2.992598519703940640e-01 8.000000000000000000e+00 0.000000000000000000e+00 1.000000000000000000e+01 1.250000000000000000e+00
2.994598919783956759e-01 8.000000000000000000e+00 0.000000000000000000e+00 1.000000000000000000e+01 1.250000000000000000e+00
2.996599319863972877e-01 8.000000000000000000e+00 0.000000000000000000e+00 1.000000000000000000e+01 1.250000000000000000e+00
2.998599719943988995e-01 8.000000000000000000e+00 0.000000000000000000e+00 1.000000000000000000e+01 1.250000000000000000e+00
3.000600120024004558e-01 8.000000000000000000e+00 0.000000000000000000e+00 1.000000000000000000e+01 1.250000000000000000e+00
3.002600520104020676e-01 8.000000000000000000e+00 0.000000000000000000e+00 1.000000000000000000e+01 1.250000000000000000e+00
3.004600920184036794e-01 8.000000000000000000e+00 0.000000000000000000e+00 1.000000000000000000e+01 1.250000000000000000e+00
3.006601320264052912e-01 8.000000000000000000e+00 0.000000000000000000e+00 1.000000000000000000e+01 1.250000000000000000e+00
3.008601720344069030e-01 8.000000000000000000e+00 0.000000000000000000e+00 1.000000000000000000e+01 1.250000000000000000e+00
3.010602120424084593e-01 8.000000000000000000e+00 0.000000000000000000e+00 1.000000000000000000e+01 1.250000000000000000e+00
3.012602520504100712e-01 8.000000000000000000e+00 0.000000000000000000e+00 1.000000000000000000e+01 1.250000000000000000e+00
3.014602920584116830e-01 8.000000000000000000e+00 0.000000000000000000e+00 1.000000000000000000e+01 1.250000000000000000e+00
3.016603320664132948e-01 7.996920302544672232e+00 5.093355347644361580e-04 9.994610944433597766e+00 1.249807496675094720e+00
3.018603720744149066e-01 7.990203917346755169e+00 1.620668912551045168e-03 9.982861054777066201e+00 1.249387519773337285e+00
3.020604120824164629e-01 7.983492045627289535e+00 2.732002290337469212e-03 9.971123007196586840e+00 1.248967613446544389e+00
3.022604520904180747e-01 7.976784685111065087e+00 3.843335668124263187e-03 9.959396791744664412e+00 1.248547777694715810e+00
3.024604920984196865e-01 7.970081833523634529e+00 4.954669045911057161e-03 9.947682398480488075e+00 1.248128012517851548e+00
3.026605321064212983e-01 7.963383488591324166e+00 6.066002423697666388e-03 9.935979817469943853e+00 1.247708317915951604e+00
3.028605721144229102e-01 7.956689648041216145e+00 7.177335801484460362e-03 9.924289038785584438e+00 1.247288693889016198e+00
3.030606121224244665e-01 7.950000309601157333e+00 8.288669179270884840e-03 9.912610052506638070e+00 1.246869140437045109e+00
3.032606521304260783e-01 7.943315470999757544e+00 9.400002557057678815e-03 9.900942848719001432e+00 1.246449657560038116e+00
3.034606921384276901e-01 7.936635129966402857e+00 1.051133593484428717e-02 9.889287417515262746e+00 1.246030245257995883e+00
3.036607321464293019e-01 7.929959284231228089e+00 1.162266931263108115e-02 9.877643748994652029e+00 1.245610903530917968e+00
3.038607721544309137e-01 7.923287931525134553e+00 1.273400269041787512e-02 9.866011833263062414e+00 1.245191632378804369e+00
3.040608121624324700e-01 7.916621069579805159e+00 1.384533606820429960e-02 9.854391660433076794e+00 1.244772431801655532e+00
3.042608521704340818e-01 7.909958696127652900e+00 1.495666944599090796e-02 9.842783220623879004e+00 1.244353301799470346e+00
3.044608921784356936e-01 7.903300808901887464e+00 1.606800282377770367e-02 9.831186503961358625e+00 1.243934242372249921e+00
3.046609321864373054e-01 7.896647405636461947e+00 1.717933620156449764e-02 9.819601500578027498e+00 1.243515253519994035e+00
3.048609721944388617e-01 7.889998484066100382e+00 1.829066957935092039e-02 9.808028200613046366e+00 1.243096335242702244e+00
3.050610122024404736e-01 7.883354041926287081e+00 1.940200295713753048e-02 9.796466594212217771e+00 1.242677487540374992e+00
3.052610522104420854e-01 7.876714076953264865e+00 2.051333633492432446e-02 9.784916671527980725e+00 1.242258710413012057e+00
3.054610922184436972e-01 7.870078586884055483e+00 2.162466971271111843e-02 9.773378422719424918e+00 1.241840003860613217e+00
3.056611322264453090e-01 7.863447569456425867e+00 2.273600309049772505e-02 9.761851837952256972e+00 1.241421367883179139e+00
3.058611722344468653e-01 7.856821022408913890e+00 2.384733646828415127e-02 9.750336907398812869e+00 1.241002802480709155e+00
3.060612122424484771e-01 7.850198943480812375e+00 2.495866984607094524e-02 9.738833621238054405e+00 1.240584307653203711e+00
3.062612522504500889e-01 7.843581330412192187e+00 2.607000322385773922e-02 9.727341969655579845e+00 1.240165883400662583e+00
3.064612922584517007e-01 7.836968180943871154e+00 2.718133660164434584e-02 9.715861942843591947e+00 1.239747529723085995e+00
3.066613322664533126e-01 7.830359492817434486e+00 2.829266997943113982e-02 9.704393531000906847e+00 1.239329246620473945e+00
3.068613722744548689e-01 7.823755263775229452e+00 2.940400335721756603e-02 9.692936724332959386e+00 1.238911034092825991e+00
3.070614122824564807e-01 7.817155491560360936e+00 3.051533673500436000e-02 9.681491513051785347e+00 1.238492892140142132e+00
3.072614522904580925e-01 7.810560173916706539e+00 3.162667011279096663e-02 9.670057887376046324e+00 1.238074820762423034e+00
3.074614922984597043e-01 7.803969308588895260e+00 3.273800349057776060e-02 9.658635837530983537e+00 1.237656819959668253e+00
3.076615323064613161e-01 7.797382893322316377e+00 3.384933686836455458e-02 9.647225353748435595e+00 1.237238889731877345e+00
3.078615723144628724e-01 7.790800925863131887e+00 3.496067024615098079e-02 9.635826426266866918e+00 1.236821030079051420e+00
3.080616123224644842e-01 7.784223403958253407e+00 3.607200362393758741e-02 9.624439045331298459e+00 1.236403241001189812e+00
3.082616523304660960e-01 7.777650325355358163e+00 3.718333700172438139e-02 9.613063201193357443e+00 1.235985522498292521e+00
3.084616923384677079e-01 7.771081687802879223e+00 3.829467037951117536e-02 9.601698884111245391e+00 1.235567874570359548e+00
3.086617323464693197e-01 7.764517489050024146e+00 3.940600375729778893e-02 9.590346084349768319e+00 1.235150297217391113e+00
3.088617723544708760e-01 7.757957726846747448e+00 4.051733713508420820e-02 9.579004792180286998e+00 1.234732790439386774e+00
3.090618123624724878e-01 7.751402398943768368e+00 4.162867051287100217e-02 9.567674997880747156e+00 1.234315354236346973e+00
3.092618523704740996e-01 7.744851503092566425e+00 4.274000389065779615e-02 9.556356691735668818e+00 1.233897988608271934e+00
3.094618923784757114e-01 7.738305037045383195e+00 4.385133726844440971e-02 9.545049864036132092e+00 1.233480693555160546e+00
3.096619323864773232e-01 7.731762998555212540e+00 4.496267064623120369e-02 9.533754505079784280e+00 1.233063469077013696e+00
3.098619723944788795e-01 7.725225385375825482e+00 4.607400402401762296e-02 9.522470605170854085e+00 1.232646315173831608e+00
3.100620124024804913e-01 7.718692195261736444e+00 4.718533740180441693e-02 9.511198154620101874e+00 1.232229231845613615e+00
3.102620524104821031e-01 7.712163425968224573e+00 4.829667077959103050e-02 9.499937143744856982e+00 1.231812219092360161e+00
3.104620924184837150e-01 7.705639075251327519e+00 4.940800415737782447e-02 9.488687562868992842e+00 1.231395276914070802e+00
3.106621324264852713e-01 7.699119140867850319e+00 5.051933753516424375e-02 9.477449402322946526e+00 1.230978405310745982e+00
3.108621724344868831e-01 7.692603620575347634e+00 5.163067091295103772e-02 9.466222652443686769e+00 1.230561604282385479e+00
3.110622124424884949e-01 7.686092512132137067e+00 5.274200429073765128e-02 9.455007303574729960e+00 1.230144873828989738e+00
3.112622524504901067e-01 7.679585813297294727e+00 5.385333766852444526e-02 9.443803346066125926e+00 1.229728213950558091e+00
3.114622924584917185e-01 7.673083521830652565e+00 5.496467104631123923e-02 9.432610770274457934e+00 1.229311624647090539e+00
3.116623324664932748e-01 7.666585635492813466e+00 5.607600442409765851e-02 9.421429566562864011e+00 1.228895105918587749e+00
3.118623724744948866e-01 7.660092152045124614e+00 5.718733780188427207e-02 9.410259725300981870e+00 1.228478657765049276e+00
3.120624124824964984e-01 7.653603069249698798e+00 5.829867117967106604e-02 9.399101236864989772e+00 1.228062280186475119e+00
3.122624524904981103e-01 7.647118384869401986e+00 5.941000455745786002e-02 9.387954091637576326e+00 1.227645973182865058e+00
3.124624924984997221e-01 7.640638096667870194e+00 6.052133793524446664e-02 9.376818280007972461e+00 1.227229736754219758e+00
3.126625325065012784e-01 7.634162202409486397e+00 6.163267131303089286e-02 9.365693792371903470e+00 1.226813570900538775e+00
3.128625725145028902e-01 7.627690699859394741e+00 6.274400469081768683e-02 9.354580619131612096e+00 1.226397475621822108e+00
3.130626125225045020e-01 7.621223586783496984e+00 6.385533806860448081e-02 9.343478750695847879e+00 1.225981450918069759e+00
3.132626525305061138e-01 7.614760860948450727e+00 6.496667144639109437e-02 9.332388177479867153e+00 1.225565496789281728e+00
3.134626925385077256e-01 7.608302520121680956e+00 6.607800482417788834e-02 9.321308889905440154e+00 1.225149613235458235e+00
3.136627325465092819e-01 7.601848562071359616e+00 6.718933820196430762e-02 9.310240878400820819e+00 1.224733800256599281e+00
3.138627725545108937e-01 7.595398984566419820e+00 6.830067157975110159e-02 9.299184133400762775e+00 1.224318057852704422e+00
3.140628125625125056e-01 7.588953785376551409e+00 6.941200495753771516e-02 9.288138645346514011e+00 1.223902386023774103e+00
3.142628525705141174e-01 7.582512962272197399e+00 7.052333833532450913e-02 9.277104404685802663e+00 1.223486784769807878e+00
3.144628925785157292e-01 7.576076513024569969e+00 7.163467171311130310e-02 9.266081401872863665e+00 1.223071254090806415e+00
3.146629325865172855e-01 7.569644435405627370e+00 7.274600509089772238e-02 9.255069627368396112e+00 1.222655793986769046e+00
3.148629725945188973e-01 7.563216727188087241e+00 7.385733846868433594e-02 9.244069071639581026e+00 1.222240404457696217e+00
3.150630126025205091e-01 7.556793386145419511e+00 7.496867184647112992e-02 9.233079725160070694e+00 1.221825085503587260e+00
3.152630526105221209e-01 7.550374410051864160e+00 7.608000522425792389e-02 9.222101578410011768e+00 1.221409837124443287e+00
3.154630926185237327e-01 7.543959796682404573e+00 7.719133860204452358e-02 9.211134621875999073e+00 1.220994659320263853e+00
3.156631326265252890e-01 7.537549543812784414e+00 7.830267197983095673e-02 9.200178846051093373e+00 1.220579552091048292e+00
3.158631726345269009e-01 7.531143649219504077e+00 7.941400535761775070e-02 9.189234241434828476e+00 1.220164515436797270e+00
3.160632126425285127e-01 7.524742110679814466e+00 8.052533873540454468e-02 9.178300798533186367e+00 1.219749549357510565e+00
3.162632526505301245e-01 7.518344925971736536e+00 8.163667211319114436e-02 9.167378507858622072e+00 1.219334653853188399e+00
3.164632926585316808e-01 7.511952092874032871e+00 8.274800549097757751e-02 9.156467359930026362e+00 1.218919828923830551e+00
3.166633326665332926e-01 7.505563609166227224e+00 8.385933886876437149e-02 9.145567345272747062e+00 1.218505074569437019e+00
3.168633726745349044e-01 7.499179472628594745e+00 8.497067224655116546e-02 9.134678454418567739e+00 1.218090390790007582e+00
3.170634126825365162e-01 7.492799681042176196e+00 8.608200562433776515e-02 9.123800677905739676e+00 1.217675777585542907e+00
3.172634526905381280e-01 7.486424232188757522e+00 8.719333900212455912e-02 9.112934006278928578e+00 1.217261234956042326e+00
3.174634926985396843e-01 7.480053123850882280e+00 8.830467237991099227e-02 9.102078430089248329e+00 1.216846762901506507e+00
3.176635327065412961e-01 7.473686353811850758e+00 8.941600575769778625e-02 9.091233939894241445e+00 1.216432361421935004e+00
3.178635727145429080e-01 7.467323919855712866e+00 9.052733913548438593e-02 9.080400526257875526e+00 1.216018030517327819e+00
3.180636127225445198e-01 7.460965819767285900e+00 9.163867251327117991e-02 9.069578179750562796e+00 1.215603770187684729e+00
3.182636527305461316e-01 7.454612051332127898e+00 9.275000589105797388e-02 9.058766890949121020e+00 1.215189580433006400e+00
3.184636927385476879e-01 7.448262612336557176e+00 9.386133926884440704e-02 9.047966650436793046e+00 1.214775461253292388e+00
3.186637327465492997e-01 7.441917500567647004e+00 9.497267264663100672e-02 9.037177448803237922e+00 1.214361412648542471e+00
3.188637727545509115e-01 7.435576713813218497e+00 9.608400602441780070e-02 9.026399276644523795e+00 1.213947434618756871e+00
3.190638127625525233e-01 7.429240249861861045e+00 9.719533940220459467e-02 9.015632124563145666e+00 1.213533527163936032e+00
3.192638527705541351e-01 7.422908106502904779e+00 9.830667277999120823e-02 9.004875983167986320e+00 1.213119690284079510e+00
3.194638927785556914e-01 7.416580281526438334e+00 9.941800615777762751e-02 8.994130843074339410e+00 1.212705923979187084e+00
3.196639327865573033e-01 7.410256772723298191e+00 1.005293395355644215e-01 8.983396694903891699e+00 1.212292228249259196e+00
3.198639727945589151e-01 7.403937577885089993e+00 1.016406729133512155e-01 8.972673529284744376e+00 1.211878603094295404e+00
3.200640128025605269e-01 7.397622694804156573e+00 1.027520062911378290e-01 8.961961336851377524e+00 1.211465048514296372e+00
3.202640528105621387e-01 7.391312121273596603e+00 1.038633396689246230e-01 8.951260108244659008e+00 1.211051564509261658e+00
3.204640928185636950e-01 7.385005855087278803e+00 1.049746730467110423e-01 8.940569834111867564e+00 1.210638151079191704e+00
3.206641328265653068e-01 7.378703894039793987e+00 1.060860064244978362e-01 8.929890505106621745e+00 1.210224808224085402e+00
3.208641728345669186e-01 7.372406235926516338e+00 1.071973398022844498e-01 8.919222111888968740e+00 1.209811535943943861e+00
3.210642128425685304e-01 7.366112878543556342e+00 1.083086731800712438e-01 8.908564645125302661e+00 1.209398334238766637e+00
3.212642528505701423e-01 7.359823819687774993e+00 1.094200065578580378e-01 8.897918095488394741e+00 1.208985203108553508e+00
3.214642928585716986e-01 7.353539057156801562e+00 1.105313399356444570e-01 8.887282453657407544e+00 1.208572142553305140e+00
3.216643328665733104e-01 7.347258588749002506e+00 1.116426733134310706e-01 8.876657710317845229e+00 1.208159152573021089e+00
3.218643728745749222e-01 7.340982412263502788e+00 1.127540066912178646e-01 8.866043856161592629e+00 1.207746233167701577e+00
3.220644128825765340e-01 7.334710525500173439e+00 1.138653400690046585e-01 8.855440881886876170e+00 1.207333384337345716e+00
3.222644528905780903e-01 7.328442926259655543e+00 1.149766734467910778e-01 8.844848778198318939e+00 1.206920606081954839e+00
3.224644928985797021e-01 7.322179612343311383e+00 1.160880068245776914e-01 8.834267535806846539e+00 1.206507898401528500e+00
3.226645329065813139e-01 7.315920581553286617e+00 1.171993402023644854e-01 8.823697145429779454e+00 1.206095261296066257e+00
3.228645729145829257e-01 7.309665831692460536e+00 1.183106735801512793e-01 8.813137597790765554e+00 1.205682694765568330e+00
3.230646129225845375e-01 7.303415360564462944e+00 1.194220069579378929e-01 8.802588883619790749e+00 1.205270198810034499e+00
3.232646529305860938e-01 7.297169165973692806e+00 1.205333403357243122e-01 8.792050993653216295e+00 1.204857773429465873e+00
3.234646929385877057e-01 7.290927245725270289e+00 1.216446737135111061e-01 8.781523918633686421e+00 1.204445418623860897e+00
3.236647329465893175e-01 7.284689597625098045e+00 1.227560070912979001e-01 8.771007649310236687e+00 1.204033134393220683e+00
3.238647729545909293e-01 7.278456219479810585e+00 1.238673404690845137e-01 8.760502176438198063e+00 1.203620920737544564e+00
3.240648129625925411e-01 7.272227109096794706e+00 1.249786738468713077e-01 8.750007490779237784e+00 1.203208777656832984e+00
3.242648529705940974e-01 7.266002264284199263e+00 1.260900072246577408e-01 8.739523583101362902e+00 1.202796705151085721e+00
3.244648929785957092e-01 7.259781682850911189e+00 1.272013406024445348e-01 8.729050444178884760e+00 1.202384703220302997e+00
3.246649329865973210e-01 7.253565362606575029e+00 1.283126739802311345e-01 8.718588064792440306e+00 1.201972771864484590e+00
3.248649729945989328e-01 7.247353301361576960e+00 1.294240073580179284e-01 8.708136435728970781e+00 1.201560911083630057e+00
3.250650130026005447e-01 7.241145496927068770e+00 1.305353407358047224e-01 8.697695547781759018e+00 1.201149120877740728e+00
3.252650530106021010e-01 7.234941947114940319e+00 1.316466741135911556e-01 8.687265391750367272e+00 1.200737401246815272e+00
3.254650930186037128e-01 7.228742649737832870e+00 1.327580074913777552e-01 8.676845958440672746e+00 1.200325752190854134e+00
3.256651330266053246e-01 7.222547602609139084e+00 1.338693408691645492e-01 8.666437238664860487e+00 1.199914173709857979e+00
3.258651730346069364e-01 7.216356803542998577e+00 1.349806742469513432e-01 8.656039223241400293e+00 1.199502665803825474e+00
3.260652130426085482e-01 7.210170250354311250e+00 1.360920076247379429e-01 8.645651902995082239e+00 1.199091228472757731e+00
3.262652530506101045e-01 7.203987940858713301e+00 1.372033410025243760e-01 8.635275268756966938e+00 1.198679861716654305e+00
3.264652930586117163e-01 7.197809872872595882e+00 1.383146743803111700e-01 8.624909311364415743e+00 1.198268565535515418e+00
3.266653330666133281e-01 7.191636044213095325e+00 1.394260077580979640e-01 8.614554021661062322e+00 1.197857339929340403e+00
3.268653730746149400e-01 7.185466452698108242e+00 1.405373411358845637e-01 8.604209390496848187e+00 1.197446184898129928e+00
3.270654130826165518e-01 7.179301096146268435e+00 1.416486745136713576e-01 8.593875408727976506e+00 1.197035100441883992e+00
3.272654530906181081e-01 7.173139972376961992e+00 1.427600078914577908e-01 8.583552067216928094e+00 1.196624086560602596e+00
3.274654930986197199e-01 7.166983079210325513e+00 1.438713412692445848e-01 8.573239356832461411e+00 1.196213143254285516e+00
3.276655331066213317e-01 7.160830414467242555e+00 1.449826746470311845e-01 8.562937268449601902e+00 1.195802270522932753e+00
3.278655731146229435e-01 7.154681975969340968e+00 1.460940080248179784e-01 8.552645792949636672e+00 1.195391468366543863e+00
3.280656131226244998e-01 7.148537761539008883e+00 1.472053414026044116e-01 8.542364921220137575e+00 1.194980736785119957e+00
3.282656531306261116e-01 7.142397768999372509e+00 1.483166747803912056e-01 8.532094644154915031e+00 1.194570075778660367e+00
3.284656931386277234e-01 7.136261996174306788e+00 1.494280081581778052e-01 8.521834952654042894e+00 1.194159485347165095e+00
3.286657331466293352e-01 7.130130440888433618e+00 1.505393415359645992e-01 8.511585837623844242e+00 1.193748965490633696e+00
3.288657731546309471e-01 7.124003100967133406e+00 1.516506749137513932e-01 8.501347289976914468e+00 1.193338516209067501e+00
3.290658131626325034e-01 7.117879974236521967e+00 1.527620082915378263e-01 8.491119300632069766e+00 1.192928137502465180e+00
3.292658531706341152e-01 7.111761058523466517e+00 1.538733416693244260e-01 8.480901860514382662e+00 1.192517829370827398e+00
3.294658931786357270e-01 7.105646351655582116e+00 1.549846750471112200e-01 8.470694960555166020e+00 1.192107591814154155e+00
3.296659331866373388e-01 7.099535851461227232e+00 1.560960084248980140e-01 8.460498591691964165e+00 1.191697424832445007e+00
3.298659731946389506e-01 7.093429555769519723e+00 1.572073418026846414e-01 8.450312744868572423e+00 1.191287328425700176e+00
3.300660132026405069e-01 7.087327462410311085e+00 1.583186751804710468e-01 8.440137411035003367e+00 1.190877302593920106e+00
3.302660532106421187e-01 7.081229569214205100e+00 1.594300085582578408e-01 8.429972581147499255e+00 1.190467347337104131e+00
3.304660932186437305e-01 7.075135874012548065e+00 1.605413419360446348e-01 8.419818246168523146e+00 1.190057462655252252e+00
3.306661332266453424e-01 7.069046374637443897e+00 1.616526753138312622e-01 8.409674397066780216e+00 1.189647648548365133e+00
3.308661732346469542e-01 7.062961068921731034e+00 1.627640086916180562e-01 8.399541024817171575e+00 1.189237905016442332e+00
3.310662132426485105e-01 7.056879954699000201e+00 1.638753420694044616e-01 8.389418120400824463e+00 1.188828232059484069e+00
3.312662532506501223e-01 7.050803029803582866e+00 1.649866754471912556e-01 8.379305674805067383e+00 1.188418629677489902e+00
3.314662932586517341e-01 7.044730292070568112e+00 1.660980088249778830e-01 8.369203679023458520e+00 1.188009097870460051e+00
3.316663332666533459e-01 7.038661739335779544e+00 1.672093422027646770e-01 8.359112124055744886e+00 1.187599636638394962e+00
3.318663732746549577e-01 7.032597369435792167e+00 1.683206755805514709e-01 8.349031000907880085e+00 1.187190245981294190e+00
3.320664132826565140e-01 7.026537180207923505e+00 1.694320089583378763e-01 8.338960300592015429e+00 1.186780925899157513e+00
3.322664532906581258e-01 7.020481169490236262e+00 1.705433423361245038e-01 8.328900014126496387e+00 1.186371676391985153e+00
3.324664932986597377e-01 7.014429335121547204e+00 1.716546757139112978e-01 8.318850132535875019e+00 1.185962497459777332e+00
3.326665333066613495e-01 7.008381674941408512e+00 1.727660090916980917e-01 8.308810646850879778e+00 1.185553389102533828e+00
3.328665733146629613e-01 7.002338186790121100e+00 1.738773424694846914e-01 8.298781548108427941e+00 1.185144351320254863e+00
3.330666133226645176e-01 6.996298868508730173e+00 1.749886758472711246e-01 8.288762827351622064e+00 1.184735384112940659e+00
3.332666533306661294e-01 6.990263717939024346e+00 1.761000092250579185e-01 8.278754475629733989e+00 1.184326487480589885e+00
3.334666933386677412e-01 6.984232732923545406e+00 1.772113426028447125e-01 8.268756483998236817e+00 1.183917661423204093e+00
3.336667333466693530e-01 6.978205911305571441e+00 1.783226759806313122e-01 8.258768843518758729e+00 1.183508905940782618e+00
3.338667733546709093e-01 6.972183250929126608e+00 1.794340093584177454e-01 8.248791545259098967e+00 1.183100221033325461e+00
3.340668133626725211e-01 6.966164749638975806e+00 1.805453427362045393e-01 8.238824580293220734e+00 1.182691606700832176e+00
3.342668533706741330e-01 6.960150405280640662e+00 1.816566761139913333e-01 8.228867939701276057e+00 1.182283062943304319e+00
3.344668933786757448e-01 6.954140215700375549e+00 1.827680094917779330e-01 8.218921614569547174e+00 1.181874589760740335e+00
3.346669333866773566e-01 6.948134178745182687e+00 1.838793428695647270e-01 8.208985595990487383e+00 1.181466187153140446e+00
3.348669733946789129e-01 6.942132292262807702e+00 1.849906762473511601e-01 8.199059875062706837e+00 1.181057855120505096e+00
3.350670134026805247e-01 6.936134554101735183e+00 1.861020096251379541e-01 8.189144442890956554e+00 1.180649593662834063e+00
3.352670534106821365e-01 6.930140962111207337e+00 1.872133430029245538e-01 8.179239290586155064e+00 1.180241402780127791e+00
3.354670934186837483e-01 6.924151514141196451e+00 1.883246763807113477e-01 8.169344409265345774e+00 1.179833282472385392e+00
3.356671334266853601e-01 6.918166208042419996e+00 1.894360097584981417e-01 8.159459790051718286e+00 1.179425232739607310e+00
3.358671734346869164e-01 6.912185041666346841e+00 1.905473431362845749e-01 8.149585424074615503e+00 1.179017253581794211e+00
3.360672134426885282e-01 6.906208012865182155e+00 1.916586765140711746e-01 8.139721302469499875e+00 1.178609344998945208e+00
3.362672534506901401e-01 6.900235119491873625e+00 1.927700098918579685e-01 8.129867416377967615e+00 1.178201506991060743e+00
3.364672934586917519e-01 6.894266359400115007e+00 1.938813432696447625e-01 8.120023756947746918e+00 1.177793739558140373e+00
3.366673334666933637e-01 6.888301730444337245e+00 1.949926766474313622e-01 8.110190315332689082e+00 1.177386042700184099e+00
3.368673734746949200e-01 6.882341230479729788e+00 1.961040100252177953e-01 8.100367082692788046e+00 1.176978416417193030e+00
3.370674134826965318e-01 6.876384857362197067e+00 1.972153434030045893e-01 8.090554050194114666e+00 1.176570860709165833e+00
3.372674534906981436e-01 6.870432608948414455e+00 1.983266767807913833e-01 8.080751209008898428e+00 1.176163375576102954e+00
3.374674934986997554e-01 6.864484483095782075e+00 1.994380101585779830e-01 8.070958550315461721e+00 1.175755961018004614e+00
3.376675335067013672e-01 6.858540477662443458e+00 2.005493435363647770e-01 8.061176065298232274e+00 1.175348617034870369e+00
3.378675735147029235e-01 6.852600590507296197e+00 2.016606769141512101e-01 8.051403745147766244e+00 1.174941343626700885e+00
3.380676135227045354e-01 6.846664819489966192e+00 2.027720102919380041e-01 8.041641581060702038e+00 1.174534140793495718e+00
3.382676535307061472e-01 6.840733162470827189e+00 2.038833436697246038e-01 8.031889564239785173e+00 1.174127008535254646e+00
3.384676935387077590e-01 6.834805617310988346e+00 2.049946770475113977e-01 8.022147685893854074e+00 1.173719946851978113e+00
3.386677335467093153e-01 6.828882181872318213e+00 2.061060104252978309e-01 8.012415937237866714e+00 1.173312955743666341e+00
3.388677735547109271e-01 6.822962854017398548e+00 2.072173438030846249e-01 8.002694309492824232e+00 1.172906035210318221e+00
3.390678135627125389e-01 6.817047631609577607e+00 2.083286771808712246e-01 7.992982793885863302e+00 1.172499185251935083e+00
3.392678535707141507e-01 6.811136512512932839e+00 2.094400105586580185e-01 7.983281381650177089e+00 1.172092405868516041e+00
3.394678935787157625e-01 6.805229494592279771e+00 2.105513439364448125e-01 7.973590064025042778e+00 1.171685697060061093e+00
3.396679335867173188e-01 6.799326575713187104e+00 2.116626773142312457e-01 7.963908832255832237e+00 1.171279058826570685e+00
3.398679735947189307e-01 6.793427753741953623e+00 2.127740106920178453e-01 7.954237677593977374e+00 1.170872491168045038e+00
3.400680136027205425e-01 6.787533026545620629e+00 2.138853440698046393e-01 7.944576591296983459e+00 1.170465994084483707e+00
3.402680536107221543e-01 6.781642391991968388e+00 2.149966774475914333e-01 7.934925564628422023e+00 1.170059567575886250e+00
3.404680936187237661e-01 6.775755847949527677e+00 2.161080108253780607e-01 7.925284588857945955e+00 1.169653211642253554e+00
3.406681336267253224e-01 6.769873392287556690e+00 2.172193442031644661e-01 7.915653655261253974e+00 1.169246926283585175e+00
3.408681736347269342e-01 6.763995022876061469e+00 2.183306775809512601e-01 7.906032755120111943e+00 1.168840711499881335e+00
3.410682136427285460e-01 6.758120737585782578e+00 2.194420109587380541e-01 7.896421879722336001e+00 1.168434567291141812e+00
3.412682536507301578e-01 6.752250534288201322e+00 2.205533443365246815e-01 7.886821020361795220e+00 1.168028493657366385e+00
3.414682936587317696e-01 6.746384410855546854e+00 2.216646777143114755e-01 7.877230168338423155e+00 1.167622490598555718e+00
3.416683336667333259e-01 6.740522365160779295e+00 2.227760110920978809e-01 7.867649314958182316e+00 1.167216558114708924e+00
3.418683736747349378e-01 6.734664395077599508e+00 2.238873444698846749e-01 7.858078451533088149e+00 1.166810696205826892e+00
3.420684136827365496e-01 6.728810498480449098e+00 2.249986778476713023e-01 7.848517569381192160e+00 1.166404904871909176e+00
3.422684536907381614e-01 6.722960673244503305e+00 2.261100112254580963e-01 7.838966659826578365e+00 1.165999184112955778e+00
3.424684936987397732e-01 6.717114917245690542e+00 2.272213446032448902e-01 7.829425714199383712e+00 1.165593533928966696e+00
3.426685337067413295e-01 6.711273228360664866e+00 2.283326779810312956e-01 7.819894723835757233e+00 1.165187954319942154e+00
3.428685737147429413e-01 6.705435604466821964e+00 2.294440113588179231e-01 7.810373680077882241e+00 1.164782445285882151e+00
3.430686137227445531e-01 6.699602043442295596e+00 2.305553447366047171e-01 7.800862574273958572e+00 1.164377006826785799e+00
3.432686537307461649e-01 6.693772543165966482e+00 2.316666781143915110e-01 7.791361397778231890e+00 1.163971638942654652e+00
3.434686937387477768e-01 6.687947101517443649e+00 2.327780114921781107e-01 7.781870141950938624e+00 1.163566341633487600e+00
3.436687337467493331e-01 6.682125716377077751e+00 2.338893448699645439e-01 7.772388798158344159e+00 1.163161114899284865e+00
3.438687737547509449e-01 6.676308385625957520e+00 2.350006782477513378e-01 7.762917357772723292e+00 1.162755958740046669e+00
3.440688137627525567e-01 6.670495107145906211e+00 2.361120116255381318e-01 7.753455812172351358e+00 1.162350873155772346e+00
3.442688537707541685e-01 6.664685878819496700e+00 2.372233450033247315e-01 7.744004152741532643e+00 1.161945858146462784e+00
3.444688937787557248e-01 6.658880698530026621e+00 2.383346783811111647e-01 7.734562370870551540e+00 1.161540913712117762e+00
3.446689337867573366e-01 6.653079564161537895e+00 2.394460117588979586e-01 7.725130457955700081e+00 1.161136039852736834e+00
3.448689737947589484e-01 6.647282473598802532e+00 2.405573451366847526e-01 7.715708405399258396e+00 1.160731236568320002e+00
3.450690138027605602e-01 6.641489424727343049e+00 2.416686785144713523e-01 7.706296204609523137e+00 1.160326503858868152e+00
3.452690538107621721e-01 6.635700415433410271e+00 2.427800118922581463e-01 7.696893847000756850e+00 1.159921841724380398e+00
3.454690938187637284e-01 6.629915443603991321e+00 2.438913452700445794e-01 7.687501323993217284e+00 1.159517250164856961e+00
3.456691338267653402e-01 6.624134507126813176e+00 2.450026786478313734e-01 7.678118627013149400e+00 1.159112729180298063e+00
3.458691738347669520e-01 6.618357603890334673e+00 2.461140120256179731e-01 7.668745747492765830e+00 1.158708278770703259e+00
3.460692138427685638e-01 6.612584731783764269e+00 2.472253454034047671e-01 7.659382676870282403e+00 1.158303898936073217e+00
3.462692538507701756e-01 6.606815888697034289e+00 2.483366787811915610e-01 7.650029406589863967e+00 1.157899589676407270e+00
3.464692938587717319e-01 6.601051072520816909e+00 2.494480121589779942e-01 7.640685928101660807e+00 1.157495350991706085e+00
3.466693338667733437e-01 6.595290281146522382e+00 2.505593455367646216e-01 7.631352232861782880e+00 1.157091182881968994e+00
3.468693738747749555e-01 6.589533512466291931e+00 2.516706789145514156e-01 7.622028312332306044e+00 1.156687085347195998e+00
3.470694138827765673e-01 6.583780764373014627e+00 2.527820122923382096e-01 7.612714157981282703e+00 1.156283058387387763e+00
3.472694538907781792e-01 6.578032034760304292e+00 2.538933456701247815e-01 7.603409761282707180e+00 1.155879102002543846e+00
3.474694938987797355e-01 6.572287321522514603e+00 2.550046790479112424e-01 7.594115113716534360e+00 1.155475216192664245e+00
3.476695339067813473e-01 6.566546622554730206e+00 2.561160124256980364e-01 7.584830206768665484e+00 1.155071400957748740e+00
3.478695739147829591e-01 6.560809935752782707e+00 2.572273458034848304e-01 7.575555031930973016e+00 1.154667656297798217e+00
3.480696139227845709e-01 6.555077259013229352e+00 2.583386791812714023e-01 7.566289580701251793e+00 1.154263982212811568e+00
3.482696539307861827e-01 6.549348590233364575e+00 2.594500125590581963e-01 7.557033844583251003e+00 1.153860378702789458e+00
3.484696939387877390e-01 6.543623927311219113e+00 2.605613459368446572e-01 7.547787815086657304e+00 1.153456845767731886e+00
3.486697339467893508e-01 6.537903268145554669e+00 2.616726793146314511e-01 7.538551483727088609e+00 1.153053383407638410e+00
3.488697739547909626e-01 6.532186610635879909e+00 2.627840126924180231e-01 7.529324842026116293e+00 1.152649991622509695e+00
3.490698139627925745e-01 6.526473952682424695e+00 2.638953460702048170e-01 7.520107881511220782e+00 1.152246670412345075e+00
3.492698539707941863e-01 6.520765292186156969e+00 2.650066794479916110e-01 7.510900593715814644e+00 1.151843419777144550e+00
3.494698939787957426e-01 6.515060627048787190e+00 2.661180128257780719e-01 7.501702970179248808e+00 1.151440239716908565e+00
3.496699339867973544e-01 6.509359955172750567e+00 2.672293462035646439e-01 7.492515002446783257e+00 1.151037130231637562e+00
3.498699739947989662e-01 6.503663274461221278e+00 2.683406795813514378e-01 7.483336682069595902e+00 1.150634091321330432e+00
3.500700140028005780e-01 6.497970582818101803e+00 2.694520129591382318e-01 7.474168000604776374e+00 1.150231122985987398e+00
3.502700540108021343e-01 6.492281878148044250e+00 2.705633463369246927e-01 7.465008949615352662e+00 1.149828225225609568e+00
3.504700940188037461e-01 6.486597158356409487e+00 2.716746797147113757e-01 7.455859520670216511e+00 1.149425398040195390e+00
3.506701340268053579e-01 6.480916421349317780e+00 2.727860130924980586e-01 7.446719705344209572e+00 1.149022641429745972e+00
3.508701740348069698e-01 6.475239665033607039e+00 2.738973464702848526e-01 7.437589495218049684e+00 1.148619955394260650e+00
3.510702140428085816e-01 6.469566887316850590e+00 2.750086798480715911e-01 7.428468881878358410e+00 1.148217339933739645e+00
3.512702540508101379e-01 6.463898086107368712e+00 2.761200132258579965e-01 7.419357856917675242e+00 1.147814795048183623e+00
3.514702940588117497e-01 6.458233259314187791e+00 2.772313466036446794e-01 7.410256411934390997e+00 1.147412320737591473e+00
3.516703340668133615e-01 6.452572404847097154e+00 2.783426799814314734e-01 7.401164538532829518e+00 1.147009917001963641e+00
3.518703740748149733e-01 6.446915520616599338e+00 2.794540133592182118e-01 7.392082228323177517e+00 1.146607583841300348e+00
3.520704140828165851e-01 6.441262604533934066e+00 2.805653467370048948e-01 7.383009472921507665e+00 1.146205321255601151e+00
3.522704540908181414e-01 6.435613654511081805e+00 2.816766801147913002e-01 7.373946263949790136e+00 1.145803129244866714e+00
3.524704940988197532e-01 6.429968668460746883e+00 2.827880134925780942e-01 7.364892593035854418e+00 1.145401007809096594e+00
3.526705341068213651e-01 6.424327644296367268e+00 2.838993468703648326e-01 7.355848451813411515e+00 1.144998956948291013e+00
3.528705741148229769e-01 6.418690579932116336e+00 2.850106802481515156e-01 7.346813831922045068e+00 1.144596976662449528e+00
3.530706141228245887e-01 6.413057473282893994e+00 2.861220136259383096e-01 7.337788725007200696e+00 1.144195066951572137e+00
3.532706541308261450e-01 6.407428322264342668e+00 2.872333470037247150e-01 7.328773122720209088e+00 1.143793227815659730e+00
3.534706941388277568e-01 6.401803124792827759e+00 2.883446803815114534e-01 7.319767016718241592e+00 1.143391459254711195e+00
3.536707341468293686e-01 6.396181878785448305e+00 2.894560137592981364e-01 7.310770398664340419e+00 1.142989761268727422e+00
3.538707741548309804e-01 6.390564582160032536e+00 2.905673471370849303e-01 7.301783260227393768e+00 1.142588133857707744e+00
3.540708141628325922e-01 6.384951232835151202e+00 2.916786805148716133e-01 7.292805593082162474e+00 1.142186577021652605e+00
3.542708541708341485e-01 6.379341828730095365e+00 2.927900138926580742e-01 7.283837388909240040e+00 1.141785090760561783e+00
3.544708941788357603e-01 6.373736367764889721e+00 2.939013472704447572e-01 7.274878639395073954e+00 1.141383675074435500e+00
3.546709341868373722e-01 6.368134847860292602e+00 2.950126806482315511e-01 7.265929336231952362e+00 1.140982329963273312e+00
3.548709741948389840e-01 6.362537266937787983e+00 2.961240140260182341e-01 7.256989471118002299e+00 1.140581055427075441e+00
3.550710142028405958e-01 6.356943622919601466e+00 2.972353474038049725e-01 7.248059035757204782e+00 1.140179851465842331e+00
3.552710542108421521e-01 6.351353913728681633e+00 2.983466807815913779e-01 7.239138021859358396e+00 1.139778718079573538e+00
3.554710942188437639e-01 6.345768137288706257e+00 2.994580141593781719e-01 7.230226421140097059e+00 1.139377655268269063e+00
3.556711342268453757e-01 6.340186291524084083e+00 3.005693475371648549e-01 7.221324225320879364e+00 1.138976663031928460e+00
3.558711742348469875e-01 6.334608374359964600e+00 3.016806809149515933e-01 7.212431426129009004e+00 1.138575741370552841e+00
3.560712142428485438e-01 6.329034383722214940e+00 3.027920142927379987e-01 7.203548015297590368e+00 1.138174890284141316e+00
3.562712542508501556e-01 6.323464317537436763e+00 3.039033476705247927e-01 7.194673984565556957e+00 1.137774109772694553e+00
3.564712942588517675e-01 6.317898173732963585e+00 3.050146810483114757e-01 7.185809325677654513e+00 1.137373399836211885e+00
3.566713342668533793e-01 6.312335950236851900e+00 3.061260144260982141e-01 7.176954030384440131e+00 1.136972760474693311e+00
3.568713742748549911e-01 6.306777644977902497e+00 3.072373478038850081e-01 7.168108090442297353e+00 1.136572191688139499e+00
3.570714142828565474e-01 6.301223255885631147e+00 3.083486811816714135e-01 7.159271497613398871e+00 1.136171693476550226e+00
3.572714542908581592e-01 6.295672780890289921e+00 3.094600145594580964e-01 7.150444243665726063e+00 1.135771265839925048e+00
3.574714942988597710e-01 6.290126217922854757e+00 3.105713479372448349e-01 7.141626320373056558e+00 1.135370908778263965e+00
3.576715343068613828e-01 6.284583564915043219e+00 3.116826813150316289e-01 7.132817719514985555e+00 1.134970622291567643e+00
3.578715743148629946e-01 6.279044819799289634e+00 3.127940146928183118e-01 7.124018432876882301e+00 1.134570406379835639e+00
3.580716143228645509e-01 6.273509980508761963e+00 3.139053480706047172e-01 7.115228452249915847e+00 1.134170261043068173e+00
3.582716543308661628e-01 6.267979044977356473e+00 3.150166814483914557e-01 7.106447769431040840e+00 1.133770186281264580e+00
3.584716943388677746e-01 6.262452011139694186e+00 3.161280148261782497e-01 7.097676376222999295e+00 1.133370182094425971e+00
3.586717343468693864e-01 6.256928876931137751e+00 3.172393482039649326e-01 7.088914264434321488e+00 1.132970248482551234e+00
3.588717743548709982e-01 6.251409640287764802e+00 3.183506815817516156e-01 7.080161425879310855e+00 1.132570385445641259e+00
3.590718143628725545e-01 6.245894299146386608e+00 3.194620149595380765e-01 7.071417852378047542e+00 1.132170592983695379e+00
3.592718543708741663e-01 6.240382851444538304e+00 3.205733483373248704e-01 7.062683535756379527e+00 1.131770871096713815e+00
3.594718943788757781e-01 6.234875295120493099e+00 3.216846817151115534e-01 7.053958467845944824e+00 1.131371219784697013e+00
3.596719343868773899e-01 6.229371628113244519e+00 3.227960150928982364e-01 7.045242640484127961e+00 1.130971639047644084e+00
3.598719743948790017e-01 6.223871848362513504e+00 3.239073484706850303e-01 7.036536045514088400e+00 1.130572128885556138e+00
3.600720144028805580e-01 6.218375953808751966e+00 3.250186818484714912e-01 7.027838674784741002e+00 1.130172689298432287e+00
3.602720544108821699e-01 6.212883942393133907e+00 3.261300152262581742e-01 7.019150520150757799e+00 1.129773320286272531e+00
3.604720944188837817e-01 6.207395812057572293e+00 3.272413486040448571e-01 7.010471573472579543e+00 1.129374021849077314e+00
3.606721344268853935e-01 6.201911560744695961e+00 3.283526819818316511e-01 7.001801826616386393e+00 1.128974793986846858e+00
3.608721744348870053e-01 6.196431186397862056e+00 3.294640153596183896e-01 6.993141271454101471e+00 1.128575636699580054e+00
3.610722144428885616e-01 6.190954686961169351e+00 3.305753487374047950e-01 6.984489899863422835e+00 1.128176549987278454e+00
3.612722544508901734e-01 6.185482060379416502e+00 3.316866821151914779e-01 6.975847703727747984e+00 1.127777533849940728e+00
3.614722944588917852e-01 6.180013304598155344e+00 3.327980154929782719e-01 6.967214674936252905e+00 1.127378588287567540e+00
3.616723344668933970e-01 6.174548417563650915e+00 3.339093488707650104e-01 6.958590805383830791e+00 1.126979713300158448e+00
3.618723744748949533e-01 6.169087397222896563e+00 3.350206822485514158e-01 6.949976086971113354e+00 1.126580908887714116e+00
3.620724144828965652e-01 6.163630241523613051e+00 3.361320156263380987e-01 6.941370511604461946e+00 1.126182175050234102e+00
3.622724544908981770e-01 6.158176948414245011e+00 3.372433490041248927e-01 6.932774071195961341e+00 1.125783511787717961e+00
3.624724944988997888e-01 6.152727515843971595e+00 3.383546823819116312e-01 6.924186757663437497e+00 1.125384919100166581e+00
3.626725345069014006e-01 6.147281941762688717e+00 3.394660157596983141e-01 6.915608562930419367e+00 1.124986396987579518e+00
3.628725745149029569e-01 6.141840224121021485e+00 3.405773491374847195e-01 6.907039478926164655e+00 1.124587945449957216e+00
3.630726145229045687e-01 6.136402360870317096e+00 3.416886825152715135e-01 6.898479497585634945e+00 1.124189564487299009e+00
3.632726545309061805e-01 6.130968349962659936e+00 3.428000158930582519e-01 6.889928610849524127e+00 1.123791254099605119e+00
3.634726945389077923e-01 6.125538189350848484e+00 3.439113492708449349e-01 6.881386810664219311e+00 1.123393014286875546e+00
3.636727345469094042e-01 6.120111876988405974e+00 3.450226826486317289e-01 6.872854088981814158e+00 1.122994845049110291e+00
3.638727745549109605e-01 6.114689410829597271e+00 3.461340160264181343e-01 6.864330437760126635e+00 1.122596746386309574e+00
3.640728145629125723e-01 6.109270788829384458e+00 3.472453494042048727e-01 6.855815848962637737e+00 1.122198718298473175e+00
3.642728545709141841e-01 6.103856008943481903e+00 3.483566827819915557e-01 6.847310314558562538e+00 1.121800760785601314e+00
3.644728945789157959e-01 6.098445069128314522e+00 3.494680161597783496e-01 6.838813826522789796e+00 1.121402873847693771e+00
3.646729345869174077e-01 6.093037967341031091e+00 3.505793495375650326e-01 6.830326376835897939e+00 1.121005057484750100e+00
3.648729745949189640e-01 6.087634701539515802e+00 3.516906829153514935e-01 6.821847957484173719e+00 1.120607311696771413e+00
3.650730146029205758e-01 6.082235269682366052e+00 3.528020162931381765e-01 6.813378560459569577e+00 1.120209636483757043e+00
3.652730546109221876e-01 6.076839669728909321e+00 3.539133496709249704e-01 6.804918177759725850e+00 1.119812031845707212e+00
3.654730946189237994e-01 6.071447899639196066e+00 3.550246830487116534e-01 6.796466801387960999e+00 1.119414497782621254e+00
3.656731346269254113e-01 6.066059957373996170e+00 3.561360164264983919e-01 6.788024423353268055e+00 1.119017034294499613e+00
3.658731746349269676e-01 6.060675840894815813e+00 3.572473498042847972e-01 6.779591035670327059e+00 1.118619641381342733e+00
3.660732146429285794e-01 6.055295548163873498e+00 3.583586831820715912e-01 6.771166630359470417e+00 1.118222319043150170e+00
3.662732546509301912e-01 6.049919077144116031e+00 3.594700165598582742e-01 6.762751199446705996e+00 1.117825067279922147e+00
3.664732946589318030e-01 6.044546425799209644e+00 3.605813499376450126e-01 6.754344734963697583e+00 1.117427886091657996e+00
3.666733346669334148e-01 6.039177592093554203e+00 3.616926833154318066e-01 6.745947228947787977e+00 1.117030775478358384e+00
3.668733746749349711e-01 6.033812573992261896e+00 3.628040166932182120e-01 6.737558673441962576e+00 1.116633735440023534e+00
3.670734146829365829e-01 6.028451369461174103e+00 3.639153500710048950e-01 6.729179060494864473e+00 1.116236765976652778e+00
3.672734546909381947e-01 6.023093976466851629e+00 3.650266834487916334e-01 6.720808382160790906e+00 1.115839867088246784e+00
3.674734946989398066e-01 6.017740392976579145e+00 3.661380168265784274e-01 6.712446630499680822e+00 1.115443038774804441e+00
3.676735347069413629e-01 6.012390616958370515e+00 3.672493502043648328e-01 6.704093797577138858e+00 1.115046281036327080e+00
3.678735747149429747e-01 6.007044646380954589e+00 3.683606835821515157e-01 6.695749875464390932e+00 1.114649593872813815e+00
3.680736147229445865e-01 6.001702479213784969e+00 3.694720169599382542e-01 6.687414856238314442e+00 1.114252977284265089e+00
3.682736547309461983e-01 5.996364113427034681e+00 3.705833503377250482e-01 6.679088731981412508e+00 1.113856431270680014e+00
3.684736947389478101e-01 5.991029546991608612e+00 3.716946837155117311e-01 6.670771494781844169e+00 1.113459955832060144e+00
3.686737347469493664e-01 5.985698777879125743e+00 3.728060170932981365e-01 6.662463136733379088e+00 1.113063550968404591e+00
3.688737747549509782e-01 5.980371804061927143e+00 3.739173504710848750e-01 6.654163649935419755e+00 1.112667216679713134e+00
3.690738147629525900e-01 5.975048623513078638e+00 3.750286838488716690e-01 6.645873026492996161e+00 1.112270952965986215e+00
3.692738547709542019e-01 5.969729234206363699e+00 3.761400172266583519e-01 6.637591258516756021e+00 1.111874759827223613e+00
3.694738947789558137e-01 5.964413634116297658e+00 3.772513506044450349e-01 6.629318338122977217e+00 1.111478637263425329e+00
3.696739347869573700e-01 5.959101821218106387e+00 3.783626839822314958e-01 6.621054257433540258e+00 1.111082585274591583e+00
3.698739747949589818e-01 5.953793793487741404e+00 3.794740173600182898e-01 6.612799008575946047e+00 1.110686603860722377e+00
3.700740148029605936e-01 5.948489548901876312e+00 3.805853507378049727e-01 6.604552583683300782e+00 1.110290693021817265e+00
3.702740548109622054e-01 5.943189085437899699e+00 3.816966841155916557e-01 6.596314974894315064e+00 1.109894852757876249e+00
3.704740948189638172e-01 5.937892401073933790e+00 3.828080174933784496e-01 6.588086174353319002e+00 1.109499083068899994e+00
3.706741348269653735e-01 5.932599493788812239e+00 3.839193508711649105e-01 6.579866174210227570e+00 1.109103383954888056e+00
3.708741748349669853e-01 5.927310361562089902e+00 3.850306842489515935e-01 6.571654966620559257e+00 1.108707755415840657e+00
3.710742148429685972e-01 5.922025002374044611e+00 3.861420176267382764e-01 6.563452543745426304e+00 1.108312197451757353e+00
3.712742548509702090e-01 5.916743414205670959e+00 3.872533510045250704e-01 6.555258897751529368e+00 1.107916710062638366e+00
3.714742948589718208e-01 5.911465595038693621e+00 3.883646843823118089e-01 6.547074020811171735e+00 1.107521293248483696e+00
3.716743348669733771e-01 5.906191542855546928e+00 3.894760177600982143e-01 6.538897905102230013e+00 1.107125947009293787e+00
3.718743748749749889e-01 5.900921255639389962e+00 3.905873511378848972e-01 6.530730542808164785e+00 1.106730671345068195e+00
3.720744148829766007e-01 5.895654731374097679e+00 3.916986845156716912e-01 6.522571926118016172e+00 1.106335466255806921e+00
3.722744548909782125e-01 5.890391968044275117e+00 3.928100178934584297e-01 6.514422047226410939e+00 1.105940331741509963e+00
3.724744948989798243e-01 5.885132963635236969e+00 3.939213512712451126e-01 6.506280898333539398e+00 1.105545267802177323e+00
3.726745349069813806e-01 5.879877716133021792e+00 3.950326846490315180e-01 6.498148471645167845e+00 1.105150274437809221e+00
3.728745749149829924e-01 5.874626223524381352e+00 3.961440180268183120e-01 6.490024759372621688e+00 1.104755351648405437e+00
3.730746149229846043e-01 5.869378483796801049e+00 3.972553514046050505e-01 6.481909753732808532e+00 1.104360499433965970e+00
3.732746549309862161e-01 5.864134494938472386e+00 3.983666847823917334e-01 6.473803446948184437e+00 1.103965717794490820e+00
3.734746949389877724e-01 5.858894254938310731e+00 3.994780181601781388e-01 6.465705831246769009e+00 1.103571006729980208e+00
3.736747349469893842e-01 5.853657761785949099e+00 4.005893515379649328e-01 6.457616898862134747e+00 1.103176366240433914e+00
3.738747749549909960e-01 5.848425013471738154e+00 4.017006849157516712e-01 6.449536642033406153e+00 1.102781796325851493e+00
3.740748149629926078e-01 5.843196007986755092e+00 4.028120182935383542e-01 6.441465053005273056e+00 1.102387296986234277e+00
3.742748549709942196e-01 5.837970743322786760e+00 4.039233516713251482e-01 6.433402124027953306e+00 1.101992868221581157e+00
3.744748949789957759e-01 5.832749217472341208e+00 4.050346850491115536e-01 6.425347847357217645e+00 1.101598510031892353e+00
3.746749349869973877e-01 5.827531428428646798e+00 4.061460184268982920e-01 6.417302215254375497e+00 1.101204222417167866e+00
3.748749749949989996e-01 5.822317374185643324e+00 4.072573518046849750e-01 6.409265219986273188e+00 1.100810005377407919e+00
3.750750150030006114e-01 5.817107052738002437e+00 4.083686851824717690e-01 6.401236853825302831e+00 1.100415858912612066e+00
3.752750550110022232e-01 5.811900462081101004e+00 4.094800185602584519e-01 6.393217109049377456e+00 1.100021783022780975e+00
3.754750950190037795e-01 5.806697600211037980e+00 4.105913519380449128e-01 6.385205977941941669e+00 1.099627777707914200e+00
3.756751350270053913e-01 5.801498465124626414e+00 4.117026853158315958e-01 6.377203452791961880e+00 1.099233842968011299e+00
3.758751750350070031e-01 5.796303054819406775e+00 4.128140186936183897e-01 6.369209525893944956e+00 1.098839978803073159e+00
3.760752150430086149e-01 5.791111367293629186e+00 4.139253520714050727e-01 6.361224189547902697e+00 1.098446185213099335e+00
3.762752550510102267e-01 5.785923400546260531e+00 4.150366854491918112e-01 6.353247436059366926e+00 1.098052462198090051e+00
3.764752950590117830e-01 5.780739152576987117e+00 4.161480188269782166e-01 6.345279257739385947e+00 1.097658809758045084e+00
3.766753350670133949e-01 5.775558621386209346e+00 4.172593522047650105e-01 6.337319646904512993e+00 1.097265227892964212e+00
3.768753750750150067e-01 5.770381804975054152e+00 4.183706855825516935e-01 6.329368595876827541e+00 1.096871716602847879e+00
3.770754150830166185e-01 5.765208701345354569e+00 4.194820189603384319e-01 6.321426096983897125e+00 1.096478275887696086e+00
3.772754550910182303e-01 5.760039308499661281e+00 4.205933523381252259e-01 6.313492142558794207e+00 1.096084905747508387e+00
3.774754950990197866e-01 5.754873624441250612e+00 4.217046857159116313e-01 6.305566724940102397e+00 1.095691606182285005e+00
3.776755351070213984e-01 5.749711647174104989e+00 4.228160190936983143e-01 6.297649836471891582e+00 1.095298377192026607e+00
3.778755751150230102e-01 5.744553374702928927e+00 4.239273524714850527e-01 6.289741469503724147e+00 1.094905218776731859e+00
3.780756151230246220e-01 5.739398805033139261e+00 4.250386858492718467e-01 6.281841616390661187e+00 1.094512130936402095e+00
3.782756551310262338e-01 5.734247936170868698e+00 4.261500192270585297e-01 6.273950269493239418e+00 1.094119113671036203e+00
3.784756951390277901e-01 5.729100766122974697e+00 4.272613526048449351e-01 6.266067421177500485e+00 1.093726166980635073e+00
3.786757351470294020e-01 5.723957292897019933e+00 4.283726859826316735e-01 6.258193063814950108e+00 1.093333290865198260e+00
3.788757751550310138e-01 5.718817514501287391e+00 4.294840193604184675e-01 6.250327189782578508e+00 1.092940485324725763e+00
3.790758151630326256e-01 5.713681428944770602e+00 4.305953527382051504e-01 6.242469791462847972e+00 1.092547750359217362e+00
3.792758551710341819e-01 5.708549034237193176e+00 4.317066861159915558e-01 6.234620861243712397e+00 1.092155085968673944e+00
3.794758951790357937e-01 5.703420328388970617e+00 4.328180194937782943e-01 6.226780391518561331e+00 1.091762492153094177e+00
3.796759351870374055e-01 5.698295309411254728e+00 4.339293528715650883e-01 6.218948374686287472e+00 1.091369968912479171e+00
3.798759751950390173e-01 5.693173975315901636e+00 4.350406862493517712e-01 6.211124803151227169e+00 1.090977516246828927e+00
3.800760152030406291e-01 5.688056324115481566e+00 4.361520196271384542e-01 6.203309669323175513e+00 1.090585134156142111e+00
3.802760552110421854e-01 5.682942353823293047e+00 4.372633530049249151e-01 6.195502965617411206e+00 1.090192822640420500e+00
3.804760952190437973e-01 5.677832062453322948e+00 4.383746863827117091e-01 6.187704684454628179e+00 1.089800581699662985e+00
3.806761352270454091e-01 5.672725448020301542e+00 4.394860197604983920e-01 6.179914818261011078e+00 1.089408411333869786e+00
3.808761752350470209e-01 5.667622508539654547e+00 4.405973531382850750e-01 6.172133359468173097e+00 1.089016311543041127e+00
3.810762152430486327e-01 5.662523242027525328e+00 4.417086865160718689e-01 6.164360300513171964e+00 1.088624282327176562e+00
3.812762552510501890e-01 5.657427646500780227e+00 4.428200198938583299e-01 6.156595633838527704e+00 1.088232323686276759e+00
3.814762952590518008e-01 5.652335719976989914e+00 4.439313532716450128e-01 6.148839351892182670e+00 1.087840435620341051e+00
3.816763352670534126e-01 5.647247460474441816e+00 4.450426866494316958e-01 6.141091447127524638e+00 1.087448618129369882e+00
3.818763752750550244e-01 5.642162866012133904e+00 4.461540200272184897e-01 6.133351912003369932e+00 1.087056871213362808e+00
3.820764152830566363e-01 5.637081934609788014e+00 4.472653534050052282e-01 6.125620738983980296e+00 1.086665194872320050e+00
3.822764552910581926e-01 5.632004664287827644e+00 4.483766867827916336e-01 6.117897920539034473e+00 1.086273589106242055e+00
3.824764952990598044e-01 5.626931053067396604e+00 4.494880201605783165e-01 6.110183449143640644e+00 1.085882053915128376e+00
3.826765353070614162e-01 5.621861098970344806e+00 4.505993535383651105e-01 6.102477317278323987e+00 1.085490589298978792e+00
3.828765753150630280e-01 5.616794800019247802e+00 4.517106869161518490e-01 6.094779517429046223e+00 1.085099195257793747e+00
3.830766153230646398e-01 5.611732154237381920e+00 4.528220202939385319e-01 6.087090042087170971e+00 1.084707871791573242e+00
3.832766553310661961e-01 5.606673159648742022e+00 4.539333536717249373e-01 6.079408883749481518e+00 1.084316618900317053e+00
3.834766953390678079e-01 5.601617814278034402e+00 4.550446870495117313e-01 6.071736034918171043e+00 1.083925436584025181e+00
3.836767353470694197e-01 5.596566116150674119e+00 4.561560204272984698e-01 6.064071488100838181e+00 1.083534324842697405e+00
3.838767753550710315e-01 5.591518063292798324e+00 4.572673538050851527e-01 6.056415235810499453e+00 1.083143283676334390e+00
3.840768153630725879e-01 5.586473653731248490e+00 4.583786871828715581e-01 6.048767270565561738e+00 1.082752313084935691e+00
3.842768553710741997e-01 5.581432885493580187e+00 4.594900205606583521e-01 6.041127584889834701e+00 1.082361413068501310e+00
3.844768953790758115e-01 5.576395756608061305e+00 4.606013539384450906e-01 6.033496171312525469e+00 1.081970583627031468e+00
3.846769353870774233e-01 5.571362265103667610e+00 4.617126873162317735e-01 6.025873022368229748e+00 1.081579824760525499e+00
3.848769753950790351e-01 5.566332409010097848e+00 4.628240206940185675e-01 6.018258130596949584e+00 1.081189136468984513e+00
3.850770154030805914e-01 5.561306186357751535e+00 4.639353540718049729e-01 6.010651488544058729e+00 1.080798518752407622e+00
3.852770554110822032e-01 5.556283595177743173e+00 4.650466874495917113e-01 6.003053088760321288e+00 1.080407971610795048e+00
3.854770954190838150e-01 5.551264633501899581e+00 4.661580208273783943e-01 5.995462923801886390e+00 1.080017495044147013e+00
3.856771354270854268e-01 5.546249299362753682e+00 4.672693542051651883e-01 5.987880986230273095e+00 1.079627089052463074e+00
3.858771754350870387e-01 5.541237590793560486e+00 4.683806875829518712e-01 5.980307268612392591e+00 1.079236753635743895e+00
3.860772154430885950e-01 5.536229505828277553e+00 4.694920209607383321e-01 5.972741763520517111e+00 1.078846488793988811e+00
3.862772554510902068e-01 5.531225042501573874e+00 4.706033543385250151e-01 5.965184463532292369e+00 1.078456294527198267e+00
3.864772954590918186e-01 5.526224198848828095e+00 4.717146877163118091e-01 5.957635361230726900e+00 1.078066170835371818e+00
3.866773354670934304e-01 5.521226972906137398e+00 4.728260210940984920e-01 5.950094449204207159e+00 1.077676117718509907e+00
3.868773754750950422e-01 5.516233362710302401e+00 4.739373544718852305e-01 5.942561720046470874e+00 1.077286135176612536e+00
3.870774154830965985e-01 5.511243366298833379e+00 4.750486878496716359e-01 5.935037166356615046e+00 1.076896223209679704e+00
3.872774554910982103e-01 5.506256981709955589e+00 4.761600212274584298e-01 5.927520780739094164e+00 1.076506381817710967e+00
3.874774954990998221e-01 5.501274206982596837e+00 4.772713546052451128e-01 5.920012555803710441e+00 1.076116611000706325e+00
3.876775355071014340e-01 5.496295040156407907e+00 4.783826879830318513e-01 5.912512484165633353e+00 1.075726910758666444e+00
3.878775755151030458e-01 5.491319479271737691e+00 4.794940213608186452e-01 5.905020558445360557e+00 1.075337281091590880e+00
3.880776155231046021e-01 5.486347522369648289e+00 4.806053547386050506e-01 5.897536771268741873e+00 1.074947721999479411e+00
3.882776555311062139e-01 5.481379167491911453e+00 4.817166881163917336e-01 5.890061115266968628e+00 1.074558233482332925e+00
3.884776955391078257e-01 5.476414412681006816e+00 4.828280214941784720e-01 5.882593583076563881e+00 1.074168815540150090e+00
3.886777355471094375e-01 5.471453255980130770e+00 4.839393548719652660e-01 5.875134167339402858e+00 1.073779468172932239e+00
3.888777755551110493e-01 5.466495695433180479e+00 4.850506882497519490e-01 5.867682860702676528e+00 1.073390191380678482e+00
3.890778155631126056e-01 5.461541729084764540e+00 4.861620216275383544e-01 5.860239655818912041e+00 1.073000985163389043e+00
3.892778555711142174e-01 5.456591354980198538e+00 4.872733550053250928e-01 5.852804545345959397e+00 1.072611849521063920e+00
3.894778955791158292e-01 5.451644571165515707e+00 4.883846883831118868e-01 5.845377521947004773e+00 1.072222784453703337e+00
3.896779355871174411e-01 5.446701375687447388e+00 4.894960217608985698e-01 5.837958578290542988e+00 1.071833789961307293e+00
3.898779755951189974e-01 5.441761766593439908e+00 4.906073551386849751e-01 5.830547707050390827e+00 1.071444866043875344e+00
3.900780156031206092e-01 5.436825741931640366e+00 4.917186885164717136e-01 5.823144900905676380e+00 1.071056012701407933e+00
3.902780556111222210e-01 5.431893299750917947e+00 4.928300218942585076e-01 5.815750152540852369e+00 1.070667229933904618e+00
3.904780956191238328e-01 5.426964438100837285e+00 4.939413552720451905e-01 5.808363454645669499e+00 1.070278517741366064e+00
3.906781356271254446e-01 5.422039155031676216e+00 4.950526886498318735e-01 5.800984799915188894e+00 1.069889876123791828e+00
3.908781756351270009e-01 5.417117448594419571e+00 4.961640220276183344e-01 5.793614181049774103e+00 1.069501305081181908e+00
3.910782156431286127e-01 5.412199316840757390e+00 4.972753554054051284e-01 5.786251590755085772e+00 1.069112804613536083e+00
3.912782556511302245e-01 5.407284757823095589e+00 4.983866887831918113e-01 5.778897021742097628e+00 1.068724374720855019e+00
3.914782956591318364e-01 5.402373769594540853e+00 4.994980221609784943e-01 5.771550466727063622e+00 1.068336015403138273e+00
3.916783356671334482e-01 5.397466350208903307e+00 5.006093555387652883e-01 5.764211918431526804e+00 1.067947726660385621e+00
3.918783756751350045e-01 5.392562497720713388e+00 5.017206889165517492e-01 5.756881369582339758e+00 1.067559508492597731e+00
3.920784156831366163e-01 5.387662210185197864e+00 5.028320222943384321e-01 5.749558812911621075e+00 1.067171360899773935e+00
3.922784556911382281e-01 5.382765485658294047e+00 5.039433556721251151e-01 5.742244241156782891e+00 1.066783283881914457e+00
3.924784956991398399e-01 5.377872322196644461e+00 5.050546890499119090e-01 5.734937647060515786e+00 1.066395277439019740e+00
3.926785357071414517e-01 5.372982717857597734e+00 5.061660224276985920e-01 5.727639023370781679e+00 1.066007341571088896e+00
3.928785757151430080e-01 5.368096670699219253e+00 5.072773558054850529e-01 5.720348362840837808e+00 1.065619476278123035e+00
3.930786157231446198e-01 5.363214178780261854e+00 5.083886891832717358e-01 5.713065658229181665e+00 1.065231681560121046e+00
3.932786557311462317e-01 5.358335240160204016e+00 5.095000225610585298e-01 5.705790902299609613e+00 1.064843957417083375e+00
3.934786957391478435e-01 5.353459852899218774e+00 5.106113559388452128e-01 5.698524087821170703e+00 1.064456303849010688e+00
3.936787357471494553e-01 5.348588015058186151e+00 5.117226893166320068e-01 5.691265207568170226e+00 1.064068720855901651e+00
3.938787757551510116e-01 5.343719724698701157e+00 5.128340226944183566e-01 5.684014254320195469e+00 1.063681208437757597e+00
3.940788157631526234e-01 5.338854979883054241e+00 5.139453560722051506e-01 5.676771220862070422e+00 1.063293766594577638e+00
3.942788557711542352e-01 5.333993778674246400e+00 5.150566894499918336e-01 5.669536099983884192e+00 1.062906395326361997e+00
3.944788957791558470e-01 5.329136119135978511e+00 5.161680228277786275e-01 5.662308884480968807e+00 1.062519094633110672e+00
3.946789357871574588e-01 5.324281999332669990e+00 5.172793562055654215e-01 5.655089567153924079e+00 1.062131864514824109e+00
3.948789757951590151e-01 5.319431417329433920e+00 5.183906895833517714e-01 5.647878140808575864e+00 1.061744704971501418e+00
3.950790158031606270e-01 5.314584371192091261e+00 5.195020229611384543e-01 5.640674598256002703e+00 1.061357616003143267e+00
3.952790558111622388e-01 5.309740858987169076e+00 5.206133563389252483e-01 5.633478932312522502e+00 1.060970597609749655e+00
3.954790958191638506e-01 5.304900878781896090e+00 5.217246897167120423e-01 5.626291135799686316e+00 1.060583649791320360e+00
3.956791358271654069e-01 5.300064428644215120e+00 5.228360230944983922e-01 5.619111201544289891e+00 1.060196772547855382e+00
3.958791758351670187e-01 5.295231506642764430e+00 5.239473564722850751e-01 5.611939122378353240e+00 1.059809965879354943e+00
3.960792158431686305e-01 5.290402110846891048e+00 5.250586898500718691e-01 5.604774891139126858e+00 1.059423229785818821e+00
3.962792558511702423e-01 5.285576239326641002e+00 5.261700232278586631e-01 5.597618500669080177e+00 1.059036564267246572e+00
3.964792958591718541e-01 5.280753890152775298e+00 5.272813566056453460e-01 5.590469943815925546e+00 1.058649969323639528e+00
3.966793358671734104e-01 5.275935061396751280e+00 5.283926899834316959e-01 5.583329213432576488e+00 1.058263444954996357e+00
3.968793758751750222e-01 5.271119751130729725e+00 5.295040233612184899e-01 5.576196302377170788e+00 1.057876991161317726e+00
3.970794158831766341e-01 5.266307957427579289e+00 5.306153567390052839e-01 5.569071203513060730e+00 1.057490607942603411e+00
3.972794558911782459e-01 5.261499678360865850e+00 5.317266901167919668e-01 5.561953909708807764e+00 1.057104295298853636e+00
3.974794958991798577e-01 5.256694912004872045e+00 5.328380234945786498e-01 5.554844413838191386e+00 1.056718053230067955e+00
3.976795359071814140e-01 5.251893656434572399e+00 5.339493568723651107e-01 5.547742708780188714e+00 1.056331881736246592e+00
3.978795759151830258e-01 5.247095909725646656e+00 5.350606902501519047e-01 5.540648787418981591e+00 1.055945780817389990e+00
3.980796159231846376e-01 5.242301669954480658e+00 5.361720236279385876e-01 5.533562642643952145e+00 1.055559750473497704e+00
3.982796559311862494e-01 5.237510935198160134e+00 5.372833570057252706e-01 5.526484267349677459e+00 1.055173790704569514e+00
3.984796959391878612e-01 5.232723703534480464e+00 5.383946903835120645e-01 5.519413654435939343e+00 1.054787901510605641e+00
3.986797359471894175e-01 5.227939973041933364e+00 5.395060237612985254e-01 5.512350796807703901e+00 1.054402082891606529e+00
3.988797759551910294e-01 5.223159741799714872e+00 5.406173571390852084e-01 5.505295687375123315e+00 1.054016334847571512e+00
3.990798159631926412e-01 5.218383007887720915e+00 5.417286905168718913e-01 5.498248319053539390e+00 1.053630657378501034e+00
3.992798559711942530e-01 5.213609769386560622e+00 5.428400238946586853e-01 5.491208684763481784e+00 1.053245050484394874e+00
3.994798959791958648e-01 5.208840024377534128e+00 5.439513572724453683e-01 5.484176777430656458e+00 1.052859514165253252e+00
3.996799359871974211e-01 5.204073770942648558e+00 5.450626906502318292e-01 5.477152589985943010e+00 1.052474048421075725e+00
3.998799759951990329e-01 5.199311007164611809e+00 5.461740240280185121e-01 5.470136115365402674e+00 1.052088653251862738e+00
4.000800160032006447e-01 5.194551731126830774e+00 5.472853574058053061e-01 5.463127346510258775e+00 1.051703328657613845e+00
4.002800560112022565e-01 5.189795940913425554e+00 5.483966907835919891e-01 5.456126276366921601e+00 1.051318074638329714e+00
4.004800960192038684e-01 5.185043634609207253e+00 5.495080241613786720e-01 5.449132897886951099e+00 1.050932891194009899e+00
4.006801360272054247e-01 5.180294810299690411e+00 5.506193575391651329e-01 5.442147204027076413e+00 1.050547778324654402e+00
4.008801760352070365e-01 5.175549466071090343e+00 5.517306909169519269e-01 5.435169187749182562e+00 1.050162736030263000e+00
4.010802160432086483e-01 5.170807600010331129e+00 5.528420242947386098e-01 5.428198842020326431e+00 1.049777764310836359e+00
4.012802560512102601e-01 5.166069210205030515e+00 5.539533576725252928e-01 5.421236159812704791e+00 1.049392863166373813e+00
4.014802960592118164e-01 5.161334294743508799e+00 5.550646910503117537e-01 5.414281134103672066e+00 1.049008032596875806e+00
4.016803360672134282e-01 5.156602851714787938e+00 5.561760244280985477e-01 5.407333757875731450e+00 1.048623272602342338e+00
4.018803760752150400e-01 5.151874879208587998e+00 5.572873578058852306e-01 5.400394024116529579e+00 1.048238583182772965e+00
4.020804160832166518e-01 5.147150375315339588e+00 5.583986911836719136e-01 5.393461925818867186e+00 1.047853964338167909e+00
4.022804560912182636e-01 5.142429338126162541e+00 5.595100245614587076e-01 5.386537455980676903e+00 1.047469416068527615e+00
4.024804960992198199e-01 5.137711765732882796e+00 5.606213579392451685e-01 5.379620607605026805e+00 1.047084938373851415e+00
4.026805361072214318e-01 5.132997656228023509e+00 5.617326913170318514e-01 5.372711373700126636e+00 1.046700531254139754e+00
4.028805761152230436e-01 5.128287007704808609e+00 5.628440246948185344e-01 5.365809747279310926e+00 1.046316194709392189e+00
4.030806161232246554e-01 5.123579818257169016e+00 5.639553580726053283e-01 5.358915721361057649e+00 1.045931928739609384e+00
4.032806561312262672e-01 5.118876085979726653e+00 5.650666914503920113e-01 5.352029288968957133e+00 1.045547733344790675e+00
4.034806961392278235e-01 5.114175808967806880e+00 5.661780248281784722e-01 5.345150443131728935e+00 1.045163608524936505e+00
4.036807361472294353e-01 5.109478985317434052e+00 5.672893582059651552e-01 5.338279176883213850e+00 1.044779554280046652e+00
4.038807761552310471e-01 5.104785613125329746e+00 5.684006915837519491e-01 5.331415483262364141e+00 1.044395570610120894e+00
4.040808161632326589e-01 5.100095690488924305e+00 5.695120249615386321e-01 5.324559355313265741e+00 1.044011657515159897e+00
4.042808561712342708e-01 5.095409215506333744e+00 5.706233583393254261e-01 5.317710786085091179e+00 1.043627814995162773e+00
4.044808961792358271e-01 5.090726186276389953e+00 5.717346917171117759e-01 5.310869768632153765e+00 1.043244043050130632e+00
4.046809361872374389e-01 5.086046600898602499e+00 5.728460250948985699e-01 5.304036296013837415e+00 1.042860341680062586e+00
4.048809761952390507e-01 5.081370457473200375e+00 5.739573584726852529e-01 5.297210361294660608e+00 1.042476710884958857e+00
4.050810162032406625e-01 5.076697754101100024e+00 5.750686918504720468e-01 5.290391957544229307e+00 1.042093150664819667e+00
4.052810562112422743e-01 5.072028488883915109e+00 5.761800252282588408e-01 5.283581077837242290e+00 1.041709661019644351e+00
4.054810962192438306e-01 5.067362659923971613e+00 5.772913586060451907e-01 5.276777715253518686e+00 1.041326241949434239e+00
4.056811362272454424e-01 5.062700265324272308e+00 5.784026919838318737e-01 5.269981862877934020e+00 1.040942893454188223e+00
4.058811762352470542e-01 5.058041303188538507e+00 5.795140253616186676e-01 5.263193513800485057e+00 1.040559615533906523e+00
4.060812162432486661e-01 5.053385771621176303e+00 5.806253587394054616e-01 5.256412661116235618e+00 1.040176408188588919e+00
4.062812562512502779e-01 5.048733668727299673e+00 5.817366921171921446e-01 5.249639297925351222e+00 1.039793271418235854e+00
4.064812962592518342e-01 5.044084992612713592e+00 5.828480254949784944e-01 5.242873417333065333e+00 1.039410205222847328e+00
4.066813362672534460e-01 5.039439741383922922e+00 5.839593588727652884e-01 5.236115012449694461e+00 1.039027209602423119e+00
4.068813762752550578e-01 5.034797913148129744e+00 5.850706922505520824e-01 5.229364076390631055e+00 1.038644284556963227e+00
4.070814162832566696e-01 5.030159506013233361e+00 5.861820256283387653e-01 5.222620602276340840e+00 1.038261430086467874e+00
4.072814562912582259e-01 5.025524518087832071e+00 5.872933590061251152e-01 5.215884583232359262e+00 1.037878646190936838e+00
4.074814962992598377e-01 5.020892947481216950e+00 5.884046923839119092e-01 5.209156012389286161e+00 1.037495932870369897e+00
4.076815363072614495e-01 5.016264792303386066e+00 5.895160257616987032e-01 5.202434882882798206e+00 1.037113290124767495e+00
4.078815763152630613e-01 5.011640050665024937e+00 5.906273591394853861e-01 5.195721187853621359e+00 1.036730717954129632e+00
4.080816163232646732e-01 5.007018720677515411e+00 5.917386925172720691e-01 5.189014920447539758e+00 1.036348216358455643e+00
4.082816563312662295e-01 5.002400800452947216e+00 5.928500258950585300e-01 5.182316073815409041e+00 1.035965785337746414e+00
4.084816963392678413e-01 4.997786288104095753e+00 5.939613592728453240e-01 5.175624641113123481e+00 1.035583424892001725e+00
4.086817363472694531e-01 4.993175181744435420e+00 5.950726926506320069e-01 5.168940615501632863e+00 1.035201135021221353e+00
4.088817763552710649e-01 4.988567479488138723e+00 5.961840260284186899e-01 5.162263990146934489e+00 1.034818915725405519e+00
4.090818163632726767e-01 4.983963179450071834e+00 5.972953594062054838e-01 5.155594758220066964e+00 1.034436767004553337e+00
4.092818563712742330e-01 4.979362279745802589e+00 5.984066927839919448e-01 5.148932912897123515e+00 1.034054688858665916e+00
4.094818963792758448e-01 4.974764778491589823e+00 5.995180261617786277e-01 5.142278447359226234e+00 1.033672681287743034e+00
4.096819363872774566e-01 4.970170673804387818e+00 6.006293595395653107e-01 5.135631354792536740e+00 1.033290744291784691e+00
4.098819763952790685e-01 4.965579963801847185e+00 6.017406929173521046e-01 5.128991628388243740e+00 1.032908877870789999e+00
4.100820164032806803e-01 4.960992646602319311e+00 6.028520262951387876e-01 5.122359261342586123e+00 1.032527082024760290e+00
4.102820564112822366e-01 4.956408720324844808e+00 6.039633596729252485e-01 5.115734246856811218e+00 1.032145356753694898e+00
4.104820964192838484e-01 4.951828183089161506e+00 6.050746930507119314e-01 5.109116578137201437e+00 1.031763702057593823e+00
4.106821364272854602e-01 4.947251033015702681e+00 6.061860264284987254e-01 5.102506248395060950e+00 1.031382117936457066e+00
4.108821764352870720e-01 4.942677268225592613e+00 6.072973598062854084e-01 5.095903250846706811e+00 1.031000604390284625e+00
4.110822164432886838e-01 4.938106886840661680e+00 6.084086931840720913e-01 5.089307578713490265e+00 1.030619161419076724e+00
4.112822564512902401e-01 4.933539886983424161e+00 6.095200265618585522e-01 5.082719225221761228e+00 1.030237789022833139e+00
4.114822964592918519e-01 4.928976266777092441e+00 6.106313599396453462e-01 5.076138183602886045e+00 1.029856487201554094e+00
4.116823364672934638e-01 4.924416024345571685e+00 6.117426933174320292e-01 5.069564447093237725e+00 1.029475255955238922e+00
4.118823764752950756e-01 4.919859157813469608e+00 6.128540266952187121e-01 5.062998008934206595e+00 1.029094095283888510e+00
4.120824164832966874e-01 4.915305665306077820e+00 6.139653600730055061e-01 5.056438862372171883e+00 1.028713005187502638e+00
4.122824564912982437e-01 4.910755544949387819e+00 6.150766934507919670e-01 5.049887000658520364e+00 1.028331985666080639e+00
4.124824964992998555e-01 4.906208794870082990e+00 6.161880268285786499e-01 5.043342417049636595e+00 1.027951036719623623e+00
4.126825365073014673e-01 4.901665413195541277e+00 6.172993602063653329e-01 5.036805104806897582e+00 1.027570158348130702e+00
4.128825765153030791e-01 4.897125398053831624e+00 6.184106935841521269e-01 5.030275057196670119e+00 1.027189350551601876e+00
4.130826165233046354e-01 4.892588747573726415e+00 6.195220269619385878e-01 5.023752267490323220e+00 1.026808613330037590e+00
4.132826565313062472e-01 4.888055459884680154e+00 6.206333603397252707e-01 5.017236728964200587e+00 1.026427946683438064e+00
4.134826965393078591e-01 4.883525533116846340e+00 6.217446937175119537e-01 5.010728434899631267e+00 1.026047350611802633e+00
4.136827365473094709e-01 4.878998965401067700e+00 6.228560270952987477e-01 5.004227378582923436e+00 1.025666825115131298e+00
4.138827765553110827e-01 4.874475754868888622e+00 6.239673604730854306e-01 4.997733553305376830e+00 1.025286370193424723e+00
4.140828165633126390e-01 4.869955899652538278e+00 6.250786938508718915e-01 4.991246952363251665e+00 1.024905985846682466e+00
4.142828565713142508e-01 4.865439397884941286e+00 6.261900272286585745e-01 4.984767569057788172e+00 1.024525672074904525e+00
4.144828965793158626e-01 4.860926247699715042e+00 6.273013606064453684e-01 4.978295396695193276e+00 1.024145428878090902e+00
4.146829365873174744e-01 4.856416447231166167e+00 6.284126939842320514e-01 4.971830428586640593e+00 1.023765256256241374e+00
4.148829765953190862e-01 4.851909994614304722e+00 6.295240273620188454e-01 4.965372658048279320e+00 1.023385154209356607e+00
4.150830166033206425e-01 4.847406887984821111e+00 6.306353607398051953e-01 4.958922078401205802e+00 1.023005122737436157e+00
4.152830566113222543e-01 4.842907125479102959e+00 6.317466941175919892e-01 4.952478682971483082e+00 1.022625161840480246e+00
4.154830966193238662e-01 4.838410705234227116e+00 6.328580274953786722e-01 4.946042465090124018e+00 1.022245271518488430e+00
4.156831366273254780e-01 4.833917625387971206e+00 6.339693608731654662e-01 4.939613418093108166e+00 1.021865451771461153e+00
4.158831766353270898e-01 4.829427884078794087e+00 6.350806942509522601e-01 4.933191535321352461e+00 1.021485702599398193e+00
4.160832166433286461e-01 4.824941479445850945e+00 6.361920276287386100e-01 4.926776810120727212e+00 1.021106024002299772e+00
4.162832566513302579e-01 4.820458409628989749e+00 6.373033610065252930e-01 4.920369235842047217e+00 1.020726415980165447e+00
4.164832966593318697e-01 4.815978672768744140e+00 6.384146943843120869e-01 4.913968805841067322e+00 1.020346878532995660e+00
4.166833366673334815e-01 4.811502267006349420e+00 6.395260277620988809e-01 4.907575513478490414e+00 1.019967411660790191e+00
4.168833766753350933e-01 4.807029190483723013e+00 6.406373611398855639e-01 4.901189352119947884e+00 1.019588015363549260e+00
4.170834166833366496e-01 4.802559441343476898e+00 6.417486945176719138e-01 4.894810315136007617e+00 1.019208689641272647e+00
4.172834566913382615e-01 4.798093017728911391e+00 6.428600278954587077e-01 4.888438395902165112e+00 1.018829434493960129e+00
4.174834966993398733e-01 4.793629917784024030e+00 6.439713612732455017e-01 4.882073587798856806e+00 1.018450249921612150e+00
4.176835367073414851e-01 4.789170139653498026e+00 6.450826946510321847e-01 4.875715884211433426e+00 1.018071135924228710e+00
4.178835767153430969e-01 4.784713681482705816e+00 6.461940280288188676e-01 4.869365278530172425e+00 1.017692092501809809e+00
4.180836167233446532e-01 4.780260541417714393e+00 6.473053614066053285e-01 4.863021764150269988e+00 1.017313119654354781e+00
4.182836567313462650e-01 4.775810717605275535e+00 6.484166947843921225e-01 4.856685334471839255e+00 1.016934217381864070e+00
4.184836967393478768e-01 4.771364208192840017e+00 6.495280281621788054e-01 4.850355982899919205e+00 1.016555385684338120e+00
4.186837367473494886e-01 4.766921011328541624e+00 6.506393615399654884e-01 4.844033702844447120e+00 1.016176624561776487e+00
4.188837767553510449e-01 4.762481125161205142e+00 6.517506949177519493e-01 4.837718487720276350e+00 1.015797934014179393e+00
4.190838167633526568e-01 4.758044547840343697e+00 6.528620282955387433e-01 4.831410330947160325e+00 1.015419314041546173e+00
4.192838567713542686e-01 4.753611277516167632e+00 6.539733616733254262e-01 4.825109225949770320e+00 1.015040764643877491e+00
4.194838967793558804e-01 4.749181312339568528e+00 6.550846950511121092e-01 4.818815166157667029e+00 1.014662285821173571e+00
4.196839367873574922e-01 4.744754650462130741e+00 6.561960284288989032e-01 4.812528145005312119e+00 1.014283877573433745e+00
4.198839767953590485e-01 4.740331290036126966e+00 6.573073618066853641e-01 4.806248155932063781e+00 1.013905539900658459e+00
4.200840168033606603e-01 4.735911229214517348e+00 6.584186951844720470e-01 4.799975192382169631e+00 1.013527272802847268e+00
4.202840568113622721e-01 4.731494466150959255e+00 6.595300285622587300e-01 4.793709247804779139e+00 1.013149076280000616e+00
4.204840968193638839e-01 4.727080998999789507e+00 6.606413619400455239e-01 4.787450315653916988e+00 1.012770950332118503e+00
4.206841368273654957e-01 4.722670825916035042e+00 6.617526953178322069e-01 4.781198389388491954e+00 1.012392894959200262e+00
4.208841768353670520e-01 4.718263945055421793e+00 6.628640286956186678e-01 4.774953462472313781e+00 1.012014910161247006e+00
4.210842168433686639e-01 4.713860354574344491e+00 6.639753620734053507e-01 4.768715528374039891e+00 1.011636995938257622e+00
4.212842568513702757e-01 4.709460052629906635e+00 6.650866954511921447e-01 4.762484580567235781e+00 1.011259152290232999e+00
4.214842968593718875e-01 4.705063037379888513e+00 6.661980288289788277e-01 4.756260612530320842e+00 1.010881379217172471e+00
4.216843368673734993e-01 4.700669306982757867e+00 6.673093622067655106e-01 4.750043617746589675e+00 1.010503676719076482e+00
4.218843768753750556e-01 4.696278859597679656e+00 6.684206955845519715e-01 4.743833589704213871e+00 1.010126044795944811e+00
4.220844168833766674e-01 4.691891693384497408e+00 6.695320289623387655e-01 4.737630521896221580e+00 1.009748483447777678e+00
4.222844568913782792e-01 4.687507806503747432e+00 6.706433623401254485e-01 4.731434407820504617e+00 1.009370992674574419e+00
4.224844968993798910e-01 4.683127197116649931e+00 6.717546957179121314e-01 4.725245240979819350e+00 1.008993572476336142e+00
4.226845369073815029e-01 4.678749863385112562e+00 6.728660290956989254e-01 4.719063014881771601e+00 1.008616222853061961e+00
4.228845769153830592e-01 4.674375803471738422e+00 6.739773624734853863e-01 4.712887723038835297e+00 1.008238943804752097e+00
4.230846169233846710e-01 4.670005015539809179e+00 6.750886958512720692e-01 4.706719358968324940e+00 1.007861735331406772e+00
4.232846569313862828e-01 4.665637497753295726e+00 6.762000292290587522e-01 4.700557916192408925e+00 1.007484597433025764e+00
4.234846969393878946e-01 4.661273248276853742e+00 6.773113626068455462e-01 4.694403388238096220e+00 1.007107530109608851e+00
4.236847369473895064e-01 4.656912265275835239e+00 6.784226959846322291e-01 4.688255768637253240e+00 1.006730533361156477e+00
4.238847769553910627e-01 4.652554546916267242e+00 6.795340293624186900e-01 4.682115050926575428e+00 1.006353607187668864e+00
4.240848169633926745e-01 4.648200091364869557e+00 6.806453627402053730e-01 4.675981228647600574e+00 1.005976751589145346e+00
4.242848569713942863e-01 4.643848896789047664e+00 6.817566961179921670e-01 4.669854295346700823e+00 1.005599966565586145e+00
4.244848969793958982e-01 4.639500961356889164e+00 6.828680294957788499e-01 4.663734244575080012e+00 1.005223252116991262e+00
4.246849369873974545e-01 4.635156283237177099e+00 6.839793628735653108e-01 4.657621069888780774e+00 1.004846608243360917e+00
4.248849769953990663e-01 4.630814860599373972e+00 6.850906962513519938e-01 4.651514764848664996e+00 1.004470034944694667e+00
4.250850170034006781e-01 4.626476691613627068e+00 6.862020296291387877e-01 4.645415323020421816e+00 1.004093532220993179e+00
4.252850570114022899e-01 4.622141774450772900e+00 6.873133630069254707e-01 4.639322737974561406e+00 1.003717100072256008e+00
4.254850970194039017e-01 4.617810107282329213e+00 6.884246963847122647e-01 4.633237003286411415e+00 1.003340738498483153e+00
4.256851370274054580e-01 4.613481688280509196e+00 6.895360297624986146e-01 4.627158112536126744e+00 1.002964447499674616e+00
4.258851770354070698e-01 4.609156515618201055e+00 6.906473631402854085e-01 4.621086059308664673e+00 1.002588227075830396e+00
4.260852170434086816e-01 4.604834587468982221e+00 6.917586965180720915e-01 4.615020837193798187e+00 1.002212077226950937e+00
4.262852570514102934e-01 4.600515902007112246e+00 6.928700298958588855e-01 4.608962439786104426e+00 1.001835997953035573e+00
4.264852970594119053e-01 4.596200457407546125e+00 6.939813632736456794e-01 4.602910860684978012e+00 1.001459989254084304e+00
4.266853370674134616e-01 4.591888251845911206e+00 6.950926966514320293e-01 4.596866093494607064e+00 1.001084051130097796e+00
4.268853770754150734e-01 4.587579283498524951e+00 6.962040300292187123e-01 4.590828131823981195e+00 1.000708183581075605e+00
4.270854170834166852e-01 4.583273550542390495e+00 6.973153634070055062e-01 4.584796969286889734e+00 1.000332386607017732e+00
4.272854570914182970e-01 4.578971051155191319e+00 6.984266967847923002e-01 4.578772599501911955e+00 9.999566602079239530e-01
4.274854970994199088e-01 4.574671783515302792e+00 6.995380301625789832e-01 4.572755016092432179e+00 9.995810043837948244e-01
4.276855371074214651e-01 4.570375745801777967e+00 7.006493635403653331e-01 4.566744212686614013e+00 9.992054191346302350e-01
4.278855771154230769e-01 4.566082936194355568e+00 7.017606969181521270e-01 4.560740182917407459e+00 9.988299044604299626e-01
4.280856171234246887e-01 4.561793352873456442e+00 7.028720302959389210e-01 4.554742920422548025e+00 9.984544603611937852e-01
4.282856571314263006e-01 4.557506994020193325e+00 7.039833636737256040e-01 4.548752418844561163e+00 9.980790868369222579e-01
4.284856971394279124e-01 4.553223857816354858e+00 7.050946970515122869e-01 4.542768671830740956e+00 9.977037838876149367e-01
4.286857371474294687e-01 4.548943942444414468e+00 7.062060304292987478e-01 4.536791673033161665e+00 9.973285515132721546e-01
4.288857771554310805e-01 4.544667246087530366e+00 7.073173638070855418e-01 4.530821416108669730e+00 9.969533897138936895e-01
4.290858171634326923e-01 4.540393766929541997e+00 7.084286971848722247e-01 4.524857894718880225e+00 9.965782984894792085e-01
4.292858571714343041e-01 4.536123503154978032e+00 7.095400305626589077e-01 4.518901102530187508e+00 9.962032778400297106e-01
4.294858971794359159e-01 4.531856452949045710e+00 7.106513639404457017e-01 4.512951033213738583e+00 9.958283277655441967e-01
4.296859371874374722e-01 4.527592614497633505e+00 7.117626973182321626e-01 4.507007680445449083e+00 9.954534482660232220e-01
4.298859771954390840e-01 4.523331985987313786e+00 7.128740306960188455e-01 4.501071037905989947e+00 9.950786393414665643e-01
4.300860172034406959e-01 4.519074565605347260e+00 7.139853640738055285e-01 4.495141099280798969e+00 9.947039009918743346e-01
4.302860572114423077e-01 4.514820351539670540e+00 7.150966974515923225e-01 4.489217858260060368e+00 9.943292332172466441e-01
4.304860972194438640e-01 4.510569341978905911e+00 7.162080308293787834e-01 4.483301308538712782e+00 9.939546360175831596e-01
4.306861372274454758e-01 4.506321535112356003e+00 7.173193642071654663e-01 4.477391443816443939e+00 9.935801093928841032e-01
4.308861772354470876e-01 4.502076929130006455e+00 7.184306975849521493e-01 4.471488257797687993e+00 9.932056533431494749e-01
4.310862172434486994e-01 4.497835522222524141e+00 7.195420309627389432e-01 4.465591744191620194e+00 9.928312678683787196e-01
4.312862572514503112e-01 4.493597312581262493e+00 7.206533643405256262e-01 4.459701896712168434e+00 9.924569529685730584e-01
4.314862972594518675e-01 4.489362298398252626e+00 7.217646977183120871e-01 4.453818709077986604e+00 9.920827086437314923e-01
4.316863372674534793e-01 4.485130477866206888e+00 7.228760310960987701e-01 4.447942175012467914e+00 9.917085348938541323e-01
4.318863772754550912e-01 4.480901849178517082e+00 7.239873644738855640e-01 4.442072288243738676e+00 9.913344317189413113e-01
4.320864172834567030e-01 4.476676410529266903e+00 7.250986978516722470e-01 4.436209042504662747e+00 9.909603991189929184e-01
4.322864572914583148e-01 4.472454160113209731e+00 7.262100312294589299e-01 4.430352431532821988e+00 9.905864370940088426e-01
4.324864972994598711e-01 4.468235096125786399e+00 7.273213646072453908e-01 4.424502449070528698e+00 9.902125456439889728e-01
4.326865373074614829e-01 4.464019216763115416e+00 7.284326979850321848e-01 4.418659088864816731e+00 9.898387247689337531e-01
4.328865773154630947e-01 4.459806520221995640e+00 7.295440313628188678e-01 4.412822344667434393e+00 9.894649744688425175e-01
4.330866173234647065e-01 4.455597004699914265e+00 7.306553647406055507e-01 4.406992210234861318e+00 9.890912947437160430e-01
4.332866573314663183e-01 4.451390668395028172e+00 7.317666981183923447e-01 4.401168679328274713e+00 9.887176855935537745e-01
4.334866973394678746e-01 4.447187509506189684e+00 7.328780314961788056e-01 4.395351745713583114e+00 9.883441470183562672e-01
4.336867373474694864e-01 4.442987526232910156e+00 7.339893648739654886e-01 4.389541403161375754e+00 9.879706790181222997e-01
4.338867773554710983e-01 4.438790716775401712e+00 7.351006982517521715e-01 4.383737645446980302e+00 9.875972815928534265e-01
4.340868173634727101e-01 4.434597079334545278e+00 7.362120316295389655e-01 4.377940466350406012e+00 9.872239547425487594e-01
4.342868573714743219e-01 4.430406612111905673e+00 7.373233650073256484e-01 4.372149859656373039e+00 9.868506984672085203e-01
4.344868973794758782e-01 4.426219313309726289e+00 7.384346983851121093e-01 4.366365819154296446e+00 9.864775127668325982e-01
4.346869373874774900e-01 4.422035181130927306e+00 7.395460317628987923e-01 4.360588338638284434e+00 9.861043976414208823e-01
4.348869773954791018e-01 4.417854213779119021e+00 7.406573651406855863e-01 4.354817411907150770e+00 9.857313530909737054e-01
4.350870174034807136e-01 4.413676409458579641e+00 7.417686985184722692e-01 4.349053032764385485e+00 9.853583791154908456e-01
4.352870574114823254e-01 4.409501766374269494e+00 7.428800318962590632e-01 4.343295195018169963e+00 9.849854757149721918e-01
4.354870974194838817e-01 4.405330282731835467e+00 7.439913652740454131e-01 4.337543892481380503e+00 9.846126428894181881e-01
4.356871374274854936e-01 4.401161956737595027e+00 7.451026986518322071e-01 4.331799118971563445e+00 9.842398806388285015e-01
4.358871774354871054e-01 4.396996786598548645e+00 7.462140320296188900e-01 4.326060868310951157e+00 9.838671889632031320e-01
4.360872174434887172e-01 4.392834770522373589e+00 7.473253654074056840e-01 4.320329134326451381e+00 9.834945678625421905e-01
4.362872574514902735e-01 4.388675906717426578e+00 7.484366987851920339e-01 4.314603910849647228e+00 9.831220173368457882e-01
4.364872974594918853e-01 4.384520193392742016e+00 7.495480321629788278e-01 4.308885191716790075e+00 9.827495373861134809e-01
4.366873374674934971e-01 4.380367628758039089e+00 7.506593655407655108e-01 4.303172970768810224e+00 9.823771280103456016e-01
4.368873774754951089e-01 4.376218211023708449e+00 7.517706989185523048e-01 4.297467241851296471e+00 9.820047892095421505e-01
4.370874174834967207e-01 4.372071938400816649e+00 7.528820322963390987e-01 4.291767998814497886e+00 9.816325209837027943e-01
4.372874574914982770e-01 4.367928809101118581e+00 7.539933656741254486e-01 4.286075235513338910e+00 9.812603233328281993e-01
4.374874974994998889e-01 4.363788821337038826e+00 7.551046990519121316e-01 4.280388945807390044e+00 9.808881962569179214e-01
4.376875375075015007e-01 4.359651973321682306e+00 7.562160324296989256e-01 4.274709123560882063e+00 9.805161397559720715e-01
4.378875775155031125e-01 4.355518263268828072e+00 7.573273658074857195e-01 4.269035762642694465e+00 9.801441538299903167e-01
4.380876175235047243e-01 4.351387689392941738e+00 7.584386991852724025e-01 4.263368856926369688e+00 9.797722384789732120e-01
4.382876575315062806e-01 4.347260249909158603e+00 7.595500325630587524e-01 4.257708400290086459e+00 9.794003937029205353e-01
4.384876975395078924e-01 4.343135943033293422e+00 7.606613659408455463e-01 4.252054386616673121e+00 9.790286195018321758e-01
4.386877375475095042e-01 4.339014766981837745e+00 7.617726993186323403e-01 4.246406809793599635e+00 9.786569158757081333e-01
4.388877775555111160e-01 4.334896719971959023e+00 7.628840326964190233e-01 4.240765663712974032e+00 9.782852828245481858e-01
4.390878175635127278e-01 4.330781800221506828e+00 7.639953660742057062e-01 4.235130942271551291e+00 9.779137203483529994e-01
4.392878575715142841e-01 4.326670005949003084e+00 7.651066994519921671e-01 4.229502639370712025e+00 9.775422284471222412e-01
4.394878975795158960e-01 4.322561335373647395e+00 7.662180328297789611e-01 4.223880748916469585e+00 9.771708071208553559e-01
4.396879375875175078e-01 4.318455786715314382e+00 7.673293662075656441e-01 4.218265264819470950e+00 9.767994563695533428e-01
4.398879775955191196e-01 4.314353358194555454e+00 7.684406995853523270e-01 4.212656180994983401e+00 9.764281761932153136e-01
4.400880176035207314e-01 4.310254048032603258e+00 7.695520329631391210e-01 4.207053491362911402e+00 9.760569665918422677e-01
4.402880576115222877e-01 4.306157854451361899e+00 7.706633663409255819e-01 4.201457189847766394e+00 9.756858275654329837e-01
4.404880976195238995e-01 4.302064775673411390e+00 7.717746997187122648e-01 4.195867270378687230e+00 9.753147591139882389e-01
4.406881376275255113e-01 4.297974809922008532e+00 7.728860330964989478e-01 4.190283726889426852e+00 9.749437612375080331e-01
4.408881776355271231e-01 4.293887955421083369e+00 7.739973664742857418e-01 4.184706553318347844e+00 9.745728339359920334e-01
4.410882176435286794e-01 4.289804210395250728e+00 7.751086998520722027e-01 4.179135743608436648e+00 9.742019772094406838e-01
4.412882576515302913e-01 4.285723573069791570e+00 7.762200332298588856e-01 4.173571291707274256e+00 9.738311910578534292e-01
4.414882976595319031e-01 4.281646041670664538e+00 7.773313666076455686e-01 4.168013191567053966e+00 9.734604754812306027e-01
4.416883376675335149e-01 4.277571614424502400e+00 7.784426999854323626e-01 4.162461437144568066e+00 9.730898304795719822e-01
4.418883776755351267e-01 4.273500289558619158e+00 7.795540333632190455e-01 4.156916022401219379e+00 9.727192560528781229e-01
4.420884176835366830e-01 4.269432065300998502e+00 7.806653667410055064e-01 4.151376941302997281e+00 9.723487522011482476e-01
4.422884576915382948e-01 4.265366939880298247e+00 7.817767001187921894e-01 4.145844187820493687e+00 9.719783189243833554e-01
4.424884976995399066e-01 4.261304911525854777e+00 7.828880334965789833e-01 4.140317755928887955e+00 9.716079562225823363e-01
4.426885377075415184e-01 4.257245978467673275e+00 7.839993668743656663e-01 4.134797639607949549e+00 9.712376640957455232e-01
4.428885777155431303e-01 4.253190138936442821e+00 7.851107002521523492e-01 4.129283832842046031e+00 9.708674425438734712e-01
4.430886177235446866e-01 4.249137391163518629e+00 7.862220336299388102e-01 4.123776329620118197e+00 9.704972915669659583e-01
4.432886577315462984e-01 4.245087733380933592e+00 7.873333670077256041e-01 4.118275123935691617e+00 9.701272111650224295e-01
4.434886977395479102e-01 4.241041163821391180e+00 7.884447003855122871e-01 4.112780209786869534e+00 9.697572013380431066e-01
4.436887377475495220e-01 4.236997680718276094e+00 7.895560337632989700e-01 4.107291581176342632e+00 9.693872620860285449e-01
4.438887777555511338e-01 4.232957282305640057e+00 7.906673671410857640e-01 4.101809232111364167e+00 9.690173934089783003e-01
4.440888177635526901e-01 4.228919966818211584e+00 7.917787005188722249e-01 4.096333156603764181e+00 9.686475953068924838e-01
4.442888577715543019e-01 4.224885732491389767e+00 7.928900338966589079e-01 4.090863348669937949e+00 9.682778677797707623e-01
4.444888977795559137e-01 4.220854577561254040e+00 7.940013672744455908e-01 4.085399802330856645e+00 9.679082108276136909e-01
4.446889377875575255e-01 4.216826500264549971e+00 7.951127006522323848e-01 4.079942511612045131e+00 9.675386244504209365e-01
4.448889777955591374e-01 4.212801498838699921e+00 7.962240340300190677e-01 4.074491470543594396e+00 9.671691086481923882e-01
4.450890178035606937e-01 4.208779571521797713e+00 7.973353674078055287e-01 4.069046673160153560e+00 9.667996634209284901e-01
4.452890578115623055e-01 4.204760716552611299e+00 7.984467007855922116e-01 4.063608113500927210e+00 9.664302887686289090e-01
4.454890978195639173e-01 4.200744932170578316e+00 7.995580341633790056e-01 4.058175785609670072e+00 9.660609846912935339e-01
4.456891378275655291e-01 4.196732216615817634e+00 8.006693675411656885e-01 4.052749683534697667e+00 9.656917511889225869e-01
4.458891778355671409e-01 4.192722568129108929e+00 8.017807009189524825e-01 4.047329801328861443e+00 9.653225882615159570e-01
4.460892178435686972e-01 4.188715984951918436e+00 8.028920342967388324e-01 4.041916133049573645e+00 9.649534959090739772e-01
4.462892578515703090e-01 4.184712465326366093e+00 8.040033676745256264e-01 4.036508672758768235e+00 9.645844741315962034e-01
4.464892978595719208e-01 4.180712007495261950e+00 8.051147010523123093e-01 4.031107414522939969e+00 9.642155229290828578e-01
4.466893378675735327e-01 4.176714609702079528e+00 8.062260344300991033e-01 4.025712352413110651e+00 9.638466423015338291e-01
4.468893778755750890e-01 4.172720270190963809e+00 8.073373678078854532e-01 4.020323480504839786e+00 9.634778322489493396e-01
4.470894178835767008e-01 4.168728987206734793e+00 8.084487011856722471e-01 4.014940792878219256e+00 9.631090927713289451e-01
4.472894578915783126e-01 4.164740758994877723e+00 8.095600345634589301e-01 4.009564283617867986e+00 9.627404238686730897e-01
4.474894978995799244e-01 4.160755583801561741e+00 8.106713679412457241e-01 4.004193946812940830e+00 9.623718255409814404e-01
4.476895379075815362e-01 4.156773459873613241e+00 8.117827013190325181e-01 3.998829776557107252e+00 9.620032977882542191e-01
4.478895779155830925e-01 4.152794385458545179e+00 8.128940346968188679e-01 3.993471766948573087e+00 9.616348406104917590e-01
4.480896179235847043e-01 4.148818358804522433e+00 8.140053680746055509e-01 3.988119912090040575e+00 9.612664540076931718e-01
4.482896579315863161e-01 4.144845378160399108e+00 8.151167014523923449e-01 3.982774206088752766e+00 9.608981379798591238e-01
4.484896979395879280e-01 4.140875441775690113e+00 8.162280348301791388e-01 3.977434643056454444e+00 9.605298925269896149e-01
4.486897379475895398e-01 4.136908547900583599e+00 8.173393682079658218e-01 3.972101217109403670e+00 9.601617176490843120e-01
4.488897779555910961e-01 4.132944694785938289e+00 8.184507015857521717e-01 3.966773922368370897e+00 9.597936133461437702e-01
4.490898179635927079e-01 4.128983880683281704e+00 8.195620349635389656e-01 3.961452752958625645e+00 9.594255796181668794e-01
4.492898579715943197e-01 4.125026103844818159e+00 8.206733683413257596e-01 3.956137703009955153e+00 9.590576164651547497e-01
4.494898979795959315e-01 4.121071362523414550e+00 8.217847017191124426e-01 3.950828766656636404e+00 9.586897238871070481e-01
4.496899379875975433e-01 4.117119654972610121e+00 8.228960350968991255e-01 3.945525938037446334e+00 9.583219018840234416e-01
4.498899779955990996e-01 4.113170979446618247e+00 8.240073684746855864e-01 3.940229211295665834e+00 9.579541504559044851e-01
4.500900180036007114e-01 4.109225334200317548e+00 8.251187018524723804e-01 3.934938580579062872e+00 9.575864696027500678e-01
4.502900580116023233e-01 4.105282717489258104e+00 8.262300352302590634e-01 3.929654040039896490e+00 9.572188593245597454e-01
4.504900980196039351e-01 4.101343127569657909e+00 8.273413686080457463e-01 3.924375583834916359e+00 9.568513196213339622e-01
4.506901380276055469e-01 4.097406562698404642e+00 8.284527019858325403e-01 3.919103206125353900e+00 9.564838504930722740e-01
4.508901780356071032e-01 4.093473021133060108e+00 8.295640353636190012e-01 3.913836901076934716e+00 9.561164519397754580e-01
4.510902180436087150e-01 4.089542501131851360e+00 8.306753687414056841e-01 3.908576662859854167e+00 9.557491239614427370e-01
4.512902580516103268e-01 4.085615000953673359e+00 8.317867021191923671e-01 3.903322485648788920e+00 9.553818665580743330e-01
4.514902980596119386e-01 4.081690518858089867e+00 8.328980354969791611e-01 3.898074363622889393e+00 9.550146797296700241e-01
4.516903380676135504e-01 4.077769053105339658e+00 8.340093688747659550e-01 3.892832290965788200e+00 9.546475634762304763e-01
4.518903780756151067e-01 4.073850601956324091e+00 8.351207022525524160e-01 3.887596261865577940e+00 9.542805177977552455e-01
4.520904180836167185e-01 4.069935163672614209e+00 8.362320356303389879e-01 3.882366270514823192e+00 9.539135426942444429e-01
4.522904580916183304e-01 4.066022736516450742e+00 8.373433690081257819e-01 3.877142311110553408e+00 9.535466381656980683e-01
4.524904980996199422e-01 4.062113318750741442e+00 8.384547023859123538e-01 3.871924377854260690e+00 9.531798042121160108e-01
4.526905381076214985e-01 4.058206908639063748e+00 8.395660357636988147e-01 3.866712464951897577e+00 9.528130408334983814e-01
4.528905781156231103e-01 4.054303504445659456e+00 8.406773691414856087e-01 3.861506566613870373e+00 9.524463480298448470e-01
4.530906181236247221e-01 4.050403104435446267e+00 8.417887025192724026e-01 3.856306677055050702e+00 9.520797258011559627e-01
4.532906581316263339e-01 4.046505706874000019e+00 8.429000358970591966e-01 3.851112790494749305e+00 9.517131741474311735e-01
4.534906981396279457e-01 4.042611310027574234e+00 8.440113692748457686e-01 3.845924901156740461e+00 9.513466930686709233e-01
4.536907381476295020e-01 4.038719912163081460e+00 8.451227026526322295e-01 3.840743003269235345e+00 9.509802825648752123e-01
4.538907781556311138e-01 4.034831511548105709e+00 8.462340360304190234e-01 3.835567091064891798e+00 9.506139426360434852e-01
4.540908181636327257e-01 4.030946106450896238e+00 8.473453694082055954e-01 3.830397158780813438e+00 9.502476732821766303e-01
4.542908581716343375e-01 4.027063695140371991e+00 8.484567027859923893e-01 3.825233200658539445e+00 9.498814745032739815e-01
4.544908981796359493e-01 4.023184275886114492e+00 8.495680361637791833e-01 3.820075210944045008e+00 9.495153462993354276e-01
4.546909381876375056e-01 4.019307846958380281e+00 8.506793695415656442e-01 3.814923183887748870e+00 9.491492886703615239e-01
4.548909781956391174e-01 4.015434406628085817e+00 8.517907029193524382e-01 3.809777113744492905e+00 9.487833016163520483e-01
4.550910182036407292e-01 4.011563953166813690e+00 8.529020362971390101e-01 3.804636994773546554e+00 9.484173851373066677e-01
4.552910582116423410e-01 4.007696484846820617e+00 8.540133696749258041e-01 3.799502821238616601e+00 9.480515392332258262e-01
4.554910982196439528e-01 4.003831999941021458e+00 8.551247030527124871e-01 3.794374587407824961e+00 9.476857639041094128e-01
4.556911382276455091e-01 3.999970496723001645e+00 8.562360364304988369e-01 3.789252287553718013e+00 9.473200591499573164e-01
4.558911782356471210e-01 3.996111973467010525e+00 8.573473698082856309e-01 3.784135915953260820e+00 9.469544249707697592e-01
4.560912182436487328e-01 3.992256428447964911e+00 8.584587031860724249e-01 3.779025466887834028e+00 9.465888613665462969e-01
4.562912582516503446e-01 3.988403859941444640e+00 8.595700365638592189e-01 3.773920934643231639e+00 9.462233683372872628e-01
4.564912982596519564e-01 3.984554266223703234e+00 8.606813699416459018e-01 3.768822313509667232e+00 9.458579458829927677e-01
4.566913382676535127e-01 3.980707645571651465e+00 8.617927033194322517e-01 3.763729597781753089e+00 9.454925940036625898e-01
4.568913782756551245e-01 3.976863996262866685e+00 8.629040366972190457e-01 3.758642781758508189e+00 9.451273126992965068e-01
4.570914182836567363e-01 3.973023316575598152e+00 8.640153700750057286e-01 3.753561859743365758e+00 9.447621019698950739e-01
4.572914582916583481e-01 3.969185604788752819e+00 8.651267034527925226e-01 3.748486826044149289e+00 9.443969618154579582e-01
4.574914982996599599e-01 3.965350859181906440e+00 8.662380368305793166e-01 3.743417674973085862e+00 9.440318922359854925e-01
4.576915383076615162e-01 3.961519078035298680e+00 8.673493702083656665e-01 3.738354400846795933e+00 9.436668932314771219e-01
4.578915783156631281e-01 3.957690259629834451e+00 8.684607035861524604e-01 3.733296997986296439e+00 9.433019648019332903e-01
4.580916183236647399e-01 3.953864402247080800e+00 8.695720369639391434e-01 3.728245460716989701e+00 9.429371069473535538e-01
4.582916583316663517e-01 3.950041504169277129e+00 8.706833703417259374e-01 3.723199783368678073e+00 9.425723196677383564e-01
4.584916983396679080e-01 3.946221563679319200e+00 8.717947037195122872e-01 3.718159960275539078e+00 9.422076029630876981e-01
4.586917383476695198e-01 3.942404579060770686e+00 8.729060370972989702e-01 3.713125985776136062e+00 9.418429568334010238e-01
4.588917783556711316e-01 3.938590548597855179e+00 8.740173704750857642e-01 3.708097854213412869e+00 9.414783812786789996e-01
4.590918183636727434e-01 3.934779470575470395e+00 8.751287038528725581e-01 3.703075559934698280e+00 9.411138762989212925e-01
4.592918583716743552e-01 3.930971343279168195e+00 8.762400372306593521e-01 3.698059097291687802e+00 9.407494418941279024e-01
4.594918983796759115e-01 3.927166164995167463e+00 8.773513706084457020e-01 3.693048460640455222e+00 9.403850780642992735e-01
4.596919383876775234e-01 3.923363934010352327e+00 8.784627039862323850e-01 3.688043644341441940e+00 9.400207848094345175e-01
4.598919783956791352e-01 3.919564648612265056e+00 8.795740373640191789e-01 3.683044642759456977e+00 9.396565621295343007e-01
4.600920184036807470e-01 3.915768307089121603e+00 8.806853707418057509e-01 3.678051450263683186e+00 9.392924100245985120e-01
4.602920584116823588e-01 3.911974907729792506e+00 8.817967041195925448e-01 3.673064061227657273e+00 9.389283284946271513e-01
4.604920984196839151e-01 3.908184448823813550e+00 8.829080374973790057e-01 3.668082470029279119e+00 9.385643175396201077e-01
4.606921384276855269e-01 3.904396928661382660e+00 8.840193708751657997e-01 3.663106671050803786e+00 9.382003771595771591e-01
4.608921784356871387e-01 3.900612345533366110e+00 8.851307042529525937e-01 3.658136658678851738e+00 9.378365073544988606e-01
4.610922184436887505e-01 3.896830697731286985e+00 8.862420376307391656e-01 3.653172427304386183e+00 9.374727081243849902e-01
4.612922584516903624e-01 3.893051983547332728e+00 8.873533710085259596e-01 3.648213971322724181e+00 9.371089794692355479e-01
4.614922984596919187e-01 3.889276201274354694e+00 8.884647043863124205e-01 3.643261285133530425e+00 9.367453213890504227e-01
4.616923384676935305e-01 3.885503349205865042e+00 8.895760377640989924e-01 3.638314363140815022e+00 9.363817338838296145e-01
4.618923784756951423e-01 3.881733425636035850e+00 8.906873711418857864e-01 3.633373199752927274e+00 9.360182169535730123e-01
4.620924184836967541e-01 3.877966428859710657e+00 8.917987045196725804e-01 3.628437789382567669e+00 9.356547705982810603e-01
4.622924584916983659e-01 3.874202357172382261e+00 8.929100378974593744e-01 3.623508126446759459e+00 9.352913948179532033e-01
4.624924984996999222e-01 3.870441208870218031e+00 8.940213712752458353e-01 3.618584205366875750e+00 9.349280896125898854e-01
4.626925385077015340e-01 3.866682982250037703e+00 8.951327046530324072e-01 3.613666020568612858e+00 9.345648549821911066e-01
4.628925785157031458e-01 3.862927675609326705e+00 8.962440380308192012e-01 3.608753566481998298e+00 9.342016909267565339e-01
4.630926185237047576e-01 3.859175287246229935e+00 8.973553714086059951e-01 3.603846837541389014e+00 9.338385974462865002e-01
4.632926585317063695e-01 3.855425815459553540e+00 8.984667047863925671e-01 3.598945828185463824e+00 9.334755745407804506e-01
4.634926985397079258e-01 3.851679258548772911e+00 8.995780381641790280e-01 3.594050532857235858e+00 9.331126222102392731e-01
4.636927385477095376e-01 3.847935614814008698e+00 9.006893715419658220e-01 3.589160946004017028e+00 9.327497404546620796e-01
4.638927785557111494e-01 3.844194882556058790e+00 9.018007049197526159e-01 3.584277062077458886e+00 9.323869292740494252e-01
4.640928185637127612e-01 3.840457060076370333e+00 9.029120382975391879e-01 3.579398875533511770e+00 9.320241886684010879e-01
4.642928585717143175e-01 3.836722145677063267e+00 9.040233716753256488e-01 3.574526380832454109e+00 9.316615186377172897e-01
4.644928985797159293e-01 3.832990137660900576e+00 9.051347050531124427e-01 3.569659572438852901e+00 9.312989191819975865e-01
4.646929385877175411e-01 3.829261034331323366e+00 9.062460384308992367e-01 3.564798444821604573e+00 9.309363903012425334e-01
4.648929785957191529e-01 3.825534833992423334e+00 9.073573718086858086e-01 3.559942992453897226e+00 9.305739319954517974e-01
4.650930186037207648e-01 3.821811534948952538e+00 9.084687051864726026e-01 3.555093209813222632e+00 9.302115442646251564e-01
4.652930586117223211e-01 3.818091135506332279e+00 9.095800385642590635e-01 3.550249091381383781e+00 9.298492271087633876e-01
4.654930986197239329e-01 3.814373633970627342e+00 9.106913719420458575e-01 3.545410631644459798e+00 9.294869805278653807e-01
4.656931386277255447e-01 3.810659028648578861e+00 9.118027053198324294e-01 3.540577825092847242e+00 9.291248045219322460e-01
4.658931786357271565e-01 3.806947317847575896e+00 9.129140386976192234e-01 3.535750666221217919e+00 9.287626990909633173e-01
4.660932186437287683e-01 3.803238499875677192e+00 9.140253720754060174e-01 3.530929149528547306e+00 9.284006642349589278e-01
4.662932586517303246e-01 3.799532573041593420e+00 9.151367054531924783e-01 3.526113269518087456e+00 9.280386999539185222e-01
4.664932986597319364e-01 3.795829535654696052e+00 9.162480388309790502e-01 3.521303020697381214e+00 9.276768062478429888e-01
4.666933386677335482e-01 3.792129386025016924e+00 9.173593722087658442e-01 3.516498397578250668e+00 9.273149831167316615e-01
4.668933786757351601e-01 3.788432122463244678e+00 9.184707055865526382e-01 3.511699394676796260e+00 9.269532305605844291e-01
4.670934186837367719e-01 3.784737743280732758e+00 9.195820389643393211e-01 3.506906006513404339e+00 9.265915485794017359e-01
4.672934586917383282e-01 3.781046246789487864e+00 9.206933723421256710e-01 3.502118227612728951e+00 9.262299371731835818e-01
4.674934986997399400e-01 3.777357631302176610e+00 9.218047057199124650e-01 3.497336052503696724e+00 9.258683963419297447e-01
4.676935387077415518e-01 3.773671895132122422e+00 9.229160390976992590e-01 3.492559475719501982e+00 9.255069260856398916e-01
4.678935787157431636e-01 3.769989036593313969e+00 9.240273724754859419e-01 3.487788491797617851e+00 9.251455264043150217e-01
4.680936187237447754e-01 3.766309054000391399e+00 9.251387058532727359e-01 3.483023095279769166e+00 9.247841972979541358e-01
4.682936587317463317e-01 3.762631945668654332e+00 9.262500392310590858e-01 3.478263280711948902e+00 9.244229387665579001e-01
4.684936987397479435e-01 3.758957709914062750e+00 9.273613726088458797e-01 3.473509042644409739e+00 9.240617508101257593e-01
4.686937387477495554e-01 3.755286345053231667e+00 9.284727059866325627e-01 3.468760375631661397e+00 9.237006334286583797e-01
4.688937787557511672e-01 3.751617849403433791e+00 9.295840393644193567e-01 3.464017274232464416e+00 9.233395866221548731e-01
4.690938187637527790e-01 3.747952221282605745e+00 9.306953727422061506e-01 3.459279733009842595e+00 9.229786103906161276e-01
4.692938587717543353e-01 3.744289459009334742e+00 9.318067061199925005e-01 3.454547746531058561e+00 9.226177047340415882e-01
4.694938987797559471e-01 3.740629560902867023e+00 9.329180394977791835e-01 3.449821309367627542e+00 9.222568696524314769e-01
4.696939387877575589e-01 3.736972525283105195e+00 9.340293728755659775e-01 3.445100416095305373e+00 9.218961051457855715e-01
4.698939787957591707e-01 3.733318350470614444e+00 9.351407062533527714e-01 3.440385061294098712e+00 9.215354112141042053e-01
4.700940188037607270e-01 3.729667034786610991e+00 9.362520396311391213e-01 3.435675239548246829e+00 9.211747878573872672e-01
4.702940588117623388e-01 3.726018576552970529e+00 9.373633730089258043e-01 3.430970945446228271e+00 9.208142350756345351e-01
4.704940988197639506e-01 3.722372974092224229e+00 9.384747063867125982e-01 3.426272173580757308e+00 9.204537528688464532e-01
4.706941388277655625e-01 3.718730225727558736e+00 9.395860397644993922e-01 3.421578918548775938e+00 9.200933412370223552e-01
4.708941788357671743e-01 3.715090329782824163e+00 9.406973731422859641e-01 3.416891174951467214e+00 9.197330001801627963e-01
4.710942188437687306e-01 3.711453284582518997e+00 9.418087065200724251e-01 3.412208937394232589e+00 9.193727296982678876e-01
4.712942588517703424e-01 3.707819088451801193e+00 9.429200398978592190e-01 3.407532200486699914e+00 9.190125297913372959e-01
4.714942988597719542e-01 3.704187739716482408e+00 9.440313732756460130e-01 3.402860958842716776e+00 9.186524004593705772e-01
4.716943388677735660e-01 3.700559236703037325e+00 9.451427066534325849e-01 3.398195207080362046e+00 9.182923417023686197e-01
4.718943788757751778e-01 3.696933577738588994e+00 9.462540400312193789e-01 3.393534939821920560e+00 9.179323535203309792e-01
4.720944188837767341e-01 3.693310761150918609e+00 9.473653734090058398e-01 3.388880151693896892e+00 9.175724359132578778e-01
4.722944588917783459e-01 3.689690785268463724e+00 9.484767067867926338e-01 3.384230837327007357e+00 9.172125888811489824e-01
4.724944988997799578e-01 3.686073648420316484e+00 9.495880401645792057e-01 3.379586991356178682e+00 9.168528124240046262e-01
4.726945389077815696e-01 3.682459348936222732e+00 9.506993735423659997e-01 3.374948608420542673e+00 9.164931065418243650e-01
4.728945789157831814e-01 3.678847885146590002e+00 9.518107069201527937e-01 3.370315683163444653e+00 9.161334712346087539e-01
4.730946189237847377e-01 3.675239255382471981e+00 9.529220402979392546e-01 3.365688210232420374e+00 9.157739065023571268e-01
4.732946589317863495e-01 3.671633457975586268e+00 9.540333736757258265e-01 3.361066184279219549e+00 9.154144123450702608e-01
4.734946989397879613e-01 3.668030491258298831e+00 9.551447070535126205e-01 3.356449599959778318e+00 9.150549887627476009e-01
4.736947389477895731e-01 3.664430353563632003e+00 9.562560404312994145e-01 3.351838451934232577e+00 9.146956357553893691e-01
4.738947789557911849e-01 3.660833043225263150e+00 9.573673738090859864e-01 3.347232734866911308e+00 9.143363533229955653e-01
4.740948189637927412e-01 3.657238558577523779e+00 9.584787071868724473e-01 3.342632443426332589e+00 9.139771414655660786e-01
4.742948589717943531e-01 3.653646897955400430e+00 9.595900405646592413e-01 3.338037572285204035e+00 9.136180001831011310e-01
4.744948989797959649e-01 3.650058059694530677e+00 9.607013739424460352e-01 3.333448116120413474e+00 9.132589294756001674e-01
4.746949389877975767e-01 3.646472042131213342e+00 9.618127073202326072e-01 3.328864069613042265e+00 9.128999293430638540e-01
4.748949789957991885e-01 3.642888843602392068e+00 9.629240406980194011e-01 3.324285427448340879e+00 9.125409997854917465e-01
4.750950190038007448e-01 3.639308462445673964e+00 9.640353740758058620e-01 3.319712184315747550e+00 9.121821408028841782e-01
4.752950590118023566e-01 3.635730896999311845e+00 9.651467074535926560e-01 3.315144334908868728e+00 9.118233523952409270e-01
4.754950990198039684e-01 3.632156145602215336e+00 9.662580408313792280e-01 3.310581873925487084e+00 9.114646345625619928e-01
4.756951390278055802e-01 3.628584206593946426e+00 9.673693742091660219e-01 3.306024796067555283e+00 9.111059873048478197e-01
4.758951790358071365e-01 3.625015078314722139e+00 9.684807075869524828e-01 3.301473096041193767e+00 9.107474106220976307e-01
4.760952190438087483e-01 3.621448759105410975e+00 9.695920409647392768e-01 3.296926768556689424e+00 9.103889045143119807e-01
4.762952590518103602e-01 3.617885247307532470e+00 9.707033743425258487e-01 3.292385808328489816e+00 9.100304689814905368e-01
4.764952990598119720e-01 3.614324541263267410e+00 9.718147077203126427e-01 3.287850210075210278e+00 9.096721040236334099e-01
4.766953390678135838e-01 3.610766639315437843e+00 9.729260410980994367e-01 3.283319968519615273e+00 9.093138096407407112e-01
4.768953790758151401e-01 3.607211539807529288e+00 9.740373744758858976e-01 3.278795078388634820e+00 9.089555858328126625e-01
4.770954190838167519e-01 3.603659241083672971e+00 9.751487078536724695e-01 3.274275534413344957e+00 9.085974325998488199e-01
4.772954590918183637e-01 3.600109741488653370e+00 9.762600412314592635e-01 3.269761331328973952e+00 9.082393499418494054e-01
4.774954990998199755e-01 3.596563039367909109e+00 9.773713746092460575e-01 3.265252463874900979e+00 9.078813378588144190e-01
4.776955391078215873e-01 3.593019133067529403e+00 9.784827079870327404e-01 3.260748926794649449e+00 9.075233963507438606e-01
4.778955791158231436e-01 3.589478020934256275e+00 9.795940413648190903e-01 3.256250714835886129e+00 9.071655254176375083e-01
4.780956191238247555e-01 3.585939701315481010e+00 9.807053747426058843e-01 3.251757822750417581e+00 9.068077250594953620e-01
4.782956591318263673e-01 3.582404172559253919e+00 9.818167081203926783e-01 3.247270245294196389e+00 9.064499952763176438e-01
4.784956991398279791e-01 3.578871433014267023e+00 9.829280414981793612e-01 3.242787977227301166e+00 9.060923360681042427e-01
4.786957391478295909e-01 3.575341481029873592e+00 9.840393748759661552e-01 3.238311013313955211e+00 9.057347474348556027e-01
4.788957791558311472e-01 3.571814314956071712e+00 9.851507082537525051e-01 3.233839348322503859e+00 9.053772293765711687e-01
4.790958191638327590e-01 3.568289933143511838e+00 9.862620416315392990e-01 3.229372977025424696e+00 9.050197818932511629e-01
4.792958591718343708e-01 3.564768333943496792e+00 9.873733750093259820e-01 3.224911894199323115e+00 9.046624049848955851e-01
4.794958991798359826e-01 3.561249515707977764e+00 9.884847083871127760e-01 3.220456094624923438e+00 9.043050986515038803e-01
4.796959391878375945e-01 3.557733476789562310e+00 9.895960417648995699e-01 3.216005573087081792e+00 9.039478628930771587e-01
4.798959791958391508e-01 3.554220215541504135e+00 9.907073751426859198e-01 3.211560324374764352e+00 9.035906977096145321e-01
4.800960192038407626e-01 3.550709730317707979e+00 9.918187085204726028e-01 3.207120343281056662e+00 9.032336031011164446e-01
4.802960592118423744e-01 3.547202019472727841e+00 9.929300418982593968e-01 3.202685624603156089e+00 9.028765790675823411e-01
4.804960992198439862e-01 3.543697081361774082e+00 9.940413752760461907e-01 3.198256163142380704e+00 9.025196256090131097e-01
4.806961392278455980e-01 3.540194914340700993e+00 9.951527086538327627e-01 3.193831953704147519e+00 9.021627427254079734e-01
4.808961792358471543e-01 3.536695516766015235e+00 9.962640420316192236e-01 3.189412991097986261e+00 9.018059304167673762e-01
4.810962192438487661e-01 3.533198886994873167e+00 9.973753754094060175e-01 3.184999270137528704e+00 9.014491886830910961e-01
4.812962592518503779e-01 3.529705023385078633e+00 9.984867087871928115e-01 3.180590785640506901e+00 9.010925175243787999e-01
4.814962992598519897e-01 3.526213924295091839e+00 9.995980421649793835e-01 3.176187532428762061e+00 9.007359169406314869e-01
4.816963392678535461e-01 3.522725588084016923e+00 1.000709375542765844e+00 3.171789505328221903e+00 9.003793869318482690e-01
4.818963792758551579e-01 3.519240013111608167e+00 1.001820708920552638e+00 3.167396699168913532e+00 9.000229274980295902e-01
4.820964192838567697e-01 3.515757197738267781e+00 1.002932042298339432e+00 3.163009108784952783e+00 8.996665386391750063e-01
4.822964592918583815e-01 3.512277140325053892e+00 1.004043375676126004e+00 3.158626729014554435e+00 8.993102203552849616e-01
4.824964992998599933e-01 3.508799839233666340e+00 1.005154709053912798e+00 3.154249554700010894e+00 8.989539726463592340e-01
4.826965393078615496e-01 3.505325292826456884e+00 1.006266042431699148e+00 3.149877580687705070e+00 8.985977955123979344e-01
4.828965793158631614e-01 3.501853499466425657e+00 1.007377375809485942e+00 3.145510801828100167e+00 8.982416889534010629e-01
4.830966193238647732e-01 3.498384457517221602e+00 1.008488709187272736e+00 3.141149212975740568e+00 8.978856529693685085e-01
4.832966593318663850e-01 3.494918165343139371e+00 1.009600042565059530e+00 3.136792808989245618e+00 8.975296875603002711e-01
4.834966993398679969e-01 3.491454621309129980e+00 1.010711375942846324e+00 3.132441584731318063e+00 8.971737927261964618e-01
4.836967393478695532e-01 3.487993823780784819e+00 1.011822709320632674e+00 3.128095535068725397e+00 8.968179684670569696e-01
4.838967793558711650e-01 3.484535771124346315e+00 1.012934042698419246e+00 3.123754654872309189e+00 8.964622147828820165e-01
4.840968193638727768e-01 3.481080461706702600e+00 1.014045376076206040e+00 3.119418939016975312e+00 8.961065316736712694e-01
4.842968593718743886e-01 3.477627893895395950e+00 1.015156709453992834e+00 3.115088382381703713e+00 8.957509191394250614e-01
4.844968993798760004e-01 3.474178066058610348e+00 1.016268042831779406e+00 3.110762979849529763e+00 8.953953771801431705e-01
4.846969393878775567e-01 3.470730976565179482e+00 1.017379376209565978e+00 3.106442726307552249e+00 8.950399057958257076e-01
4.848969793958791685e-01 3.467286623784584076e+00 1.018490709587352772e+00 3.102127616646928043e+00 8.946845049864724508e-01
4.850970194038807803e-01 3.463845006086950562e+00 1.019602042965139566e+00 3.097817645762868111e+00 8.943291747520835111e-01
4.852970594118823922e-01 3.460406121843059069e+00 1.020713376342926137e+00 3.093512808554645055e+00 8.939739150926592215e-01
4.854970994198840040e-01 3.456969969424330102e+00 1.021824709720712931e+00 3.089213099925572692e+00 8.936187260081990269e-01
4.856971394278855603e-01 3.453536547202833429e+00 1.022936043098499281e+00 3.084918514783019816e+00 8.932636074987035935e-01
4.858971794358871721e-01 3.450105853551284074e+00 1.024047376476286075e+00 3.080629048038395101e+00 8.929085595641719220e-01
4.860972194438887839e-01 3.446677886843048988e+00 1.025158709854072647e+00 3.076344694607162644e+00 8.925535822046053447e-01
4.862972594518903957e-01 3.443252645452136829e+00 1.026270043231859441e+00 3.072065449408816651e+00 8.921986754200027514e-01
4.864972994598919520e-01 3.439830127753203737e+00 1.027381376609646013e+00 3.067791307366896092e+00 8.918438392103645862e-01
4.866973394678935638e-01 3.436410332121552447e+00 1.028492709987432807e+00 3.063522263408974933e+00 8.914890735756908491e-01
4.868973794758951756e-01 3.432993256933131843e+00 1.029604043365219379e+00 3.059258312466661689e+00 8.911343785159815400e-01
4.870974194838967875e-01 3.429578900564535626e+00 1.030715376743006173e+00 3.054999449475594542e+00 8.907797540312362150e-01
4.872974594918983993e-01 3.426167261393008534e+00 1.031826710120792967e+00 3.050745669375449332e+00 8.904252001214556511e-01
4.874974994998999556e-01 3.422758337796436123e+00 1.032938043498579317e+00 3.046496967109920018e+00 8.900707167866392933e-01
4.876975395079015674e-01 3.419352128153350101e+00 1.034049376876365889e+00 3.042253337626728893e+00 8.897163040267874745e-01
4.878975795159031792e-01 3.415948630842927436e+00 1.035160710254152683e+00 3.038014775877617701e+00 8.893619618418998618e-01
4.880976195239047910e-01 3.412547844244996131e+00 1.036272043631939477e+00 3.033781276818356076e+00 8.890076902319768992e-01
4.882976595319064028e-01 3.410555425427962639e+00 1.036923552169868756e+00 3.031301780506469701e+00 8.888000347116764566e-01
4.884976995399079591e-01 3.410555425427962639e+00 1.036923552169868756e+00 3.031301780506469701e+00 8.888000347116764566e-01
4.886977395479095709e-01 3.410555425427962639e+00 1.036923552169868756e+00 3.031301780506469701e+00 8.888000347116764566e-01
4.888977795559111827e-01 3.410555425427962639e+00 1.036923552169868756e+00 3.031301780506469701e+00 8.888000347116764566e-01
4.890978195639127946e-01 3.410555425427962639e+00 1.036923552169868756e+00 3.031301780506469701e+00 8.888000347116764566e-01
4.892978595719144064e-01 3.410555425427962639e+00 1.036923552169868756e+00 3.031301780506469701e+00 8.888000347116764566e-01
4.894978995799159627e-01 3.410555425427962639e+00 1.036923552169868756e+00 3.031301780506469701e+00 8.888000347116764566e-01
4.896979395879175745e-01 3.410555425427962639e+00 1.036923552169868756e+00 3.031301780506469701e+00 8.888000347116764566e-01
4.898979795959191863e-01 3.410555425427962639e+00 1.036923552169868756e+00 3.031301780506469701e+00 8.888000347116764566e-01
4.900980196039207981e-01 3.410555425427962639e+00 1.036923552169868756e+00 3.031301780506469701e+00 8.888000347116764566e-01
4.902980596119224099e-01 3.410555425427962639e+00 1.036923552169868756e+00 3.031301780506469701e+00 8.888000347116764566e-01
4.904980996199239662e-01 3.410555425427962639e+00 1.036923552169868756e+00 3.031301780506469701e+00 8.888000347116764566e-01
4.906981396279255780e-01 3.410555425427962639e+00 1.036923552169868756e+00 3.031301780506469701e+00 8.888000347116764566e-01
4.908981796359271899e-01 3.410555425427962639e+00 1.036923552169868756e+00 3.031301780506469701e+00 8.888000347116764566e-01
4.910982196439288017e-01 3.410555425427962639e+00 1.036923552169868756e+00 3.031301780506469701e+00 8.888000347116764566e-01
4.912982596519304135e-01 3.410555425427962639e+00 1.036923552169868756e+00 3.031301780506469701e+00 8.888000347116764566e-01
4.914982996599319698e-01 3.410555425427962639e+00 1.036923552169868756e+00 3.031301780506469701e+00 8.888000347116764566e-01
4.916983396679335816e-01 3.410555425427962639e+00 1.036923552169868756e+00 3.031301780506469701e+00 8.888000347116764566e-01
4.918983796759351934e-01 3.410555425427962639e+00 1.036923552169868756e+00 3.031301780506469701e+00 8.888000347116764566e-01
4.920984196839368052e-01 3.410555425427962639e+00 1.036923552169868756e+00 3.031301780506469701e+00 8.888000347116764566e-01
4.922984596919383615e-01 3.410555425427962639e+00 1.036923552169868756e+00 3.031301780506469701e+00 8.888000347116764566e-01
4.924984996999399733e-01 3.410555425427962639e+00 1.036923552169868756e+00 3.031301780506469701e+00 8.888000347116764566e-01
4.926985397079415852e-01 3.410555425427962639e+00 1.036923552169868756e+00 3.031301780506469701e+00 8.888000347116764566e-01
4.928985797159431970e-01 3.410555425427962639e+00 1.036923552169868756e+00 3.031301780506469701e+00 8.888000347116764566e-01
4.930986197239448088e-01 3.410555425427962639e+00 1.036923552169868756e+00 3.031301780506469701e+00 8.888000347116764566e-01
4.932986597319463651e-01 3.410555425427962639e+00 1.036923552169868756e+00 3.031301780506469701e+00 8.888000347116764566e-01
4.934986997399479769e-01 3.410555425427962639e+00 1.036923552169868756e+00 3.031301780506469701e+00 8.888000347116764566e-01
4.936987397479495887e-01 3.410555425427962639e+00 1.036923552169868756e+00 3.031301780506469701e+00 8.888000347116764566e-01
4.938987797559512005e-01 3.410555425427962639e+00 1.036923552169868756e+00 3.031301780506469701e+00 8.888000347116764566e-01
4.940988197639528123e-01 3.410555425427962639e+00 1.036923552169868756e+00 3.031301780506469701e+00 8.888000347116764566e-01
4.942988597719543686e-01 3.410555425427962639e+00 1.036923552169868756e+00 3.031301780506469701e+00 8.888000347116764566e-01
4.944988997799559804e-01 3.410555425427962639e+00 1.036923552169868756e+00 3.031301780506469701e+00 8.888000347116764566e-01
4.946989397879575923e-01 3.410555425427962639e+00 1.036923552169868756e+00 3.031301780506469701e+00 8.888000347116764566e-01
4.948989797959592041e-01 3.410555425427962639e+00 1.036923552169868756e+00 3.031301780506469701e+00 8.888000347116764566e-01
4.950990198039608159e-01 3.410555425427962639e+00 1.036923552169868756e+00 3.031301780506469701e+00 8.888000347116764566e-01
4.952990598119623722e-01 3.410555425427962639e+00 1.036923552169868756e+00 3.031301780506469701e+00 8.888000347116764566e-01
4.954990998199639840e-01 3.410555425427962639e+00 1.036923552169868756e+00 3.031301780506469701e+00 8.888000347116764566e-01
4.956991398279655958e-01 3.410555425427962639e+00 1.036923552169868756e+00 3.031301780506469701e+00 8.888000347116764566e-01
4.958991798359672076e-01 3.410555425427962639e+00 1.036923552169868756e+00 3.031301780506469701e+00 8.888000347116764566e-01
4.960992198439688194e-01 3.410555425427962639e+00 1.036923552169868756e+00 3.031301780506469701e+00 8.888000347116764566e-01
4.962992598519703757e-01 3.410555425427962639e+00 1.036923552169868756e+00 3.031301780506469701e+00 8.888000347116764566e-01
4.964992998599719876e-01 3.410555425427962639e+00 1.036923552169868756e+00 3.031301780506469701e+00 8.888000347116764566e-01
4.966993398679735994e-01 3.410555425427962639e+00 1.036923552169868756e+00 3.031301780506469701e+00 8.888000347116764566e-01
4.968993798759752112e-01 3.410555425427962639e+00 1.036923552169868756e+00 3.031301780506469701e+00 8.888000347116764566e-01
4.970994198839768230e-01 3.410555425427962639e+00 1.036923552169868756e+00 3.031301780506469701e+00 8.888000347116764566e-01
4.972994598919783793e-01 3.410555425427962639e+00 1.036923552169868756e+00 3.031301780506469701e+00 8.888000347116764566e-01
4.974994998999799911e-01 3.410555425427962639e+00 1.036923552169868756e+00 3.031301780506469701e+00 8.888000347116764566e-01
4.976995399079816029e-01 3.410555425427962639e+00 1.036923552169868756e+00 3.031301780506469701e+00 8.888000347116764566e-01
4.978995799159832147e-01 3.410555425427962639e+00 1.036923552169868756e+00 3.031301780506469701e+00 8.888000347116764566e-01
4.980996199239847710e-01 3.410555425427962639e+00 1.036923552169868756e+00 3.031301780506469701e+00 8.888000347116764566e-01
4.982996599319863829e-01 3.410555425427962639e+00 1.036923552169868756e+00 3.031301780506469701e+00 8.888000347116764566e-01
4.984996999399879947e-01 3.410555425427962639e+00 1.036923552169868756e+00 3.031301780506469701e+00 8.888000347116764566e-01
4.986997399479896065e-01 3.410555425427962639e+00 1.036923552169868756e+00 3.031301780506469701e+00 8.888000347116764566e-01
4.988997799559912183e-01 3.410555425427962639e+00 1.036923552169868756e+00 3.031301780506469701e+00 8.888000347116764566e-01
4.990998199639927746e-01 3.410555425427962639e+00 1.036923552169868756e+00 3.031301780506469701e+00 8.888000347116764566e-01
4.992998599719943864e-01 3.410555425427962639e+00 1.036923552169868756e+00 3.031301780506469701e+00 8.888000347116764566e-01
4.994998999799959982e-01 3.410555425427962639e+00 1.036923552169868756e+00 3.031301780506469701e+00 8.888000347116764566e-01
4.996999399879976100e-01 3.410555425427962639e+00 1.036923552169868756e+00 3.031301780506469701e+00 8.888000347116764566e-01
4.998999799959992218e-01 3.410555425427962639e+00 1.036923552169868756e+00 3.031301780506469701e+00 8.888000347116764566e-01
5.001000200040007782e-01 3.410555425427962639e+00 1.036923552169868756e+00 3.031301780506469701e+00 8.888000347116764566e-01
5.003000600120024455e-01 3.410555425427962639e+00 1.036923552169868756e+00 3.031301780506469701e+00 8.888000347116764566e-01
5.005001000200040018e-01 3.410555425427962639e+00 1.036923552169868756e+00 3.031301780506469701e+00 8.888000347116764566e-01
5.007001400280055581e-01 3.410555425427962639e+00 1.036923552169868756e+00 3.031301780506469701e+00 8.888000347116764566e-01
5.009001800360072254e-01 3.410555425427962639e+00 1.036923552169868756e+00 3.031301780506469701e+00 8.888000347116764566e-01
5.011002200440087817e-01 3.410555425427962639e+00 1.036923552169868756e+00 3.031301780506469701e+00 8.888000347116764566e-01
5.013002600520104490e-01 3.410555425427962639e+00 1.036923552169868756e+00 3.031301780506469701e+00 8.888000347116764566e-01
5.015003000600120053e-01 3.410555425427962639e+00 1.036923552169868756e+00 3.031301780506469701e+00 8.888000347116764566e-01
5.017003400680135616e-01 3.410555425427962639e+00 1.036923552169868756e+00 3.031301780506469701e+00 8.888000347116764566e-01
5.019003800760152290e-01 3.410555425427962639e+00 1.036923552169868756e+00 3.031301780506469701e+00 8.888000347116764566e-01
5.021004200840167853e-01 3.410555425427962639e+00 1.036923552169868756e+00 3.031301780506469701e+00 8.888000347116764566e-01
5.023004600920184526e-01 3.410555425427962639e+00 1.036923552169868756e+00 3.031301780506469701e+00 8.888000347116764566e-01
5.025005001000200089e-01 3.410555425427962639e+00 1.036923552169868756e+00 3.031301780506469701e+00 8.888000347116764566e-01
5.027005401080215652e-01 3.410555425427962639e+00 1.036923552169868756e+00 3.031301780506469701e+00 8.888000347116764566e-01
5.029005801160232325e-01 3.410555425427962639e+00 1.036923552169868756e+00 3.031301780506469701e+00 8.888000347116764566e-01
5.031006201240247888e-01 3.410555425427962639e+00 1.036923552169868756e+00 3.031301780506469701e+00 8.888000347116764566e-01
5.033006601320264561e-01 3.410555425427962639e+00 1.036923552169868756e+00 3.031301780506469701e+00 8.888000347116764566e-01
5.035007001400280124e-01 3.410555425427962639e+00 1.036923552169868756e+00 3.031301780506469701e+00 8.888000347116764566e-01
5.037007401480295687e-01 3.410555425427962639e+00 1.036923552169868756e+00 3.031301780506469701e+00 8.888000347116764566e-01
5.039007801560312361e-01 3.410555425427962639e+00 1.036923552169868756e+00 3.031301780506469701e+00 8.888000347116764566e-01
5.041008201640327924e-01 3.410555425427962639e+00 1.036923552169868756e+00 3.031301780506469701e+00 8.888000347116764566e-01
5.043008601720344597e-01 3.410555425427962639e+00 1.036923552169868756e+00 3.031301780506469701e+00 8.888000347116764566e-01
5.045009001800360160e-01 3.410555425427962639e+00 1.036923552169868756e+00 3.031301780506469701e+00 8.888000347116764566e-01
5.047009401880375723e-01 3.410555425427962639e+00 1.036923552169868756e+00 3.031301780506469701e+00 8.888000347116764566e-01
5.049009801960392396e-01 3.410555425427962639e+00 1.036923552169868756e+00 3.031301780506469701e+00 8.888000347116764566e-01
5.051010202040407959e-01 3.410555425427962639e+00 1.036923552169868756e+00 3.031301780506469701e+00 8.888000347116764566e-01
5.053010602120424632e-01 3.410555425427962639e+00 1.036923552169868756e+00 3.031301780506469701e+00 8.888000347116764566e-01
5.055011002200440196e-01 3.410555425427962639e+00 1.036923552169868756e+00 3.031301780506469701e+00 8.888000347116764566e-01
5.057011402280455759e-01 3.410555425427962639e+00 1.036923552169868756e+00 3.031301780506469701e+00 8.888000347116764566e-01
5.059011802360472432e-01 3.410555425427962639e+00 1.036923552169868756e+00 3.031301780506469701e+00 8.888000347116764566e-01
5.061012202440487995e-01 3.410555425427962639e+00 1.036923552169868756e+00 3.031301780506469701e+00 8.888000347116764566e-01
5.063012602520504668e-01 3.410555425427962639e+00 1.036923552169868756e+00 3.031301780506469701e+00 8.888000347116764566e-01
5.065013002600520231e-01 3.410555425427962639e+00 1.036923552169868756e+00 3.031301780506469701e+00 8.888000347116764566e-01
5.067013402680535794e-01 3.410555425427962639e+00 1.036923552169868756e+00 3.031301780506469701e+00 8.888000347116764566e-01
5.069013802760552467e-01 3.410555425427962639e+00 1.036923552169868756e+00 3.031301780506469701e+00 8.888000347116764566e-01
5.071014202840568030e-01 3.410555425427962639e+00 1.036923552169868756e+00 3.031301780506469701e+00 8.888000347116764566e-01
5.073014602920583593e-01 3.410555425427962639e+00 1.036923552169868756e+00 3.031301780506469701e+00 8.888000347116764566e-01
5.075015003000600267e-01 3.410555425427962639e+00 1.036923552169868756e+00 3.031301780506469701e+00 8.888000347116764566e-01
5.077015403080615830e-01 3.410555425427962639e+00 1.036923552169868756e+00 3.031301780506469701e+00 8.888000347116764566e-01
5.079015803160632503e-01 3.410555425427962639e+00 1.036923552169868756e+00 3.031301780506469701e+00 8.888000347116764566e-01
5.081016203240648066e-01 3.410555425427962639e+00 1.036923552169868756e+00 3.031301780506469701e+00 8.888000347116764566e-01
5.083016603320663629e-01 3.410555425427962639e+00 1.036923552169868756e+00 3.031301780506469701e+00 8.888000347116764566e-01
5.085017003400680302e-01 3.410555425427962639e+00 1.036923552169868756e+00 3.031301780506469701e+00 8.888000347116764566e-01
5.087017403480695865e-01 3.410555425427962639e+00 1.036923552169868756e+00 3.031301780506469701e+00 8.888000347116764566e-01
5.089017803560712538e-01 3.410555425427962639e+00 1.036923552169868756e+00 3.031301780506469701e+00 8.888000347116764566e-01
5.091018203640728101e-01 3.410555425427962639e+00 1.036923552169868756e+00 3.031301780506469701e+00 8.888000347116764566e-01
5.093018603720743664e-01 3.410555425427962639e+00 1.036923552169868756e+00 3.031301780506469701e+00 8.888000347116764566e-01
5.095019003800760338e-01 3.410555425427962639e+00 1.036923552169868756e+00 3.031301780506469701e+00 8.888000347116764566e-01
5.097019403880775901e-01 3.410555425427962639e+00 1.036923552169868756e+00 3.031301780506469701e+00 8.888000347116764566e-01
5.099019803960792574e-01 3.410555425427962639e+00 1.036923552169868756e+00 3.031301780506469701e+00 8.888000347116764566e-01
5.101020204040808137e-01 3.410555425427962639e+00 1.036923552169868756e+00 3.031301780506469701e+00 8.888000347116764566e-01
5.103020604120823700e-01 3.410555425427962639e+00 1.036923552169868756e+00 3.031301780506469701e+00 8.888000347116764566e-01
5.105021004200840373e-01 3.410555425427962639e+00 1.036923552169868756e+00 3.031301780506469701e+00 8.888000347116764566e-01
5.107021404280855936e-01 3.410555425427962639e+00 1.036923552169868756e+00 3.031301780506469701e+00 8.888000347116764566e-01
5.109021804360872610e-01 3.410555425427962639e+00 1.036923552169868756e+00 3.031301780506469701e+00 8.888000347116764566e-01
5.111022204440888173e-01 3.410555425427962639e+00 1.036923552169868756e+00 3.031301780506469701e+00 8.888000347116764566e-01
5.113022604520903736e-01 3.410555425427962639e+00 1.036923552169868756e+00 3.031301780506469701e+00 8.888000347116764566e-01
5.115023004600920409e-01 3.410555425427962639e+00 1.036923552169868756e+00 3.031301780506469701e+00 8.888000347116764566e-01
5.117023404680935972e-01 3.410555425427962639e+00 1.036923552169868756e+00 3.031301780506469701e+00 8.888000347116764566e-01
5.119023804760952645e-01 3.410555425427962639e+00 1.036923552169868756e+00 3.031301780506469701e+00 8.888000347116764566e-01
5.121024204840968208e-01 3.410555425427962639e+00 1.036923552169868756e+00 3.031301780506469701e+00 8.888000347116764566e-01
5.123024604920983771e-01 3.410555425427962639e+00 1.036923552169868756e+00 3.031301780506469701e+00 8.888000347116764566e-01
5.125025005001000444e-01 3.410555425427962639e+00 1.036923552169868756e+00 3.031301780506469701e+00 8.888000347116764566e-01
5.127025405081016007e-01 3.410555425427962639e+00 1.036923552169868756e+00 3.031301780506469701e+00 8.888000347116764566e-01
5.129025805161032681e-01 3.410555425427962639e+00 1.036923552169868756e+00 3.031301780506469701e+00 8.888000347116764566e-01
5.131026205241048244e-01 3.410555425427962639e+00 1.036923552169868756e+00 3.031301780506469701e+00 8.888000347116764566e-01
5.133026605321063807e-01 3.410555425427962639e+00 1.036923552169868756e+00 3.031301780506469701e+00 8.888000347116764566e-01
5.135027005401080480e-01 3.410555425427962639e+00 1.036923552169868756e+00 3.031301780506469701e+00 8.888000347116764566e-01
5.137027405481096043e-01 3.410555425427962639e+00 1.036923552169868756e+00 3.031301780506469701e+00 8.888000347116764566e-01
5.139027805561112716e-01 3.410555425427962639e+00 1.036923552169868756e+00 3.031301780506469701e+00 8.888000347116764566e-01
5.141028205641128279e-01 3.410555425427962639e+00 1.036923552169868756e+00 3.031301780506469701e+00 8.888000347116764566e-01
5.143028605721143842e-01 3.410555425427962639e+00 1.036923552169868756e+00 3.031301780506469701e+00 8.888000347116764566e-01
5.145029005801160515e-01 3.410555425427962639e+00 1.036923552169868756e+00 3.031301780506469701e+00 8.888000347116764566e-01
5.147029405881176078e-01 3.410555425427962639e+00 1.036923552169868756e+00 3.031301780506469701e+00 8.888000347116764566e-01
5.149029805961192752e-01 3.410555425427962639e+00 1.036923552169868756e+00 3.031301780506469701e+00 8.888000347116764566e-01
5.151030206041208315e-01 3.410555425427962639e+00 1.036923552169868756e+00 3.031301780506469701e+00 8.888000347116764566e-01
5.153030606121223878e-01 3.410555425427962639e+00 1.036923552169868756e+00 3.031301780506469701e+00 8.888000347116764566e-01
5.155031006201240551e-01 3.410555425427962639e+00 1.036923552169868756e+00 3.031301780506469701e+00 8.888000347116764566e-01
5.157031406281256114e-01 3.410555425427962639e+00 1.036923552169868756e+00 3.031301780506469701e+00 8.888000347116764566e-01
5.159031806361272787e-01 3.410555425427962639e+00 1.036923552169868756e+00 3.031301780506469701e+00 8.888000347116764566e-01
5.161032206441288350e-01 3.410555425427962639e+00 1.036923552169868756e+00 3.031301780506469701e+00 8.888000347116764566e-01
5.163032606521303913e-01 3.410555425427962639e+00 1.036923552169868756e+00 3.031301780506469701e+00 8.888000347116764566e-01
5.165033006601320587e-01 3.410555425427962639e+00 1.036923552169868756e+00 3.031301780506469701e+00 8.888000347116764566e-01
5.167033406681336150e-01 3.410555425427962639e+00 1.036923552169868756e+00 3.031301780506469701e+00 8.888000347116764566e-01
5.169033806761352823e-01 3.410555425427962639e+00 1.036923552169868756e+00 3.031301780506469701e+00 8.888000347116764566e-01
5.171034206841368386e-01 3.410555425427962639e+00 1.036923552169868756e+00 3.031301780506469701e+00 8.888000347116764566e-01
5.173034606921383949e-01 3.410555425427962639e+00 1.036923552169868756e+00 3.031301780506469701e+00 8.888000347116764566e-01
5.175035007001400622e-01 3.410555425427962639e+00 1.036923552169868756e+00 3.031301780506469701e+00 8.888000347116764566e-01
5.177035407081416185e-01 3.410555425427962639e+00 1.036923552169868756e+00 3.031301780506469701e+00 8.888000347116764566e-01
5.179035807161431748e-01 3.410555425427962639e+00 1.036923552169868756e+00 3.031301780506469701e+00 8.888000347116764566e-01
5.181036207241448421e-01 3.410555425427962639e+00 1.036923552169868756e+00 3.031301780506469701e+00 8.888000347116764566e-01
5.183036607321463984e-01 3.410555425427962639e+00 1.036923552169868756e+00 3.031301780506469701e+00 8.888000347116764566e-01
5.185037007401480658e-01 3.410555425427962639e+00 1.036923552169868756e+00 3.031301780506469701e+00 8.888000347116764566e-01
5.187037407481496221e-01 3.410555425427962639e+00 1.036923552169868756e+00 3.031301780506469701e+00 8.888000347116764566e-01
5.189037807561511784e-01 3.410555425427962639e+00 1.036923552169868756e+00 3.031301780506469701e+00 8.888000347116764566e-01
5.191038207641528457e-01 3.410555425427962639e+00 1.036923552169868756e+00 3.031301780506469701e+00 8.888000347116764566e-01
5.193038607721544020e-01 3.410555425427962639e+00 1.036923552169868756e+00 3.031301780506469701e+00 8.888000347116764566e-01
5.195039007801560693e-01 3.410555425427962639e+00 1.036923552169868756e+00 3.031301780506469701e+00 8.888000347116764566e-01
5.197039407881576256e-01 3.410555425427962639e+00 1.036923552169868756e+00 3.031301780506469701e+00 8.888000347116764566e-01
5.199039807961591819e-01 3.410555425427962639e+00 1.036923552169868756e+00 3.031301780506469701e+00 8.888000347116764566e-01
5.201040208041608492e-01 3.410555425427962639e+00 1.036923552169868756e+00 3.031301780506469701e+00 8.888000347116764566e-01
5.203040608121624055e-01 3.410555425427962639e+00 1.036923552169868756e+00 3.031301780506469701e+00 8.888000347116764566e-01
5.205041008201640729e-01 3.410555425427962639e+00 1.036923552169868756e+00 3.031301780506469701e+00 8.888000347116764566e-01
5.207041408281656292e-01 3.410555425427962639e+00 1.036923552169868756e+00 3.031301780506469701e+00 8.888000347116764566e-01
5.209041808361671855e-01 3.410555425427962639e+00 1.036923552169868756e+00 3.031301780506469701e+00 8.888000347116764566e-01
5.211042208441688528e-01 3.410555425427962639e+00 1.036923552169868756e+00 3.031301780506469701e+00 8.888000347116764566e-01
5.213042608521704091e-01 3.410555425427962639e+00 1.036923552169868756e+00 3.031301780506469701e+00 8.888000347116764566e-01
5.215043008601720764e-01 3.410555425427962639e+00 1.036923552169868756e+00 3.031301780506469701e+00 8.888000347116764566e-01
5.217043408681736327e-01 3.410555425427962639e+00 1.036923552169868756e+00 3.031301780506469701e+00 8.888000347116764566e-01
5.219043808761751890e-01 3.410555425427962639e+00 1.036923552169868756e+00 3.031301780506469701e+00 8.888000347116764566e-01
5.221044208841768564e-01 3.410555425427962639e+00 1.036923552169868756e+00 3.031301780506469701e+00 8.888000347116764566e-01
5.223044608921784127e-01 3.410555425427962639e+00 1.036923552169868756e+00 3.031301780506469701e+00 8.888000347116764566e-01
5.225045009001800800e-01 3.410555425427962639e+00 1.036923552169868756e+00 3.031301780506469701e+00 8.888000347116764566e-01
5.227045409081816363e-01 3.410555425427962639e+00 1.036923552169868756e+00 3.031301780506469701e+00 8.888000347116764566e-01
5.229045809161831926e-01 3.410555425427962639e+00 1.036923552169868756e+00 3.031301780506469701e+00 8.888000347116764566e-01
5.231046209241848599e-01 3.410555425427962639e+00 1.036923552169868756e+00 3.031301780506469701e+00 8.888000347116764566e-01
5.233046609321864162e-01 3.410555425427962639e+00 1.036923552169868756e+00 3.031301780506469701e+00 8.888000347116764566e-01
5.235047009401880835e-01 3.410555425427962639e+00 1.036923552169868756e+00 3.031301780506469701e+00 8.888000347116764566e-01
5.237047409481896398e-01 3.410555425427962639e+00 1.036923552169868756e+00 3.031301780506469701e+00 8.888000347116764566e-01
5.239047809561911961e-01 3.410555425427962639e+00 1.036923552169868756e+00 3.031301780506469701e+00 8.888000347116764566e-01
5.241048209641928635e-01 3.410555425427962639e+00 1.036923552169868756e+00 3.031301780506469701e+00 8.888000347116764566e-01
5.243048609721944198e-01 3.410555425427962639e+00 1.036923552169868756e+00 3.031301780506469701e+00 8.888000347116764566e-01
5.245049009801960871e-01 3.410555425427962639e+00 1.036923552169868756e+00 3.031301780506469701e+00 8.888000347116764566e-01
5.247049409881976434e-01 3.410555425427962639e+00 1.036923552169868756e+00 3.031301780506469701e+00 8.888000347116764566e-01
5.249049809961991997e-01 3.410555425427962639e+00 1.036923552169868756e+00 3.031301780506469701e+00 8.888000347116764566e-01
5.251050210042008670e-01 3.410555425427962639e+00 1.036923552169868756e+00 3.031301780506469701e+00 8.888000347116764566e-01
5.253050610122024233e-01 3.410555425427962639e+00 1.036923552169868756e+00 3.031301780506469701e+00 8.888000347116764566e-01
5.255051010202040906e-01 3.410555425427962639e+00 1.036923552169868756e+00 3.031301780506469701e+00 8.888000347116764566e-01
5.257051410282056469e-01 3.410555425427962639e+00 1.036923552169868756e+00 3.031301780506469701e+00 8.888000347116764566e-01
5.259051810362072032e-01 3.410555425427962639e+00 1.036923552169868756e+00 3.031301780506469701e+00 8.888000347116764566e-01
5.261052210442088706e-01 3.410555425427962639e+00 1.036923552169868756e+00 3.031301780506469701e+00 8.888000347116764566e-01
5.263052610522104269e-01 3.410555425427962639e+00 1.036923552169868756e+00 3.031301780506469701e+00 8.888000347116764566e-01
5.265053010602120942e-01 3.410555425427962639e+00 1.036923552169868756e+00 3.031301780506469701e+00 8.888000347116764566e-01
5.267053410682136505e-01 3.410555425427962639e+00 1.036923552169868756e+00 3.031301780506469701e+00 8.888000347116764566e-01
5.269053810762152068e-01 3.410555425427962639e+00 1.036923552169868756e+00 3.031301780506469701e+00 8.888000347116764566e-01
5.271054210842168741e-01 3.410555425427962639e+00 1.036923552169868756e+00 3.031301780506469701e+00 8.888000347116764566e-01
5.273054610922184304e-01 3.410555425427962639e+00 1.036923552169868756e+00 3.031301780506469701e+00 8.888000347116764566e-01
5.275055011002200978e-01 3.410555425427962639e+00 1.036923552169868756e+00 3.031301780506469701e+00 8.888000347116764566e-01
5.277055411082216541e-01 3.410555425427962639e+00 1.036923552169868756e+00 3.031301780506469701e+00 8.888000347116764566e-01
5.279055811162232104e-01 3.410555425427962639e+00 1.036923552169868756e+00 3.031301780506469701e+00 8.888000347116764566e-01
5.281056211242248777e-01 3.410555425427962639e+00 1.036923552169868756e+00 3.031301780506469701e+00 8.888000347116764566e-01
5.283056611322264340e-01 3.410555425427962639e+00 1.036923552169868756e+00 3.031301780506469701e+00 8.888000347116764566e-01
5.285057011402281013e-01 3.410555425427962639e+00 1.036923552169868756e+00 3.031301780506469701e+00 8.888000347116764566e-01
5.287057411482296576e-01 3.410555425427962639e+00 1.036923552169868756e+00 3.031301780506469701e+00 8.888000347116764566e-01
5.289057811562312139e-01 3.410555425427962639e+00 1.036923552169868756e+00 3.031301780506469701e+00 8.888000347116764566e-01
5.291058211642328812e-01 3.410555425427962639e+00 1.036923552169868756e+00 3.031301780506469701e+00 8.888000347116764566e-01
5.293058611722344375e-01 3.410555425427962639e+00 1.036923552169868756e+00 3.031301780506469701e+00 8.888000347116764566e-01
5.295059011802359938e-01 3.410555425427962639e+00 1.036923552169868756e+00 3.031301780506469701e+00 8.888000347116764566e-01
5.297059411882376612e-01 3.410555425427962639e+00 1.036923552169868756e+00 3.031301780506469701e+00 8.888000347116764566e-01
5.299059811962392175e-01 3.410555425427962639e+00 1.036923552169868756e+00 3.031301780506469701e+00 8.888000347116764566e-01
5.301060212042408848e-01 3.410555425427962639e+00 1.036923552169868756e+00 3.031301780506469701e+00 8.888000347116764566e-01
5.303060612122424411e-01 3.410555425427962639e+00 1.036923552169868756e+00 3.031301780506469701e+00 8.888000347116764566e-01
5.305061012202439974e-01 3.410555425427962639e+00 1.036923552169868756e+00 3.031301780506469701e+00 8.888000347116764566e-01
5.307061412282456647e-01 3.410555425427962639e+00 1.036923552169868756e+00 3.031301780506469701e+00 8.888000347116764566e-01
5.309061812362472210e-01 3.410555425427962639e+00 1.036923552169868756e+00 3.031301780506469701e+00 8.888000347116764566e-01
5.311062212442488883e-01 3.410555425427962639e+00 1.036923552169868756e+00 3.031301780506469701e+00 8.888000347116764566e-01
5.313062612522504446e-01 3.410555425427962639e+00 1.036923552169868756e+00 3.031301780506469701e+00 8.888000347116764566e-01
5.315063012602520010e-01 3.410555425427962639e+00 1.036923552169868756e+00 3.031301780506469701e+00 8.888000347116764566e-01
5.317063412682536683e-01 3.410555425427962639e+00 1.036923552169868756e+00 3.031301780506469701e+00 8.888000347116764566e-01
5.319063812762552246e-01 3.410555425427962639e+00 1.036923552169868756e+00 3.031301780506469701e+00 8.888000347116764566e-01
5.321064212842568919e-01 3.410555425427962639e+00 1.036923552169868756e+00 3.031301780506469701e+00 8.888000347116764566e-01
5.323064612922584482e-01 3.410555425427962639e+00 1.036923552169868756e+00 3.031301780506469701e+00 8.888000347116764566e-01
5.325065013002600045e-01 3.410555425427962639e+00 1.036923552169868756e+00 3.031301780506469701e+00 8.888000347116764566e-01
5.327065413082616718e-01 3.410555425427962639e+00 1.036923552169868756e+00 3.031301780506469701e+00 8.888000347116764566e-01
5.329065813162632281e-01 3.410555425427962639e+00 1.036923552169868756e+00 3.031301780506469701e+00 8.888000347116764566e-01
5.331066213242648955e-01 3.410555425427962639e+00 1.036923552169868756e+00 3.031301780506469701e+00 8.888000347116764566e-01
5.333066613322664518e-01 3.410555425427962639e+00 1.036923552169868756e+00 3.031301780506469701e+00 8.888000347116764566e-01
5.335067013402680081e-01 3.410555425427962639e+00 1.036923552169868756e+00 3.031301780506469701e+00 8.888000347116764566e-01
5.337067413482696754e-01 3.410555425427962639e+00 1.036923552169868756e+00 3.031301780506469701e+00 8.888000347116764566e-01
5.339067813562712317e-01 3.410555425427962639e+00 1.036923552169868756e+00 3.031301780506469701e+00 8.888000347116764566e-01
5.341068213642728990e-01 3.410555425427962639e+00 1.036923552169868756e+00 3.031301780506469701e+00 8.888000347116764566e-01
5.343068613722744553e-01 3.410555425427962639e+00 1.036923552169868756e+00 3.031301780506469701e+00 8.888000347116764566e-01
5.345069013802760116e-01 3.410555425427962639e+00 1.036923552169868756e+00 3.031301780506469701e+00 8.888000347116764566e-01
5.347069413882776789e-01 3.410555425427962639e+00 1.036923552169868756e+00 3.031301780506469701e+00 8.888000347116764566e-01
5.349069813962792352e-01 3.410555425427962639e+00 1.036923552169868756e+00 3.031301780506469701e+00 8.888000347116764566e-01
5.351070214042809026e-01 3.410555425427962639e+00 1.036923552169868756e+00 3.031301780506469701e+00 8.888000347116764566e-01
5.353070614122824589e-01 3.410555425427962639e+00 1.036923552169868756e+00 3.031301780506469701e+00 8.888000347116764566e-01
5.355071014202840152e-01 3.410555425427962639e+00 1.036923552169868756e+00 3.031301780506469701e+00 8.888000347116764566e-01
5.357071414282856825e-01 3.410555425427962639e+00 1.036923552169868756e+00 3.031301780506469701e+00 8.888000347116764566e-01
5.359071814362872388e-01 3.410555425427962639e+00 1.036923552169868756e+00 3.031301780506469701e+00 8.888000347116764566e-01
5.361072214442889061e-01 3.410555425427962639e+00 1.036923552169868756e+00 3.031301780506469701e+00 8.888000347116764566e-01
5.363072614522904624e-01 3.410555425427962639e+00 1.036923552169868756e+00 3.031301780506469701e+00 8.888000347116764566e-01
5.365073014602920187e-01 3.410555425427962639e+00 1.036923552169868756e+00 3.031301780506469701e+00 8.888000347116764566e-01
5.367073414682936860e-01 3.410555425427962639e+00 1.036923552169868756e+00 3.031301780506469701e+00 8.888000347116764566e-01
5.369073814762952424e-01 3.410555425427962639e+00 1.036923552169868756e+00 3.031301780506469701e+00 8.888000347116764566e-01
5.371074214842969097e-01 3.410555425427962639e+00 1.036923552169868756e+00 3.031301780506469701e+00 8.888000347116764566e-01
5.373074614922984660e-01 3.410555425427962639e+00 1.036923552169868756e+00 3.031301780506469701e+00 8.888000347116764566e-01
5.375075015003000223e-01 3.410555425427962639e+00 1.036923552169868756e+00 3.031301780506469701e+00 8.888000347116764566e-01
5.377075415083016896e-01 3.410555425427962639e+00 1.036923552169868756e+00 3.031301780506469701e+00 8.888000347116764566e-01
5.379075815163032459e-01 3.410555425427962639e+00 1.036923552169868756e+00 3.031301780506469701e+00 8.888000347116764566e-01
5.381076215243049132e-01 3.410555425427962639e+00 1.036923552169868756e+00 3.031301780506469701e+00 8.888000347116764566e-01
5.383076615323064695e-01 3.410555425427962639e+00 1.036923552169868756e+00 3.031301780506469701e+00 8.888000347116764566e-01
5.385077015403080258e-01 3.410555425427962639e+00 1.036923552169868756e+00 3.031301780506469701e+00 8.888000347116764566e-01
5.387077415483096932e-01 3.410555425427962639e+00 1.036923552169868756e+00 3.031301780506469701e+00 8.888000347116764566e-01
5.389077815563112495e-01 3.410555425427962639e+00 1.036923552169868756e+00 3.031301780506469701e+00 8.888000347116764566e-01
5.391078215643129168e-01 3.410555425427962639e+00 1.036923552169868756e+00 3.031301780506469701e+00 8.888000347116764566e-01
5.393078615723144731e-01 3.410555425427962639e+00 1.036923552169868756e+00 3.031301780506469701e+00 8.888000347116764566e-01
5.395079015803160294e-01 3.410555425427962639e+00 1.036923552169868756e+00 3.031301780506469701e+00 8.888000347116764566e-01
5.397079415883176967e-01 3.410555425427962639e+00 1.036923552169868756e+00 3.031301780506469701e+00 8.888000347116764566e-01
5.399079815963192530e-01 3.410555425427962639e+00 1.036923552169868756e+00 3.031301780506469701e+00 8.888000347116764566e-01
5.401080216043209203e-01 3.410555425427962639e+00 1.036923552169868756e+00 3.031301780506469701e+00 8.888000347116764566e-01
5.403080616123224766e-01 3.410555425427962639e+00 1.036923552169868756e+00 3.031301780506469701e+00 8.888000347116764566e-01
5.405081016203240329e-01 3.410555425427962639e+00 1.036923552169868756e+00 3.031301780506469701e+00 8.888000347116764566e-01
5.407081416283257003e-01 3.410555425427962639e+00 1.036923552169868756e+00 3.031301780506469701e+00 8.888000347116764566e-01
5.409081816363272566e-01 3.410555425427962639e+00 1.036923552169868756e+00 3.031301780506469701e+00 8.888000347116764566e-01
5.411082216443288129e-01 3.410555425427962639e+00 1.036923552169868756e+00 3.031301780506469701e+00 8.888000347116764566e-01
5.413082616523304802e-01 3.410555425427962639e+00 1.036923552169868756e+00 3.031301780506469701e+00 8.888000347116764566e-01
5.415083016603320365e-01 3.410555425427962639e+00 1.036923552169868756e+00 3.031301780506469701e+00 8.888000347116764566e-01
5.417083416683337038e-01 3.410555425427962639e+00 1.036923552169868756e+00 3.031301780506469701e+00 8.888000347116764566e-01
5.419083816763352601e-01 3.410555425427962639e+00 1.036923552169868756e+00 3.031301780506469701e+00 8.888000347116764566e-01
5.421084216843368164e-01 3.410555425427962639e+00 1.036923552169868756e+00 3.031301780506469701e+00 8.888000347116764566e-01
5.423084616923384838e-01 3.410555425427962639e+00 1.036923552169868756e+00 3.031301780506469701e+00 8.888000347116764566e-01
5.425085017003400401e-01 3.410555425427962639e+00 1.036923552169868756e+00 3.031301780506469701e+00 8.888000347116764566e-01
5.427085417083417074e-01 3.410555425427962639e+00 1.036923552169868756e+00 3.031301780506469701e+00 8.888000347116764566e-01
5.429085817163432637e-01 3.410555425427962639e+00 1.036923552169868756e+00 3.031301780506469701e+00 8.888000347116764566e-01
5.431086217243448200e-01 3.410555425427962639e+00 1.036923552169868756e+00 3.031301780506469701e+00 8.888000347116764566e-01
5.433086617323464873e-01 3.410555425427962639e+00 1.036923552169868756e+00 3.031301780506469701e+00 8.888000347116764566e-01
5.435087017403480436e-01 3.410555425427962639e+00 1.036923552169868756e+00 3.031301780506469701e+00 8.888000347116764566e-01
5.437087417483497109e-01 3.410555425427962639e+00 1.036923552169868756e+00 3.031301780506469701e+00 8.888000347116764566e-01
5.439087817563512672e-01 3.410555425427962639e+00 1.036923552169868756e+00 3.031301780506469701e+00 8.888000347116764566e-01
5.441088217643528235e-01 3.410555425427962639e+00 1.036923552169868756e+00 3.031301780506469701e+00 8.888000347116764566e-01
5.443088617723544909e-01 3.410555425427962639e+00 1.036923552169868756e+00 3.031301780506469701e+00 8.888000347116764566e-01
5.445089017803560472e-01 3.410555425427962639e+00 1.036923552169868756e+00 3.031301780506469701e+00 8.888000347116764566e-01
5.447089417883577145e-01 3.410555425427962639e+00 1.036923552169868756e+00 3.031301780506469701e+00 8.888000347116764566e-01
5.449089817963592708e-01 3.410555425427962639e+00 1.036923552169868756e+00 3.031301780506469701e+00 8.888000347116764566e-01
5.451090218043608271e-01 3.410555425427962639e+00 1.036923552169868756e+00 3.031301780506469701e+00 8.888000347116764566e-01
5.453090618123624944e-01 3.410555425427962639e+00 1.036923552169868756e+00 3.031301780506469701e+00 8.888000347116764566e-01
5.455091018203640507e-01 3.410555425427962639e+00 1.036923552169868756e+00 3.031301780506469701e+00 8.888000347116764566e-01
5.457091418283657180e-01 3.410555425427962639e+00 1.036923552169868756e+00 3.031301780506469701e+00 8.888000347116764566e-01
5.459091818363672743e-01 3.410555425427962639e+00 1.036923552169868756e+00 3.031301780506469701e+00 8.888000347116764566e-01
5.461092218443688306e-01 3.410555425427962639e+00 1.036923552169868756e+00 3.031301780506469701e+00 8.888000347116764566e-01
5.463092618523704980e-01 3.410555425427962639e+00 1.036923552169868756e+00 3.031301780506469701e+00 8.888000347116764566e-01
5.465093018603720543e-01 3.410555425427962639e+00 1.036923552169868756e+00 3.031301780506469701e+00 8.888000347116764566e-01
5.467093418683737216e-01 3.410555425427962639e+00 1.036923552169868756e+00 3.031301780506469701e+00 8.888000347116764566e-01
5.469093818763752779e-01 3.410555425427962639e+00 1.036923552169868756e+00 3.031301780506469701e+00 8.888000347116764566e-01
5.471094218843768342e-01 3.410555425427962639e+00 1.036923552169868756e+00 3.031301780506469701e+00 8.888000347116764566e-01
5.473094618923785015e-01 3.410555425427962639e+00 1.036923552169868756e+00 3.031301780506469701e+00 8.888000347116764566e-01
5.475095019003800578e-01 3.410555425427962639e+00 1.036923552169868756e+00 3.031301780506469701e+00 8.888000347116764566e-01
5.477095419083817252e-01 3.410555425427962639e+00 1.036923552169868756e+00 3.031301780506469701e+00 8.888000347116764566e-01
5.479095819163832815e-01 3.410555425427962639e+00 1.036923552169868756e+00 3.031301780506469701e+00 8.888000347116764566e-01
5.481096219243848378e-01 3.410555425427962639e+00 1.036923552169868756e+00 3.031301780506469701e+00 8.888000347116764566e-01
5.483096619323865051e-01 3.410555425427962639e+00 1.036923552169868756e+00 3.031301780506469701e+00 8.888000347116764566e-01
5.485097019403880614e-01 3.410555425427962639e+00 1.036923552169868756e+00 3.031301780506469701e+00 8.888000347116764566e-01
5.487097419483897287e-01 3.410555425427962639e+00 1.036923552169868756e+00 3.031301780506469701e+00 8.888000347116764566e-01
5.489097819563912850e-01 3.410555425427962639e+00 1.036923552169868756e+00 3.031301780506469701e+00 8.888000347116764566e-01
5.491098219643928413e-01 3.410555425427962639e+00 1.036923552169868756e+00 3.031301780506469701e+00 8.888000347116764566e-01
5.493098619723945086e-01 3.410555425427962639e+00 1.036923552169868756e+00 3.031301780506469701e+00 8.888000347116764566e-01
5.495099019803960649e-01 3.410555425427962639e+00 1.036923552169868756e+00 3.031301780506469701e+00 8.888000347116764566e-01
5.497099419883977323e-01 3.410555425427962639e+00 1.036923552169868756e+00 3.031301780506469701e+00 8.888000347116764566e-01
5.499099819963992886e-01 3.410555425427962639e+00 1.036923552169868756e+00 3.031301780506469701e+00 8.888000347116764566e-01
5.501100220044008449e-01 3.410555425427962639e+00 1.036923552169868756e+00 3.031301780506469701e+00 8.888000347116764566e-01
5.503100620124025122e-01 3.410555425427962639e+00 1.036923552169868756e+00 3.031301780506469701e+00 8.888000347116764566e-01
5.505101020204040685e-01 3.410555425427962639e+00 1.036923552169868756e+00 3.031301780506469701e+00 8.888000347116764566e-01
5.507101420284057358e-01 3.410555425427962639e+00 1.036923552169868756e+00 3.031301780506469701e+00 8.888000347116764566e-01
5.509101820364072921e-01 3.410555425427962639e+00 1.036923552169868756e+00 3.031301780506469701e+00 8.888000347116764566e-01
5.511102220444088484e-01 3.410555425427962639e+00 1.036923552169868756e+00 3.031301780506469701e+00 8.888000347116764566e-01
5.513102620524105157e-01 3.410555425427962639e+00 1.036923552169868756e+00 3.031301780506469701e+00 8.888000347116764566e-01
5.515103020604120720e-01 3.410555425427962639e+00 1.036923552169868756e+00 3.031301780506469701e+00 8.888000347116764566e-01
5.517103420684137394e-01 3.410555425427962639e+00 1.036923552169868756e+00 3.031301780506469701e+00 8.888000347116764566e-01
5.519103820764152957e-01 3.410555425427962639e+00 1.036923552169868756e+00 3.031301780506469701e+00 8.888000347116764566e-01
5.521104220844168520e-01 3.410555425427962639e+00 1.036923552169868756e+00 3.031301780506469701e+00 8.888000347116764566e-01
5.523104620924185193e-01 3.410555425427962639e+00 1.036923552169868756e+00 3.031301780506469701e+00 8.888000347116764566e-01
5.525105021004200756e-01 3.410555425427962639e+00 1.036923552169868756e+00 3.031301780506469701e+00 8.888000347116764566e-01
5.527105421084216319e-01 3.410555425427962639e+00 1.036923552169868756e+00 3.031301780506469701e+00 8.888000347116764566e-01
5.529105821164232992e-01 3.410555425427962639e+00 1.036923552169868756e+00 3.031301780506469701e+00 8.888000347116764566e-01
5.531106221244248555e-01 3.410555425427962639e+00 1.036923552169868756e+00 3.031301780506469701e+00 8.888000347116764566e-01
5.533106621324265229e-01 3.410555425427962639e+00 1.036923552169868756e+00 3.031301780506469701e+00 8.888000347116764566e-01
5.535107021404280792e-01 3.410555425427962639e+00 1.036923552169868756e+00 3.031301780506469701e+00 8.888000347116764566e-01
5.537107421484296355e-01 3.410555425427962639e+00 1.036923552169868756e+00 3.031301780506469701e+00 8.888000347116764566e-01
5.539107821564313028e-01 3.410555425427962639e+00 1.036923552169868756e+00 3.031301780506469701e+00 8.888000347116764566e-01
5.541108221644328591e-01 3.410555425427962639e+00 1.036923552169868756e+00 3.031301780506469701e+00 8.888000347116764566e-01
5.543108621724345264e-01 3.410555425427962639e+00 1.036923552169868756e+00 3.031301780506469701e+00 8.888000347116764566e-01
5.545109021804360827e-01 3.410555425427962639e+00 1.036923552169868756e+00 3.031301780506469701e+00 8.888000347116764566e-01
5.547109421884376390e-01 3.410555425427962639e+00 1.036923552169868756e+00 3.031301780506469701e+00 8.888000347116764566e-01
5.549109821964393063e-01 3.410555425427962639e+00 1.036923552169868756e+00 3.031301780506469701e+00 8.888000347116764566e-01
5.551110222044408626e-01 3.410555425427962639e+00 1.036923552169868756e+00 3.031301780506469701e+00 8.888000347116764566e-01
5.553110622124425300e-01 3.410555425427962639e+00 1.036923552169868756e+00 3.031301780506469701e+00 8.888000347116764566e-01
5.555111022204440863e-01 3.410555425427962639e+00 1.036923552169868756e+00 3.031301780506469701e+00 8.888000347116764566e-01
5.557111422284456426e-01 3.410555425427962639e+00 1.036923552169868756e+00 3.031301780506469701e+00 8.888000347116764566e-01
5.559111822364473099e-01 3.410555425427962639e+00 1.036923552169868756e+00 3.031301780506469701e+00 8.888000347116764566e-01
5.561112222444488662e-01 3.410555425427962639e+00 1.036923552169868756e+00 3.031301780506469701e+00 8.888000347116764566e-01
5.563112622524505335e-01 3.410555425427962639e+00 1.036923552169868756e+00 3.031301780506469701e+00 8.888000347116764566e-01
5.565113022604520898e-01 3.410555425427962639e+00 1.036923552169868756e+00 3.031301780506469701e+00 8.888000347116764566e-01
5.567113422684536461e-01 3.410555425427962639e+00 1.036923552169868756e+00 3.031301780506469701e+00 8.888000347116764566e-01
5.569113822764553134e-01 3.410555425427962639e+00 1.036923552169868756e+00 3.031301780506469701e+00 8.888000347116764566e-01
5.571114222844568697e-01 3.410555425427962639e+00 1.036923552169868756e+00 3.031301780506469701e+00 8.888000347116764566e-01
5.573114622924585371e-01 3.410555425427962639e+00 1.036923552169868756e+00 3.031301780506469701e+00 8.888000347116764566e-01
5.575115023004600934e-01 3.410555425427962639e+00 1.036923552169868756e+00 3.031301780506469701e+00 8.888000347116764566e-01
5.577115423084616497e-01 3.410555425427962639e+00 1.036923552169868756e+00 3.031301780506469701e+00 8.888000347116764566e-01
5.579115823164633170e-01 3.410555425427962639e+00 1.036923552169868756e+00 3.031301780506469701e+00 8.888000347116764566e-01
5.581116223244648733e-01 3.410555425427962639e+00 1.036923552169868756e+00 3.031301780506469701e+00 8.888000347116764566e-01
5.583116623324665406e-01 3.410555425427962639e+00 1.036923552169868756e+00 3.031301780506469701e+00 8.888000347116764566e-01
5.585117023404680969e-01 3.410555425427962639e+00 1.036923552169868756e+00 3.031301780506469701e+00 8.888000347116764566e-01
5.587117423484696532e-01 3.410555425427962639e+00 1.036923552169868756e+00 3.031301780506469701e+00 8.888000347116764566e-01
5.589117823564713206e-01 3.410555425427962639e+00 1.036923552169868756e+00 3.031301780506469701e+00 8.888000347116764566e-01
5.591118223644728769e-01 3.410555425427962639e+00 1.036923552169868756e+00 3.031301780506469701e+00 8.888000347116764566e-01
5.593118623724745442e-01 3.410555425427962639e+00 1.036923552169868756e+00 3.031301780506469701e+00 8.888000347116764566e-01
5.595119023804761005e-01 3.410555425427962639e+00 1.036923552169868756e+00 3.031301780506469701e+00 8.888000347116764566e-01
5.597119423884776568e-01 3.410555425427962639e+00 1.036923552169868756e+00 3.031301780506469701e+00 8.888000347116764566e-01
5.599119823964793241e-01 3.410555425427962639e+00 1.036923552169868756e+00 3.031301780506469701e+00 8.888000347116764566e-01
5.601120224044808804e-01 3.410555425427962639e+00 1.036923552169868756e+00 3.031301780506469701e+00 8.888000347116764566e-01
5.603120624124825477e-01 3.410555425427962639e+00 1.036923552169868756e+00 3.031301780506469701e+00 8.888000347116764566e-01
5.605121024204841040e-01 3.410555425427962639e+00 1.036923552169868756e+00 3.031301780506469701e+00 8.888000347116764566e-01
5.607121424284856603e-01 3.410555425427962639e+00 1.036923552169868756e+00 3.031301780506469701e+00 8.888000347116764566e-01
5.609121824364873277e-01 3.410555425427962639e+00 1.036923552169868756e+00 3.031301780506469701e+00 8.888000347116764566e-01
5.611122224444888840e-01 3.410555425427962639e+00 1.036923552169868756e+00 3.031301780506469701e+00 8.888000347116764566e-01
5.613122624524905513e-01 3.410555425427962639e+00 1.036923552169868756e+00 3.031301780506469701e+00 8.888000347116764566e-01
5.615123024604921076e-01 3.410555425427962639e+00 1.036923552169868756e+00 3.031301780506469701e+00 8.888000347116764566e-01
5.617123424684936639e-01 3.410555425427962639e+00 1.036923552169868756e+00 3.031301780506469701e+00 8.888000347116764566e-01
5.619123824764953312e-01 3.410555425427962639e+00 1.036923552169868756e+00 3.031301780506469701e+00 8.888000347116764566e-01
5.621124224844968875e-01 3.410555425427962639e+00 1.036923552169868756e+00 3.031301780506469701e+00 8.888000347116764566e-01
5.623124624924985548e-01 3.410555425427962639e+00 1.036923552169868756e+00 3.031301780506469701e+00 8.888000347116764566e-01
5.625125025005001111e-01 3.410555425427962639e+00 1.036923552169868756e+00 3.031301780506469701e+00 8.888000347116764566e-01
5.627125425085016674e-01 3.410555425427962639e+00 1.036923552169868756e+00 3.031301780506469701e+00 8.888000347116764566e-01
5.629125825165033348e-01 3.410555425427962639e+00 1.036923552169868756e+00 3.031301780506469701e+00 8.888000347116764566e-01
5.631126225245048911e-01 3.410555425427962639e+00 1.036923552169868756e+00 3.031301780506469701e+00 8.888000347116764566e-01
5.633126625325064474e-01 3.410555425427962639e+00 1.036923552169868756e+00 3.031301780506469701e+00 8.888000347116764566e-01
5.635127025405081147e-01 3.410555425427962639e+00 1.036923552169868756e+00 3.031301780506469701e+00 8.888000347116764566e-01
5.637127425485096710e-01 3.410555425427962639e+00 1.036923552169868756e+00 3.031301780506469701e+00 8.888000347116764566e-01
5.639127825565113383e-01 3.410555425427962639e+00 1.036923552169868756e+00 3.031301780506469701e+00 8.888000347116764566e-01
5.641128225645128946e-01 3.410555425427962639e+00 1.036923552169868756e+00 3.031301780506469701e+00 8.888000347116764566e-01
5.643128625725144509e-01 3.410555425427962639e+00 1.036923552169868756e+00 3.031301780506469701e+00 8.888000347116764566e-01
5.645129025805161183e-01 3.410555425427962639e+00 1.036923552169868756e+00 3.031301780506469701e+00 8.888000347116764566e-01
5.647129425885176746e-01 3.410555425427962639e+00 1.036923552169868756e+00 3.031301780506469701e+00 8.888000347116764566e-01
5.649129825965193419e-01 3.410555425427962639e+00 1.036923552169868756e+00 3.031301780506469701e+00 8.888000347116764566e-01
5.651130226045208982e-01 3.410555425427962639e+00 1.036923552169868756e+00 3.031301780506469701e+00 8.888000347116764566e-01
5.653130626125224545e-01 3.410555425427962639e+00 1.036923552169868756e+00 3.031301780506469701e+00 8.888000347116764566e-01
5.655131026205241218e-01 3.410555425427962639e+00 1.036923552169868756e+00 3.031301780506469701e+00 8.888000347116764566e-01
5.657131426285256781e-01 3.410555425427962639e+00 1.036923552169868756e+00 3.031301780506469701e+00 8.888000347116764566e-01
5.659131826365273454e-01 3.410555425427962639e+00 1.036923552169868756e+00 3.031301780506469701e+00 8.888000347116764566e-01
5.661132226445289017e-01 3.410555425427962639e+00 1.036923552169868756e+00 3.031301780506469701e+00 8.888000347116764566e-01
5.663132626525304580e-01 3.410555425427962639e+00 1.036923552169868756e+00 3.031301780506469701e+00 8.888000347116764566e-01
5.665133026605321254e-01 3.410555425427962639e+00 1.036923552169868756e+00 3.031301780506469701e+00 8.888000347116764566e-01
5.667133426685336817e-01 3.410555425427962639e+00 1.036923552169868756e+00 3.031301780506469701e+00 8.888000347116764566e-01
5.669133826765353490e-01 3.410555425427962639e+00 1.036923552169868756e+00 3.031301780506469701e+00 8.888000347116764566e-01
5.671134226845369053e-01 3.410555425427962639e+00 1.036923552169868756e+00 3.031301780506469701e+00 8.888000347116764566e-01
5.673134626925384616e-01 3.410555425427962639e+00 1.036923552169868756e+00 3.031301780506469701e+00 8.888000347116764566e-01
5.675135027005401289e-01 3.410555425427962639e+00 1.036923552169868756e+00 3.031301780506469701e+00 8.888000347116764566e-01
5.677135427085416852e-01 3.410555425427962639e+00 1.036923552169868756e+00 3.031301780506469701e+00 8.888000347116764566e-01
5.679135827165433525e-01 3.410555425427962639e+00 1.036923552169868756e+00 3.031301780506469701e+00 8.888000347116764566e-01
5.681136227245449088e-01 3.410555425427962639e+00 1.036923552169868756e+00 3.031301780506469701e+00 8.888000347116764566e-01
5.683136627325464652e-01 3.410555425427962639e+00 1.036923552169868756e+00 3.031301780506469701e+00 8.888000347116764566e-01
5.685137027405481325e-01 3.410555425427962639e+00 1.036923552169868756e+00 3.031301780506469701e+00 8.888000347116764566e-01
5.687137427485496888e-01 3.410555425427962639e+00 1.036923552169868756e+00 3.031301780506469701e+00 8.888000347116764566e-01
5.689137827565513561e-01 3.410555425427962639e+00 1.036923552169868756e+00 3.031301780506469701e+00 8.888000347116764566e-01
5.691138227645529124e-01 3.410555425427962639e+00 1.036923552169868756e+00 3.031301780506469701e+00 8.888000347116764566e-01
5.693138627725544687e-01 3.410555425427962639e+00 1.036923552169868756e+00 3.031301780506469701e+00 8.888000347116764566e-01
5.695139027805561360e-01 3.410555425427962639e+00 1.036923552169868756e+00 3.031301780506469701e+00 8.888000347116764566e-01
5.697139427885576923e-01 3.410555425427962639e+00 1.036923552169868756e+00 3.031301780506469701e+00 8.888000347116764566e-01
5.699139827965593597e-01 3.410555425427962639e+00 1.036923552169868756e+00 3.031301780506469701e+00 8.888000347116764566e-01
5.701140228045609160e-01 3.410555425427962639e+00 1.036923552169868756e+00 3.031301780506469701e+00 8.888000347116764566e-01
5.703140628125624723e-01 3.410555425427962639e+00 1.036923552169868756e+00 3.031301780506469701e+00 8.888000347116764566e-01
5.705141028205641396e-01 3.410555425427962639e+00 1.036923552169868756e+00 3.031301780506469701e+00 8.888000347116764566e-01
5.707141428285656959e-01 3.410555425427962639e+00 1.036923552169868756e+00 3.031301780506469701e+00 8.888000347116764566e-01
5.709141828365673632e-01 3.410555425427962639e+00 1.036923552169868756e+00 3.031301780506469701e+00 8.888000347116764566e-01
5.711142228445689195e-01 3.410555425427962639e+00 1.036923552169868756e+00 3.031301780506469701e+00 8.888000347116764566e-01
5.713142628525704758e-01 3.410555425427962639e+00 1.036923552169868756e+00 3.031301780506469701e+00 8.888000347116764566e-01
5.715143028605721431e-01 3.410555425427962639e+00 1.036923552169868756e+00 3.031301780506469701e+00 8.888000347116764566e-01
5.717143428685736994e-01 3.410555425427962639e+00 1.036923552169868756e+00 3.031301780506469701e+00 8.888000347116764566e-01
5.719143828765753668e-01 3.410555425427962639e+00 1.036923552169868756e+00 3.031301780506469701e+00 8.888000347116764566e-01
5.721144228845769231e-01 3.410555425427962639e+00 1.036923552169868756e+00 3.031301780506469701e+00 8.888000347116764566e-01
5.723144628925784794e-01 3.410555425427962639e+00 1.036923552169868756e+00 3.031301780506469701e+00 8.888000347116764566e-01
5.725145029005801467e-01 3.410555425427962639e+00 1.036923552169868756e+00 3.031301780506469701e+00 8.888000347116764566e-01
5.727145429085817030e-01 3.410555425427962639e+00 1.036923552169868756e+00 3.031301780506469701e+00 8.888000347116764566e-01
5.729145829165833703e-01 3.410555425427962639e+00 1.036923552169868756e+00 3.031301780506469701e+00 8.888000347116764566e-01
5.731146229245849266e-01 3.410555425427962639e+00 1.036923552169868756e+00 3.031301780506469701e+00 8.888000347116764566e-01
5.733146629325864829e-01 3.410555425427962639e+00 1.036923552169868756e+00 3.031301780506469701e+00 8.888000347116764566e-01
5.735147029405881502e-01 3.410555425427962639e+00 1.036923552169868756e+00 3.031301780506469701e+00 8.888000347116764566e-01
5.737147429485897066e-01 3.410555425427962639e+00 1.036923552169868756e+00 3.031301780506469701e+00 8.888000347116764566e-01
5.739147829565913739e-01 3.410555425427962639e+00 1.036923552169868756e+00 3.031301780506469701e+00 8.888000347116764566e-01
5.741148229645929302e-01 3.410555425427962639e+00 1.036923552169868756e+00 3.031301780506469701e+00 8.888000347116764566e-01
5.743148629725944865e-01 3.410555425427962639e+00 1.036923552169868756e+00 3.031301780506469701e+00 8.888000347116764566e-01
5.745149029805961538e-01 3.410555425427962639e+00 1.036923552169868756e+00 3.031301780506469701e+00 8.888000347116764566e-01
5.747149429885977101e-01 3.410555425427962639e+00 1.036923552169868756e+00 3.031301780506469701e+00 8.888000347116764566e-01
5.749149829965992664e-01 3.410555425427962639e+00 1.036923552169868756e+00 3.031301780506469701e+00 8.888000347116764566e-01
5.751150230046009337e-01 3.410555425427962639e+00 1.036923552169868756e+00 3.031301780506469701e+00 8.888000347116764566e-01
5.753150630126024900e-01 3.410555425427962639e+00 1.036923552169868756e+00 3.031301780506469701e+00 8.888000347116764566e-01
5.755151030206041574e-01 3.410555425427962639e+00 1.036923552169868756e+00 3.031301780506469701e+00 8.888000347116764566e-01
5.757151430286057137e-01 3.410555425427962639e+00 1.036923552169868756e+00 3.031301780506469701e+00 8.888000347116764566e-01
5.759151830366072700e-01 3.410555425427962639e+00 1.036923552169868756e+00 3.031301780506469701e+00 8.888000347116764566e-01
5.761152230446089373e-01 3.410555425427962639e+00 1.036923552169868756e+00 3.031301780506469701e+00 8.888000347116764566e-01
5.763152630526104936e-01 3.410555425427962639e+00 1.036923552169868756e+00 3.031301780506469701e+00 8.888000347116764566e-01
5.765153030606121609e-01 3.410555425427962639e+00 1.036923552169868756e+00 3.031301780506469701e+00 8.888000347116764566e-01
5.767153430686137172e-01 3.410555425427962639e+00 1.036923552169868756e+00 3.031301780506469701e+00 8.888000347116764566e-01
5.769153830766152735e-01 3.410555425427962639e+00 1.036923552169868756e+00 3.031301780506469701e+00 8.888000347116764566e-01
5.771154230846169408e-01 3.410555425427962639e+00 1.036923552169868756e+00 3.031301780506469701e+00 8.888000347116764566e-01
5.773154630926184971e-01 3.410555425427962639e+00 1.036923552169868756e+00 3.031301780506469701e+00 8.888000347116764566e-01
5.775155031006201645e-01 3.410555425427962639e+00 1.036923552169868756e+00 3.031301780506469701e+00 8.888000347116764566e-01
5.777155431086217208e-01 3.410555425427962639e+00 1.036923552169868756e+00 3.031301780506469701e+00 8.888000347116764566e-01
5.779155831166232771e-01 3.410555425427962639e+00 1.036923552169868756e+00 3.031301780506469701e+00 8.888000347116764566e-01
5.781156231246249444e-01 3.410555425427962639e+00 1.036923552169868756e+00 3.031301780506469701e+00 8.888000347116764566e-01
5.783156631326265007e-01 3.410555425427962639e+00 1.036923552169868756e+00 3.031301780506469701e+00 8.888000347116764566e-01
5.785157031406281680e-01 3.410555425427962639e+00 1.036923552169868756e+00 3.031301780506469701e+00 8.888000347116764566e-01
5.787157431486297243e-01 3.410555425427962639e+00 1.036923552169868756e+00 3.031301780506469701e+00 8.888000347116764566e-01
5.789157831566312806e-01 3.410555425427962639e+00 1.036923552169868756e+00 3.031301780506469701e+00 8.888000347116764566e-01
5.791158231646329480e-01 3.410555425427962639e+00 1.036923552169868756e+00 3.031301780506469701e+00 8.888000347116764566e-01
5.793158631726345043e-01 3.410555425427962639e+00 1.036923552169868756e+00 3.031301780506469701e+00 8.888000347116764566e-01
5.795159031806361716e-01 3.410555425427962639e+00 1.036923552169868756e+00 3.031301780506469701e+00 8.888000347116764566e-01
5.797159431886377279e-01 3.410555425427962639e+00 1.036923552169868756e+00 3.031301780506469701e+00 8.888000347116764566e-01
5.799159831966392842e-01 3.410555425427962639e+00 1.036923552169868756e+00 3.031301780506469701e+00 8.888000347116764566e-01
5.801160232046409515e-01 3.410555425427962639e+00 1.036923552169868756e+00 3.031301780506469701e+00 8.888000347116764566e-01
5.803160632126425078e-01 3.410555425427962639e+00 1.036923552169868756e+00 3.031301780506469701e+00 8.888000347116764566e-01
5.805161032206441751e-01 3.410555425427962639e+00 1.036923552169868756e+00 3.031301780506469701e+00 8.888000347116764566e-01
5.807161432286457314e-01 3.410555425427962639e+00 1.036923552169868756e+00 3.031301780506469701e+00 8.888000347116764566e-01
5.809161832366472877e-01 3.410555425427962639e+00 1.036923552169868756e+00 3.031301780506469701e+00 8.888000347116764566e-01
5.811162232446489551e-01 3.410555425427962639e+00 1.036923552169868756e+00 3.031301780506469701e+00 8.888000347116764566e-01
5.813162632526505114e-01 3.410555425427962639e+00 1.036923552169868756e+00 3.031301780506469701e+00 8.888000347116764566e-01
5.815163032606521787e-01 3.410555425427962639e+00 1.036923552169868756e+00 3.031301780506469701e+00 8.888000347116764566e-01
5.817163432686537350e-01 3.410555425427962639e+00 1.036923552169868756e+00 3.031301780506469701e+00 8.888000347116764566e-01
5.819163832766552913e-01 3.410555425427962639e+00 1.036923552169868756e+00 3.031301780506469701e+00 8.888000347116764566e-01
5.821164232846569586e-01 3.410555425427962639e+00 1.036923552169868756e+00 3.031301780506469701e+00 8.888000347116764566e-01
5.823164632926585149e-01 3.410555425427962639e+00 1.036923552169868756e+00 3.031301780506469701e+00 8.888000347116764566e-01
5.825165033006601822e-01 3.410555425427962639e+00 1.036923552169868756e+00 3.031301780506469701e+00 8.888000347116764566e-01
5.827165433086617385e-01 3.410555425427962639e+00 1.036923552169868756e+00 3.031301780506469701e+00 8.888000347116764566e-01
5.829165833166632948e-01 3.410555425427962639e+00 1.036923552169868756e+00 3.031301780506469701e+00 8.888000347116764566e-01
5.831166233246649622e-01 3.410555425427962639e+00 1.036923552169868756e+00 3.031301780506469701e+00 8.888000347116764566e-01
5.833166633326665185e-01 3.410555425427962639e+00 1.036923552169868756e+00 3.031301780506469701e+00 8.888000347116764566e-01
5.835167033406681858e-01 3.410555425427962639e+00 1.036923552169868756e+00 3.031301780506469701e+00 8.888000347116764566e-01
5.837167433486697421e-01 3.410555425427962639e+00 1.036923552169868756e+00 3.031301780506469701e+00 8.888000347116764566e-01
5.839167833566712984e-01 3.410555425427962639e+00 1.036923552169868756e+00 3.031301780506469701e+00 8.888000347116764566e-01
5.841168233646729657e-01 3.410555425427962639e+00 1.036923552169868756e+00 3.031301780506469701e+00 8.888000347116764566e-01
5.843168633726745220e-01 3.410555425427962639e+00 1.036923552169868756e+00 3.031301780506469701e+00 8.888000347116764566e-01
5.845169033806761894e-01 3.410555425427962639e+00 1.036923552169868756e+00 3.031301780506469701e+00 8.888000347116764566e-01
5.847169433886777457e-01 3.410555425427962639e+00 1.036923552169868756e+00 3.031301780506469701e+00 8.888000347116764566e-01
5.849169833966793020e-01 3.410555425427962639e+00 1.036923552169868756e+00 3.031301780506469701e+00 8.888000347116764566e-01
5.851170234046809693e-01 3.410555425427962639e+00 1.036923552169868756e+00 3.031301780506469701e+00 8.888000347116764566e-01
5.853170634126825256e-01 3.410555425427962639e+00 1.036923552169868756e+00 3.031301780506469701e+00 8.888000347116764566e-01
5.855171034206841929e-01 3.410555425427962639e+00 1.036923552169868756e+00 3.031301780506469701e+00 8.888000347116764566e-01
5.857171434286857492e-01 3.410555425427962639e+00 1.036923552169868756e+00 3.031301780506469701e+00 8.888000347116764566e-01
5.859171834366873055e-01 3.410555425427962639e+00 1.036923552169868756e+00 3.031301780506469701e+00 8.888000347116764566e-01
5.861172234446889728e-01 3.410555425427962639e+00 1.036923552169868756e+00 3.031301780506469701e+00 8.888000347116764566e-01
5.863172634526905291e-01 3.410555425427962639e+00 1.036923552169868756e+00 3.031301780506469701e+00 8.888000347116764566e-01
5.865173034606920854e-01 3.410555425427962639e+00 1.036923552169868756e+00 3.031301780506469701e+00 8.888000347116764566e-01
5.867173434686937528e-01 3.410555425427962639e+00 1.036923552169868756e+00 3.031301780506469701e+00 8.888000347116764566e-01
5.869173834766953091e-01 3.410555425427962639e+00 1.036923552169868756e+00 3.031301780506469701e+00 8.888000347116764566e-01
5.871174234846969764e-01 3.410555425427962639e+00 1.036923552169868756e+00 3.031301780506469701e+00 8.888000347116764566e-01
5.873174634926985327e-01 3.410555425427962639e+00 1.036923552169868756e+00 3.031301780506469701e+00 8.888000347116764566e-01
5.875175035007000890e-01 3.410555425427962639e+00 1.036923552169868756e+00 3.031301780506469701e+00 8.888000347116764566e-01
5.877175435087017563e-01 3.410555425427962639e+00 1.036923552169868756e+00 3.031301780506469701e+00 8.888000347116764566e-01
5.879175835167033126e-01 3.410555425427962639e+00 1.036923552169868756e+00 3.031301780506469701e+00 8.888000347116764566e-01
5.881176235247049799e-01 3.410555425427962639e+00 1.036923552169868756e+00 3.031301780506469701e+00 8.888000347116764566e-01
5.883176635327065362e-01 3.410555425427962639e+00 1.036923552169868756e+00 3.031301780506469701e+00 8.888000347116764566e-01
5.885177035407080925e-01 3.410555425427962639e+00 1.036923552169868756e+00 3.031301780506469701e+00 8.888000347116764566e-01
5.887177435487097599e-01 3.410555425427962639e+00 1.036923552169868756e+00 3.031301780506469701e+00 8.888000347116764566e-01
5.889177835567113162e-01 3.410555425427962639e+00 1.036923552169868756e+00 3.031301780506469701e+00 8.888000347116764566e-01
5.891178235647129835e-01 3.410555425427962639e+00 1.036923552169868756e+00 3.031301780506469701e+00 8.888000347116764566e-01
5.893178635727145398e-01 3.410555425427962639e+00 1.036923552169868756e+00 3.031301780506469701e+00 8.888000347116764566e-01
5.895179035807160961e-01 3.410555425427962639e+00 1.036923552169868756e+00 3.031301780506469701e+00 8.888000347116764566e-01
5.897179435887177634e-01 3.410555425427962639e+00 1.036923552169868756e+00 3.031301780506469701e+00 8.888000347116764566e-01
5.899179835967193197e-01 3.410555425427962639e+00 1.036923552169868756e+00 3.031301780506469701e+00 8.888000347116764566e-01
5.901180236047209871e-01 3.410555425427962639e+00 1.036923552169868756e+00 3.031301780506469701e+00 8.888000347116764566e-01
5.903180636127225434e-01 3.410555425427962639e+00 1.036923552169868756e+00 3.031301780506469701e+00 8.888000347116764566e-01
5.905181036207240997e-01 3.410555425427962639e+00 1.036923552169868756e+00 3.031301780506469701e+00 8.888000347116764566e-01
5.907181436287257670e-01 3.410555425427962639e+00 1.036923552169868756e+00 3.031301780506469701e+00 8.888000347116764566e-01
5.909181836367273233e-01 3.410555425427962639e+00 1.036923552169868756e+00 3.031301780506469701e+00 8.888000347116764566e-01
5.911182236447289906e-01 3.410555425427962639e+00 1.036923552169868756e+00 3.031301780506469701e+00 8.888000347116764566e-01
5.913182636527305469e-01 3.410555425427962639e+00 1.036923552169868756e+00 3.031301780506469701e+00 8.888000347116764566e-01
5.915183036607321032e-01 3.410555425427962639e+00 1.036923552169868756e+00 3.031301780506469701e+00 8.888000347116764566e-01
5.917183436687337705e-01 3.410555425427962639e+00 1.036923552169868756e+00 3.031301780506469701e+00 8.888000347116764566e-01
5.919183836767353268e-01 3.410555425427962639e+00 1.036923552169868756e+00 3.031301780506469701e+00 8.888000347116764566e-01
5.921184236847369942e-01 3.410555425427962639e+00 1.036923552169868756e+00 3.031301780506469701e+00 8.888000347116764566e-01
5.923184636927385505e-01 3.410555425427962639e+00 1.036923552169868756e+00 3.031301780506469701e+00 8.888000347116764566e-01
5.925185037007401068e-01 3.410555425427962639e+00 1.036923552169868756e+00 3.031301780506469701e+00 8.888000347116764566e-01
5.927185437087417741e-01 3.410555425427962639e+00 1.036923552169868756e+00 3.031301780506469701e+00 8.888000347116764566e-01
5.929185837167433304e-01 3.410555425427962639e+00 1.036923552169868756e+00 3.031301780506469701e+00 8.888000347116764566e-01
5.931186237247449977e-01 3.410555425427962639e+00 1.036923552169868756e+00 3.031301780506469701e+00 8.888000347116764566e-01
5.933186637327465540e-01 3.410555425427962639e+00 1.036923552169868756e+00 3.031301780506469701e+00 8.888000347116764566e-01
5.935187037407481103e-01 3.410555425427962639e+00 1.036923552169868756e+00 3.031301780506469701e+00 8.888000347116764566e-01
5.937187437487497776e-01 3.410555425427962639e+00 1.036923552169868756e+00 3.031301780506469701e+00 8.888000347116764566e-01
5.939187837567513339e-01 3.410555425427962639e+00 1.036923552169868756e+00 3.031301780506469701e+00 8.888000347116764566e-01
5.941188237647530013e-01 3.410555425427962639e+00 1.036923552169868756e+00 3.031301780506469701e+00 8.888000347116764566e-01
5.943188637727545576e-01 3.410555425427962639e+00 1.036923552169868756e+00 3.031301780506469701e+00 8.888000347116764566e-01
5.945189037807561139e-01 3.410555425427962639e+00 1.036923552169868756e+00 3.031301780506469701e+00 8.888000347116764566e-01
5.947189437887577812e-01 3.410555425427962639e+00 1.036923552169868756e+00 3.031301780506469701e+00 8.888000347116764566e-01
5.949189837967593375e-01 3.410555425427962639e+00 1.036923552169868756e+00 3.031301780506469701e+00 8.888000347116764566e-01
5.951190238047610048e-01 3.410555425427962639e+00 1.036923552169868756e+00 3.031301780506469701e+00 8.888000347116764566e-01
5.953190638127625611e-01 3.410555425427962639e+00 1.036923552169868756e+00 3.031301780506469701e+00 8.888000347116764566e-01
5.955191038207641174e-01 3.410555425427962639e+00 1.036923552169868756e+00 3.031301780506469701e+00 8.888000347116764566e-01
5.957191438287657848e-01 3.410555425427962639e+00 1.036923552169868756e+00 3.031301780506469701e+00 8.888000347116764566e-01
5.959191838367673411e-01 3.410555425427962639e+00 1.036923552169868756e+00 3.031301780506469701e+00 8.888000347116764566e-01
5.961192238447690084e-01 3.410555425427962639e+00 1.036923552169868756e+00 3.031301780506469701e+00 8.888000347116764566e-01
5.963192638527705647e-01 3.410555425427962639e+00 1.036923552169868756e+00 3.031301780506469701e+00 8.888000347116764566e-01
5.965193038607721210e-01 3.410555425427962639e+00 1.036923552169868756e+00 3.031301780506469701e+00 8.888000347116764566e-01
5.967193438687737883e-01 3.410555425427962639e+00 1.036923552169868756e+00 3.031301780506469701e+00 8.888000347116764566e-01
5.969193838767753446e-01 3.410555425427962639e+00 1.036923552169868756e+00 3.031301780506469701e+00 8.888000347116764566e-01
5.971194238847770119e-01 3.410555425427962639e+00 1.036923552169868756e+00 3.031301780506469701e+00 8.888000347116764566e-01
5.973194638927785682e-01 3.410555425427962639e+00 1.036923552169868756e+00 3.031301780506469701e+00 8.888000347116764566e-01
5.975195039007801245e-01 3.410555425427962639e+00 1.036923552169868756e+00 3.031301780506469701e+00 8.888000347116764566e-01
5.977195439087817919e-01 3.410555425427962639e+00 1.036923552169868756e+00 3.031301780506469701e+00 8.888000347116764566e-01
5.979195839167833482e-01 3.410555425427962639e+00 1.036923552169868756e+00 3.031301780506469701e+00 8.888000347116764566e-01
5.981196239247849045e-01 3.410555425427962639e+00 1.036923552169868756e+00 3.031301780506469701e+00 8.888000347116764566e-01
5.983196639327865718e-01 3.410555425427962639e+00 1.036923552169868756e+00 3.031301780506469701e+00 8.888000347116764566e-01
5.985197039407881281e-01 3.410555425427962639e+00 1.036923552169868756e+00 3.031301780506469701e+00 8.888000347116764566e-01
5.987197439487897954e-01 3.410555425427962639e+00 1.036923552169868756e+00 3.031301780506469701e+00 8.888000347116764566e-01
5.989197839567913517e-01 3.410555425427962639e+00 1.036923552169868756e+00 3.031301780506469701e+00 8.888000347116764566e-01
5.991198239647929080e-01 3.410555425427962639e+00 1.036923552169868756e+00 3.031301780506469701e+00 8.888000347116764566e-01
5.993198639727945753e-01 3.410555425427962639e+00 1.036923552169868756e+00 3.031301780506469701e+00 8.888000347116764566e-01
5.995199039807961316e-01 3.410555425427962639e+00 1.036923552169868756e+00 3.031301780506469701e+00 8.888000347116764566e-01
5.997199439887977990e-01 3.410555425427962639e+00 1.036923552169868756e+00 3.031301780506469701e+00 8.888000347116764566e-01
5.999199839967993553e-01 3.410555425427962639e+00 1.036923552169868756e+00 3.031301780506469701e+00 8.888000347116764566e-01
6.001200240048009116e-01 3.410555425427962639e+00 1.036923552169868756e+00 3.031301780506469701e+00 8.888000347116764566e-01
6.003200640128025789e-01 3.410555425427962639e+00 1.036923552169868756e+00 3.031301780506469701e+00 8.888000347116764566e-01
6.005201040208041352e-01 3.410555425427962639e+00 1.036923552169868756e+00 3.031301780506469701e+00 8.888000347116764566e-01
6.007201440288058025e-01 3.410555425427962639e+00 1.036923552169868756e+00 3.031301780506469701e+00 8.888000347116764566e-01
6.009201840368073588e-01 3.410555425427962639e+00 1.036923552169868756e+00 3.031301780506469701e+00 8.888000347116764566e-01
6.011202240448089151e-01 3.410555425427962639e+00 1.036923552169868756e+00 3.031301780506469701e+00 8.888000347116764566e-01
6.013202640528105825e-01 3.410555425427962639e+00 1.036923552169868756e+00 3.031301780506469701e+00 8.888000347116764566e-01
6.015203040608121388e-01 3.410555425427962639e+00 1.036923552169868756e+00 3.031301780506469701e+00 8.888000347116764566e-01
6.017203440688138061e-01 3.410555425427962639e+00 1.036923552169868756e+00 3.031301780506469701e+00 8.888000347116764566e-01
6.019203840768153624e-01 3.410555425427962639e+00 1.036923552169868756e+00 3.031301780506469701e+00 8.888000347116764566e-01
6.021204240848169187e-01 3.410555425427962639e+00 1.036923552169868756e+00 3.031301780506469701e+00 8.888000347116764566e-01
6.023204640928185860e-01 3.410555425427962639e+00 1.036923552169868756e+00 3.031301780506469701e+00 8.888000347116764566e-01
6.025205041008201423e-01 3.410555425427962639e+00 1.036923552169868756e+00 3.031301780506469701e+00 8.888000347116764566e-01
6.027205441088218096e-01 3.410555425427962639e+00 1.036923552169868756e+00 3.031301780506469701e+00 8.888000347116764566e-01
6.029205841168233659e-01 3.410555425427962639e+00 1.036923552169868756e+00 3.031301780506469701e+00 8.888000347116764566e-01
6.031206241248249222e-01 3.410555425427962639e+00 1.036923552169868756e+00 3.031301780506469701e+00 8.888000347116764566e-01
6.033206641328265896e-01 3.410555425427962639e+00 1.036923552169868756e+00 3.031301780506469701e+00 8.888000347116764566e-01
6.035207041408281459e-01 3.410555425427962639e+00 1.036923552169868756e+00 3.031301780506469701e+00 8.888000347116764566e-01
6.037207441488298132e-01 3.410555425427962639e+00 1.036923552169868756e+00 3.031301780506469701e+00 8.888000347116764566e-01
6.039207841568313695e-01 3.410555425427962639e+00 1.036923552169868756e+00 3.031301780506469701e+00 8.888000347116764566e-01
6.041208241648329258e-01 3.410555425427962639e+00 1.036923552169868756e+00 3.031301780506469701e+00 8.888000347116764566e-01
6.043208641728345931e-01 3.410555425427962639e+00 1.036923552169868756e+00 3.031301780506469701e+00 8.888000347116764566e-01
6.045209041808361494e-01 3.410555425427962639e+00 1.036923552169868756e+00 3.031301780506469701e+00 8.888000347116764566e-01
6.047209441888378167e-01 3.410555425427962639e+00 1.036923552169868756e+00 3.031301780506469701e+00 8.888000347116764566e-01
6.049209841968393730e-01 3.410555425427962639e+00 1.036923552169868756e+00 3.031301780506469701e+00 8.888000347116764566e-01
6.051210242048409294e-01 3.410555425427962639e+00 1.036923552169868756e+00 3.031301780506469701e+00 8.888000347116764566e-01
6.053210642128425967e-01 3.410555425427962639e+00 1.036923552169868756e+00 3.031301780506469701e+00 8.888000347116764566e-01
6.055211042208441530e-01 3.410555425427962639e+00 1.036923552169868756e+00 3.031301780506469701e+00 8.888000347116764566e-01
6.057211442288458203e-01 3.410555425427962639e+00 1.036923552169868756e+00 3.031301780506469701e+00 8.888000347116764566e-01
6.059211842368473766e-01 3.410555425427962639e+00 1.036923552169868756e+00 3.031301780506469701e+00 8.888000347116764566e-01
6.061212242448489329e-01 3.410555425427962639e+00 1.036923552169868756e+00 3.031301780506469701e+00 8.888000347116764566e-01
6.063212642528506002e-01 3.410555425427962639e+00 1.036923552169868756e+00 3.031301780506469701e+00 8.888000347116764566e-01
6.065213042608521565e-01 3.410555425427962639e+00 1.036923552169868756e+00 3.031301780506469701e+00 8.888000347116764566e-01
6.067213442688538239e-01 3.410555425427962639e+00 1.036923552169868756e+00 3.031301780506469701e+00 8.888000347116764566e-01
6.069213842768553802e-01 3.410555425427962639e+00 1.036923552169868756e+00 3.031301780506469701e+00 8.888000347116764566e-01
6.071214242848569365e-01 3.410555425427962639e+00 1.036923552169868756e+00 3.031301780506469701e+00 8.888000347116764566e-01
6.073214642928586038e-01 3.410555425427962639e+00 1.036923552169868756e+00 3.031301780506469701e+00 8.888000347116764566e-01
6.075215043008601601e-01 3.410555425427962639e+00 1.036923552169868756e+00 3.031301780506469701e+00 8.888000347116764566e-01
6.077215443088618274e-01 3.410555425427962639e+00 1.036923552169868756e+00 3.031301780506469701e+00 8.888000347116764566e-01
6.079215843168633837e-01 3.410555425427962639e+00 1.036923552169868756e+00 3.031301780506469701e+00 8.888000347116764566e-01
6.081216243248649400e-01 3.410555425427962639e+00 1.036923552169868756e+00 3.031301780506469701e+00 8.888000347116764566e-01
6.083216643328666073e-01 3.410555425427962639e+00 1.036923552169868756e+00 3.031301780506469701e+00 8.888000347116764566e-01
6.085217043408681636e-01 3.410555425427962639e+00 1.036923552169868756e+00 3.031301780506469701e+00 8.888000347116764566e-01
6.087217443488698310e-01 3.410555425427962639e+00 1.036923552169868756e+00 3.031301780506469701e+00 8.888000347116764566e-01
6.089217843568713873e-01 3.410555425427962639e+00 1.036923552169868756e+00 3.031301780506469701e+00 8.888000347116764566e-01
6.091218243648729436e-01 3.410555425427962639e+00 1.036923552169868756e+00 3.031301780506469701e+00 8.888000347116764566e-01
6.093218643728746109e-01 3.410555425427962639e+00 1.036923552169868756e+00 3.031301780506469701e+00 8.888000347116764566e-01
6.095219043808761672e-01 3.410555425427962639e+00 1.036923552169868756e+00 3.031301780506469701e+00 8.888000347116764566e-01
6.097219443888777235e-01 3.410555425427962639e+00 1.036923552169868756e+00 3.031301780506469701e+00 8.888000347116764566e-01
6.099219843968793908e-01 3.410555425427962639e+00 1.036923552169868756e+00 3.031301780506469701e+00 8.888000347116764566e-01
6.101220244048809471e-01 3.410555425427962639e+00 1.036923552169868756e+00 3.031301780506469701e+00 8.888000347116764566e-01
6.103220644128826144e-01 3.410555425427962639e+00 1.036923552169868756e+00 3.031301780506469701e+00 8.888000347116764566e-01
6.105221044208841708e-01 3.410555425427962639e+00 1.036923552169868756e+00 3.031301780506469701e+00 8.888000347116764566e-01
6.107221444288857271e-01 3.410555425427962639e+00 1.036923552169868756e+00 3.031301780506469701e+00 8.888000347116764566e-01
6.109221844368873944e-01 3.410555425427962639e+00 1.036923552169868756e+00 3.031301780506469701e+00 8.888000347116764566e-01
6.111222244448889507e-01 3.410555425427962639e+00 1.036923552169868756e+00 3.031301780506469701e+00 8.888000347116764566e-01
6.113222644528906180e-01 3.410555425427962639e+00 1.036923552169868756e+00 3.031301780506469701e+00 8.888000347116764566e-01
6.115223044608921743e-01 3.410555425427962639e+00 1.036923552169868756e+00 3.031301780506469701e+00 8.888000347116764566e-01
6.117223444688937306e-01 3.410555425427962639e+00 1.036923552169868756e+00 3.031301780506469701e+00 8.888000347116764566e-01
6.119223844768953979e-01 3.410555425427962639e+00 1.036923552169868756e+00 3.031301780506469701e+00 8.888000347116764566e-01
6.121224244848969542e-01 3.410555425427962639e+00 1.036923552169868756e+00 3.031301780506469701e+00 8.888000347116764566e-01
6.123224644928986216e-01 3.410555425427962639e+00 1.036923552169868756e+00 3.031301780506469701e+00 8.888000347116764566e-01
6.125225045009001779e-01 3.410555425427962639e+00 1.036923552169868756e+00 3.031301780506469701e+00 8.888000347116764566e-01
6.127225445089017342e-01 3.410555425427962639e+00 1.036923552169868756e+00 3.031301780506469701e+00 8.888000347116764566e-01
6.129225845169034015e-01 3.410555425427962639e+00 1.036923552169868756e+00 3.031301780506469701e+00 8.888000347116764566e-01
6.131226245249049578e-01 3.410555425427962639e+00 1.036923552169868756e+00 3.031301780506469701e+00 8.888000347116764566e-01
6.133226645329066251e-01 3.410555425427962639e+00 1.036923552169868756e+00 3.031301780506469701e+00 8.888000347116764566e-01
6.135227045409081814e-01 3.410555425427962639e+00 1.036923552169868756e+00 3.031301780506469701e+00 8.888000347116764566e-01
6.137227445489097377e-01 3.410555425427962639e+00 1.036923552169868756e+00 3.031301780506469701e+00 8.888000347116764566e-01
6.139227845569114050e-01 3.410555425427962639e+00 1.036923552169868756e+00 3.031301780506469701e+00 8.888000347116764566e-01
6.141228245649129613e-01 3.410555425427962639e+00 1.036923552169868756e+00 3.031301780506469701e+00 8.888000347116764566e-01
6.143228645729146287e-01 3.410555425427962639e+00 1.036923552169868756e+00 3.031301780506469701e+00 8.888000347116764566e-01
6.145229045809161850e-01 3.410555425427962639e+00 1.036923552169868756e+00 3.031301780506469701e+00 8.888000347116764566e-01
6.147229445889177413e-01 3.410555425427962639e+00 1.036923552169868756e+00 3.031301780506469701e+00 8.888000347116764566e-01
6.149229845969194086e-01 3.410555425427962639e+00 1.036923552169868756e+00 3.031301780506469701e+00 8.888000347116764566e-01
6.151230246049209649e-01 3.410555425427962639e+00 1.036923552169868756e+00 3.031301780506469701e+00 8.888000347116764566e-01
6.153230646129226322e-01 3.410555425427962639e+00 1.036923552169868756e+00 3.031301780506469701e+00 8.888000347116764566e-01
6.155231046209241885e-01 3.410555425427962639e+00 1.036923552169868756e+00 3.031301780506469701e+00 8.888000347116764566e-01
6.157231446289257448e-01 3.410555425427962639e+00 1.036923552169868756e+00 3.031301780506469701e+00 8.888000347116764566e-01
6.159231846369274121e-01 3.410555425427962639e+00 1.036923552169868756e+00 3.031301780506469701e+00 8.888000347116764566e-01
6.161232246449289685e-01 3.410555425427962639e+00 1.036923552169868756e+00 3.031301780506469701e+00 8.888000347116764566e-01
6.163232646529306358e-01 3.410555425427962639e+00 1.036923552169868756e+00 3.031301780506469701e+00 8.888000347116764566e-01
6.165233046609321921e-01 3.410555425427962639e+00 1.036923552169868756e+00 3.031301780506469701e+00 8.888000347116764566e-01
6.167233446689337484e-01 3.410555425427962639e+00 1.036923552169868756e+00 3.031301780506469701e+00 8.888000347116764566e-01
6.169233846769354157e-01 3.410555425427962639e+00 1.036923552169868756e+00 3.031301780506469701e+00 8.888000347116764566e-01
6.171234246849369720e-01 3.410555425427962639e+00 1.036923552169868756e+00 3.031301780506469701e+00 8.888000347116764566e-01
6.173234646929386393e-01 3.410555425427962639e+00 1.036923552169868756e+00 3.031301780506469701e+00 8.888000347116764566e-01
6.175235047009401956e-01 3.410555425427962639e+00 1.036923552169868756e+00 3.031301780506469701e+00 8.888000347116764566e-01
6.177235447089417519e-01 3.410555425427962639e+00 1.036923552169868756e+00 3.031301780506469701e+00 8.888000347116764566e-01
6.179235847169434193e-01 3.410555425427962639e+00 1.036923552169868756e+00 3.031301780506469701e+00 8.888000347116764566e-01
6.181236247249449756e-01 3.410555425427962639e+00 1.036923552169868756e+00 3.031301780506469701e+00 8.888000347116764566e-01
6.183236647329466429e-01 3.410555425427962639e+00 1.036923552169868756e+00 3.031301780506469701e+00 8.888000347116764566e-01
6.185237047409481992e-01 3.410555425427962639e+00 1.036923552169868756e+00 3.031301780506469701e+00 8.888000347116764566e-01
6.187237447489497555e-01 3.410555425427962639e+00 1.036923552169868756e+00 3.031301780506469701e+00 8.888000347116764566e-01
6.189237847569514228e-01 3.410555425427962639e+00 1.036923552169868756e+00 3.031301780506469701e+00 8.888000347116764566e-01
6.191238247649529791e-01 3.410555425427962639e+00 1.036923552169868756e+00 3.031301780506469701e+00 8.888000347116764566e-01
6.193238647729546464e-01 3.410555425427962639e+00 1.036923552169868756e+00 3.031301780506469701e+00 8.888000347116764566e-01
6.195239047809562027e-01 3.410555425427962639e+00 1.036923552169868756e+00 3.031301780506469701e+00 8.888000347116764566e-01
6.197239447889577590e-01 3.410555425427962639e+00 1.036923552169868756e+00 3.031301780506469701e+00 8.888000347116764566e-01
6.199239847969594264e-01 3.410555425427962639e+00 1.036923552169868756e+00 3.031301780506469701e+00 8.888000347116764566e-01
6.201240248049609827e-01 3.410555425427962639e+00 1.036923552169868756e+00 3.031301780506469701e+00 8.888000347116764566e-01
6.203240648129625390e-01 3.410555425427962639e+00 1.036923552169868756e+00 3.031301780506469701e+00 8.888000347116764566e-01
6.205241048209642063e-01 3.410555425427962639e+00 1.036923552169868756e+00 3.031301780506469701e+00 8.888000347116764566e-01
6.207241448289657626e-01 3.410555425427962639e+00 1.036923552169868756e+00 3.031301780506469701e+00 8.888000347116764566e-01
6.209241848369674299e-01 3.410555425427962639e+00 1.036923552169868756e+00 3.031301780506469701e+00 8.888000347116764566e-01
6.211242248449689862e-01 3.410555425427962639e+00 1.036923552169868756e+00 3.031301780506469701e+00 8.888000347116764566e-01
6.213242648529705425e-01 3.410555425427962639e+00 1.036923552169868756e+00 3.031301780506469701e+00 8.888000347116764566e-01
6.215243048609722099e-01 3.410555425427962639e+00 1.036923552169868756e+00 3.031301780506469701e+00 8.888000347116764566e-01
6.217243448689737662e-01 3.410555425427962639e+00 1.036923552169868756e+00 3.031301780506469701e+00 8.888000347116764566e-01
6.219243848769754335e-01 3.410555425427962639e+00 1.036923552169868756e+00 3.031301780506469701e+00 8.888000347116764566e-01
6.221244248849769898e-01 3.410555425427962639e+00 1.036923552169868756e+00 3.031301780506469701e+00 8.888000347116764566e-01
6.223244648929785461e-01 3.410555425427962639e+00 1.036923552169868756e+00 3.031301780506469701e+00 8.888000347116764566e-01
6.225245049009802134e-01 3.410555425427962639e+00 1.036923552169868756e+00 3.031301780506469701e+00 8.888000347116764566e-01
6.227245449089817697e-01 3.410555425427962639e+00 1.036923552169868756e+00 3.031301780506469701e+00 8.888000347116764566e-01
6.229245849169834370e-01 3.410555425427962639e+00 1.036923552169868756e+00 3.031301780506469701e+00 8.888000347116764566e-01
6.231246249249849933e-01 3.410555425427962639e+00 1.036923552169868756e+00 3.031301780506469701e+00 8.888000347116764566e-01
6.233246649329865496e-01 3.410555425427962639e+00 1.036923552169868756e+00 3.031301780506469701e+00 8.888000347116764566e-01
6.235247049409882170e-01 3.410555425427962639e+00 1.036923552169868756e+00 3.031301780506469701e+00 8.888000347116764566e-01
6.237247449489897733e-01 3.410555425427962639e+00 1.036923552169868756e+00 3.031301780506469701e+00 8.888000347116764566e-01
6.239247849569914406e-01 3.410555425427962639e+00 1.036923552169868756e+00 3.031301780506469701e+00 8.888000347116764566e-01
6.241248249649929969e-01 3.410555425427962639e+00 1.036923552169868756e+00 3.031301780506469701e+00 8.888000347116764566e-01
6.243248649729945532e-01 3.410555425427962639e+00 1.036923552169868756e+00 3.031301780506469701e+00 8.888000347116764566e-01
6.245249049809962205e-01 3.410555425427962639e+00 1.036923552169868756e+00 3.031301780506469701e+00 8.888000347116764566e-01
6.247249449889977768e-01 3.410555425427962639e+00 1.036923552169868756e+00 3.031301780506469701e+00 8.888000347116764566e-01
6.249249849969994441e-01 3.410555425427962639e+00 1.036923552169868756e+00 3.031301780506469701e+00 8.888000347116764566e-01
6.251250250050010004e-01 3.410555425427962639e+00 1.036923552169868756e+00 3.031301780506469701e+00 8.888000347116764566e-01
6.253250650130025567e-01 3.410555425427962639e+00 1.036923552169868756e+00 3.031301780506469701e+00 8.888000347116764566e-01
6.255251050210042241e-01 3.410555425427962639e+00 1.036923552169868756e+00 3.031301780506469701e+00 8.888000347116764566e-01
6.257251450290057804e-01 3.410555425427962639e+00 1.036923552169868756e+00 3.031301780506469701e+00 8.888000347116764566e-01
6.259251850370074477e-01 3.410555425427962639e+00 1.036923552169868756e+00 3.031301780506469701e+00 8.888000347116764566e-01
6.261252250450090040e-01 3.410555425427962639e+00 1.036923552169868756e+00 3.031301780506469701e+00 8.888000347116764566e-01
6.263252650530105603e-01 3.410555425427962639e+00 1.036923552169868756e+00 3.031301780506469701e+00 8.888000347116764566e-01
6.265253050610122276e-01 3.410555425427962639e+00 1.036923552169868756e+00 3.031301780506469701e+00 8.888000347116764566e-01
6.267253450690137839e-01 3.410555425427962639e+00 1.036923552169868756e+00 3.031301780506469701e+00 8.888000347116764566e-01
6.269253850770154513e-01 3.410555425427962639e+00 1.036923552169868756e+00 3.031301780506469701e+00 8.888000347116764566e-01
6.271254250850170076e-01 3.410555425427962639e+00 1.036923552169868756e+00 3.031301780506469701e+00 8.888000347116764566e-01
6.273254650930185639e-01 3.410555425427962639e+00 1.036923552169868756e+00 3.031301780506469701e+00 8.888000347116764566e-01
6.275255051010202312e-01 3.410555425427962639e+00 1.036923552169868756e+00 3.031301780506469701e+00 8.888000347116764566e-01
6.277255451090217875e-01 3.410555425427962639e+00 1.036923552169868756e+00 3.031301780506469701e+00 8.888000347116764566e-01
6.279255851170234548e-01 3.410555425427962639e+00 1.036923552169868756e+00 3.031301780506469701e+00 8.888000347116764566e-01
6.281256251250250111e-01 3.410555425427962639e+00 1.036923552169868756e+00 3.031301780506469701e+00 8.888000347116764566e-01
6.283256651330265674e-01 3.410555425427962639e+00 1.036923552169868756e+00 3.031301780506469701e+00 8.888000347116764566e-01
6.285257051410282347e-01 3.410555425427962639e+00 1.036923552169868756e+00 3.031301780506469701e+00 8.888000347116764566e-01
6.287257451490297910e-01 3.410555425427962639e+00 1.036923552169868756e+00 3.031301780506469701e+00 8.888000347116764566e-01
6.289257851570314584e-01 3.410555425427962639e+00 1.036923552169868756e+00 3.031301780506469701e+00 8.888000347116764566e-01
6.291258251650330147e-01 3.410555425427962639e+00 1.036923552169868756e+00 3.031301780506469701e+00 8.888000347116764566e-01
6.293258651730345710e-01 3.410555425427962639e+00 1.036923552169868756e+00 3.031301780506469701e+00 8.888000347116764566e-01
6.295259051810362383e-01 3.410555425427962639e+00 1.036923552169868756e+00 3.031301780506469701e+00 8.888000347116764566e-01
6.297259451890377946e-01 3.410555425427962639e+00 1.036923552169868756e+00 3.031301780506469701e+00 8.888000347116764566e-01
6.299259851970394619e-01 3.410555425427962639e+00 1.036923552169868756e+00 3.031301780506469701e+00 8.888000347116764566e-01
6.301260252050410182e-01 3.410555425427962639e+00 1.036923552169868756e+00 3.031301780506469701e+00 8.888000347116764566e-01
6.303260652130425745e-01 3.410555425427962639e+00 1.036923552169868756e+00 3.031301780506469701e+00 8.888000347116764566e-01
6.305261052210442418e-01 3.410555425427962639e+00 1.036923552169868756e+00 3.031301780506469701e+00 8.888000347116764566e-01
6.307261452290457981e-01 3.410555425427962639e+00 1.036923552169868756e+00 3.031301780506469701e+00 8.888000347116764566e-01
6.309261852370474655e-01 3.410555425427962639e+00 1.036923552169868756e+00 3.031301780506469701e+00 8.888000347116764566e-01
6.311262252450490218e-01 3.410555425427962639e+00 1.036923552169868756e+00 3.031301780506469701e+00 8.888000347116764566e-01
6.313262652530505781e-01 3.410555425427962639e+00 1.036923552169868756e+00 3.031301780506469701e+00 8.888000347116764566e-01
6.315263052610522454e-01 3.410555425427962639e+00 1.036923552169868756e+00 3.031301780506469701e+00 8.888000347116764566e-01
6.317263452690538017e-01 3.410555425427962639e+00 1.036923552169868756e+00 3.031301780506469701e+00 8.888000347116764566e-01
6.319263852770553580e-01 3.410555425427962639e+00 1.036923552169868756e+00 3.031301780506469701e+00 8.888000347116764566e-01
6.321264252850570253e-01 3.410555425427962639e+00 1.036923552169868756e+00 3.031301780506469701e+00 8.888000347116764566e-01
6.323264652930585816e-01 3.410555425427962639e+00 1.036923552169868756e+00 3.031301780506469701e+00 8.888000347116764566e-01
6.325265053010602490e-01 3.410555425427962639e+00 1.036923552169868756e+00 3.031301780506469701e+00 8.888000347116764566e-01
6.327265453090618053e-01 3.410555425427962639e+00 1.036923552169868756e+00 3.031301780506469701e+00 8.888000347116764566e-01
6.329265853170633616e-01 3.410555425427962639e+00 1.036923552169868756e+00 3.031301780506469701e+00 8.888000347116764566e-01
6.331266253250650289e-01 3.410555425427962639e+00 1.036923552169868756e+00 3.031301780506469701e+00 8.888000347116764566e-01
6.333266653330665852e-01 3.410555425427962639e+00 1.036923552169868756e+00 3.031301780506469701e+00 8.888000347116764566e-01
6.335267053410682525e-01 3.410555425427962639e+00 1.036923552169868756e+00 3.031301780506469701e+00 8.888000347116764566e-01
6.337267453490698088e-01 3.410555425427962639e+00 1.036923552169868756e+00 3.031301780506469701e+00 8.888000347116764566e-01
6.339267853570713651e-01 3.410555425427962639e+00 1.036923552169868756e+00 3.031301780506469701e+00 8.888000347116764566e-01
6.341268253650730324e-01 3.410555425427962639e+00 1.036923552169868756e+00 3.031301780506469701e+00 8.888000347116764566e-01
6.343268653730745887e-01 3.410555425427962639e+00 1.036923552169868756e+00 3.031301780506469701e+00 8.888000347116764566e-01
6.345269053810762561e-01 3.410555425427962639e+00 1.036923552169868756e+00 3.031301780506469701e+00 8.888000347116764566e-01
6.347269453890778124e-01 3.410555425427962639e+00 1.036923552169868756e+00 3.031301780506469701e+00 8.888000347116764566e-01
6.349269853970793687e-01 3.410555425427962639e+00 1.036923552169868756e+00 3.031301780506469701e+00 8.888000347116764566e-01
6.351270254050810360e-01 3.410555425427962639e+00 1.036923552169868756e+00 3.031301780506469701e+00 8.888000347116764566e-01
6.353270654130825923e-01 3.410555425427962639e+00 1.036923552169868756e+00 3.031301780506469701e+00 8.888000347116764566e-01
6.355271054210842596e-01 3.410555425427962639e+00 1.036923552169868756e+00 3.031301780506469701e+00 8.888000347116764566e-01
6.357271454290858159e-01 3.410555425427962639e+00 1.036923552169868756e+00 3.031301780506469701e+00 8.888000347116764566e-01
6.359271854370873722e-01 3.410555425427962639e+00 1.036923552169868756e+00 3.031301780506469701e+00 8.888000347116764566e-01
6.361272254450890395e-01 3.410555425427962639e+00 1.036923552169868756e+00 3.031301780506469701e+00 8.888000347116764566e-01
6.363272654530905958e-01 3.410555425427962639e+00 1.036923552169868756e+00 3.031301780506469701e+00 8.888000347116764566e-01
6.365273054610922632e-01 3.410555425427962639e+00 1.036923552169868756e+00 3.031301780506469701e+00 8.888000347116764566e-01
6.367273454690938195e-01 3.410555425427962639e+00 1.036923552169868756e+00 3.031301780506469701e+00 8.888000347116764566e-01
6.369273854770953758e-01 3.410555425427962639e+00 1.036923552169868756e+00 3.031301780506469701e+00 8.888000347116764566e-01
6.371274254850970431e-01 3.410555425427962639e+00 1.036923552169868756e+00 3.031301780506469701e+00 8.888000347116764566e-01
6.373274654930985994e-01 3.410555425427962639e+00 1.036923552169868756e+00 3.031301780506469701e+00 8.888000347116764566e-01
6.375275055011002667e-01 3.410555425427962639e+00 1.036923552169868756e+00 3.031301780506469701e+00 8.888000347116764566e-01
6.377275455091018230e-01 3.410555425427962639e+00 1.036923552169868756e+00 3.031301780506469701e+00 8.888000347116764566e-01
6.379275855171033793e-01 3.410555425427962639e+00 1.036923552169868756e+00 3.031301780506469701e+00 8.888000347116764566e-01
6.381276255251050467e-01 3.410555425427962639e+00 1.036923552169868756e+00 3.031301780506469701e+00 8.888000347116764566e-01
6.383276655331066030e-01 3.410555425427962639e+00 1.036923552169868756e+00 3.031301780506469701e+00 8.888000347116764566e-01
6.385277055411082703e-01 3.410555425427962639e+00 1.036923552169868756e+00 3.031301780506469701e+00 8.888000347116764566e-01
6.387277455491098266e-01 3.410555425427962639e+00 1.036923552169868756e+00 3.031301780506469701e+00 8.888000347116764566e-01
6.389277855571113829e-01 3.410555425427962639e+00 1.036923552169868756e+00 3.031301780506469701e+00 8.888000347116764566e-01
6.391278255651130502e-01 3.410555425427962639e+00 1.036923552169868756e+00 3.031301780506469701e+00 8.888000347116764566e-01
6.393278655731146065e-01 3.410555425427962639e+00 1.036923552169868756e+00 3.031301780506469701e+00 8.888000347116764566e-01
6.395279055811162738e-01 3.410555425427962639e+00 1.036923552169868756e+00 3.031301780506469701e+00 8.888000347116764566e-01
6.397279455891178301e-01 3.410555425427962639e+00 1.036923552169868756e+00 3.031301780506469701e+00 8.888000347116764566e-01
6.399279855971193864e-01 3.410555425427962639e+00 1.036923552169868756e+00 3.031301780506469701e+00 8.888000347116764566e-01
6.401280256051210538e-01 3.410555425427962639e+00 1.036923552169868756e+00 3.031301780506469701e+00 8.888000347116764566e-01
6.403280656131226101e-01 3.410555425427962639e+00 1.036923552169868756e+00 3.031301780506469701e+00 8.888000347116764566e-01
6.405281056211242774e-01 3.410555425427962639e+00 1.036923552169868756e+00 3.031301780506469701e+00 8.888000347116764566e-01
6.407281456291258337e-01 3.410555425427962639e+00 1.036923552169868756e+00 3.031301780506469701e+00 8.888000347116764566e-01
6.409281856371273900e-01 3.410555425427962639e+00 1.036923552169868756e+00 3.031301780506469701e+00 8.888000347116764566e-01
6.411282256451290573e-01 3.410555425427962639e+00 1.036923552169868756e+00 3.031301780506469701e+00 8.888000347116764566e-01
6.413282656531306136e-01 3.410555425427962639e+00 1.036923552169868756e+00 3.031301780506469701e+00 8.888000347116764566e-01
6.415283056611322809e-01 3.410555425427962639e+00 1.036923552169868756e+00 3.031301780506469701e+00 8.888000347116764566e-01
6.417283456691338372e-01 3.410555425427962639e+00 1.036923552169868756e+00 3.031301780506469701e+00 8.888000347116764566e-01
6.419283856771353935e-01 3.410555425427962639e+00 1.036923552169868756e+00 3.031301780506469701e+00 8.888000347116764566e-01
6.421284256851370609e-01 3.410555425427962639e+00 1.036923552169868756e+00 3.031301780506469701e+00 8.888000347116764566e-01
6.423284656931386172e-01 3.410555425427962639e+00 1.036923552169868756e+00 3.031301780506469701e+00 8.888000347116764566e-01
6.425285057011402845e-01 3.410555425427962639e+00 1.036923552169868756e+00 3.031301780506469701e+00 8.888000347116764566e-01
6.427285457091418408e-01 3.410555425427962639e+00 1.036923552169868756e+00 3.031301780506469701e+00 8.888000347116764566e-01
6.429285857171433971e-01 3.410555425427962639e+00 1.036923552169868756e+00 3.031301780506469701e+00 8.888000347116764566e-01
6.431286257251450644e-01 3.410555425427962639e+00 1.036923552169868756e+00 3.031301780506469701e+00 8.888000347116764566e-01
6.433286657331466207e-01 3.410555425427962639e+00 1.036923552169868756e+00 3.031301780506469701e+00 8.888000347116764566e-01
6.435287057411481770e-01 3.410555425427962639e+00 1.036923552169868756e+00 3.031301780506469701e+00 8.888000347116764566e-01
6.437287457491498444e-01 3.410555425427962639e+00 1.036923552169868756e+00 3.031301780506469701e+00 8.888000347116764566e-01
6.439287857571514007e-01 3.410555425427962639e+00 1.036923552169868756e+00 3.031301780506469701e+00 8.888000347116764566e-01
6.441288257651530680e-01 3.410555425427962639e+00 1.036923552169868756e+00 3.031301780506469701e+00 8.888000347116764566e-01
6.443288657731546243e-01 3.410555425427962639e+00 1.036923552169868756e+00 3.031301780506469701e+00 8.888000347116764566e-01
6.445289057811561806e-01 3.410555425427962639e+00 1.036923552169868756e+00 3.031301780506469701e+00 8.888000347116764566e-01
6.447289457891578479e-01 3.410555425427962639e+00 1.036923552169868756e+00 3.031301780506469701e+00 8.888000347116764566e-01
6.449289857971594042e-01 3.410555425427962639e+00 1.036923552169868756e+00 3.031301780506469701e+00 8.888000347116764566e-01
6.451290258051610715e-01 3.410555425427962639e+00 1.036923552169868756e+00 3.031301780506469701e+00 8.888000347116764566e-01
6.453290658131626278e-01 3.410555425427962639e+00 1.036923552169868756e+00 3.031301780506469701e+00 8.888000347116764566e-01
6.455291058211641841e-01 3.410555425427962639e+00 1.036923552169868756e+00 3.031301780506469701e+00 8.888000347116764566e-01
6.457291458291658515e-01 3.410555425427962639e+00 1.036923552169868756e+00 3.031301780506469701e+00 8.888000347116764566e-01
6.459291858371674078e-01 3.410555425427962639e+00 1.036923552169868756e+00 3.031301780506469701e+00 8.888000347116764566e-01
6.461292258451690751e-01 3.410555425427962639e+00 1.036923552169868756e+00 3.031301780506469701e+00 8.888000347116764566e-01
6.463292658531706314e-01 3.410555425427962639e+00 1.036923552169868756e+00 3.031301780506469701e+00 8.888000347116764566e-01
6.465293058611721877e-01 3.410555425427962639e+00 1.036923552169868756e+00 3.031301780506469701e+00 8.888000347116764566e-01
6.467293458691738550e-01 3.410555425427962639e+00 1.036923552169868756e+00 3.031301780506469701e+00 8.888000347116764566e-01
6.469293858771754113e-01 3.410555425427962639e+00 1.036923552169868756e+00 3.031301780506469701e+00 8.888000347116764566e-01
6.471294258851770786e-01 3.410555425427962639e+00 1.036923552169868756e+00 3.031301780506469701e+00 8.888000347116764566e-01
6.473294658931786349e-01 3.410555425427962639e+00 1.036923552169868756e+00 3.031301780506469701e+00 8.888000347116764566e-01
6.475295059011801913e-01 3.410555425427962639e+00 1.036923552169868756e+00 3.031301780506469701e+00 8.888000347116764566e-01
6.477295459091818586e-01 3.410555425427962639e+00 1.036923552169868756e+00 3.031301780506469701e+00 8.888000347116764566e-01
6.479295859171834149e-01 3.410555425427962639e+00 1.036923552169868756e+00 3.031301780506469701e+00 8.888000347116764566e-01
6.481296259251850822e-01 3.410555425427962639e+00 1.036923552169868756e+00 3.031301780506469701e+00 8.888000347116764566e-01
6.483296659331866385e-01 3.410555425427962639e+00 1.036923552169868756e+00 3.031301780506469701e+00 8.888000347116764566e-01
6.485297059411881948e-01 3.410555425427962639e+00 1.036923552169868756e+00 3.031301780506469701e+00 8.888000347116764566e-01
6.487297459491898621e-01 3.410555425427962639e+00 1.036923552169868756e+00 3.031301780506469701e+00 8.888000347116764566e-01
6.489297859571914184e-01 3.410555425427962639e+00 1.036923552169868756e+00 3.031301780506469701e+00 8.888000347116764566e-01
6.491298259651930858e-01 3.410555425427962639e+00 1.036923552169868756e+00 3.031301780506469701e+00 8.888000347116764566e-01
6.493298659731946421e-01 3.410555425427962639e+00 1.036923552169868756e+00 3.031301780506469701e+00 8.888000347116764566e-01
6.495299059811961984e-01 3.410555425427962639e+00 1.036923552169868756e+00 3.031301780506469701e+00 8.888000347116764566e-01
6.497299459891978657e-01 3.410555425427962639e+00 1.036923552169868756e+00 3.031301780506469701e+00 8.888000347116764566e-01
6.499299859971994220e-01 3.410555425427962639e+00 1.036923552169868756e+00 3.031301780506469701e+00 8.888000347116764566e-01
6.501300260052010893e-01 3.410555425427962639e+00 1.036923552169868756e+00 3.031301780506469701e+00 8.888000347116764566e-01
6.503300660132026456e-01 3.410555425427962639e+00 1.036923552169868756e+00 3.031301780506469701e+00 8.888000347116764566e-01
6.505301060212042019e-01 3.410555425427962639e+00 1.036923552169868756e+00 3.031301780506469701e+00 8.888000347116764566e-01
6.507301460292058692e-01 3.410555425427962639e+00 1.036923552169868756e+00 3.031301780506469701e+00 8.888000347116764566e-01
6.509301860372074255e-01 3.410555425427962639e+00 1.036923552169868756e+00 3.031301780506469701e+00 8.888000347116764566e-01
6.511302260452090929e-01 3.410555425427962639e+00 1.036923552169868756e+00 3.031301780506469701e+00 8.888000347116764566e-01
6.513302660532106492e-01 3.410555425427962639e+00 1.036923552169868756e+00 3.031301780506469701e+00 8.888000347116764566e-01
6.515303060612122055e-01 3.410555425427962639e+00 1.036923552169868756e+00 3.031301780506469701e+00 8.888000347116764566e-01
6.517303460692138728e-01 3.410555425427962639e+00 1.036923552169868756e+00 3.031301780506469701e+00 8.888000347116764566e-01
6.519303860772154291e-01 3.410555425427962639e+00 1.036923552169868756e+00 3.031301780506469701e+00 8.888000347116764566e-01
6.521304260852170964e-01 3.410555425427962639e+00 1.036923552169868756e+00 3.031301780506469701e+00 8.888000347116764566e-01
6.523304660932186527e-01 3.410555425427962639e+00 1.036923552169868756e+00 3.031301780506469701e+00 8.888000347116764566e-01
6.525305061012202090e-01 3.410555425427962639e+00 1.036923552169868756e+00 3.031301780506469701e+00 8.888000347116764566e-01
6.527305461092218763e-01 3.410555425427962639e+00 1.036923552169868756e+00 3.031301780506469701e+00 8.888000347116764566e-01
6.529305861172234327e-01 3.410555425427962639e+00 1.036923552169868756e+00 3.031301780506469701e+00 8.888000347116764566e-01
6.531306261252251000e-01 3.410555425427962639e+00 1.036923552169868756e+00 3.031301780506469701e+00 8.888000347116764566e-01
6.533306661332266563e-01 3.410555425427962639e+00 1.036923552169868756e+00 3.031301780506469701e+00 8.888000347116764566e-01
6.535307061412282126e-01 3.410555425427962639e+00 1.036923552169868756e+00 3.031301780506469701e+00 8.888000347116764566e-01
6.537307461492298799e-01 3.410555425427962639e+00 1.036923552169868756e+00 3.031301780506469701e+00 8.888000347116764566e-01
6.539307861572314362e-01 3.410555425427962639e+00 1.036923552169868756e+00 3.031301780506469701e+00 8.888000347116764566e-01
6.541308261652331035e-01 3.410555425427962639e+00 1.036923552169868756e+00 3.031301780506469701e+00 8.888000347116764566e-01
6.543308661732346598e-01 3.410555425427962639e+00 1.036923552169868756e+00 3.031301780506469701e+00 8.888000347116764566e-01
6.545309061812362161e-01 3.410555425427962639e+00 1.036923552169868756e+00 3.031301780506469701e+00 8.888000347116764566e-01
6.547309461892378835e-01 3.410555425427962639e+00 1.036923552169868756e+00 3.031301780506469701e+00 8.888000347116764566e-01
6.549309861972394398e-01 3.410555425427962639e+00 1.036923552169868756e+00 3.031301780506469701e+00 8.888000347116764566e-01
6.551310262052409961e-01 3.410555425427962639e+00 1.036923552169868756e+00 3.031301780506469701e+00 8.888000347116764566e-01
6.553310662132426634e-01 3.410555425427962639e+00 1.036923552169868756e+00 3.031301780506469701e+00 8.888000347116764566e-01
6.555311062212442197e-01 3.410555425427962639e+00 1.036923552169868756e+00 3.031301780506469701e+00 8.888000347116764566e-01
6.557311462292458870e-01 2.124589693642457089e+00 1.036923552169868756e+00 3.031301780506469701e+00 1.426770443995480253e+00
6.559311862372474433e-01 2.124589693642457089e+00 1.036923552169868756e+00 3.031301780506469701e+00 1.426770443995480253e+00
6.561312262452489996e-01 2.124589693642457089e+00 1.036923552169868756e+00 3.031301780506469701e+00 1.426770443995480253e+00
6.563312662532506669e-01 2.124589693642457089e+00 1.036923552169868756e+00 3.031301780506469701e+00 1.426770443995480253e+00
6.565313062612522232e-01 2.124589693642457089e+00 1.036923552169868756e+00 3.031301780506469701e+00 1.426770443995480253e+00
6.567313462692538906e-01 2.124589693642457089e+00 1.036923552169868756e+00 3.031301780506469701e+00 1.426770443995480253e+00
6.569313862772554469e-01 2.124589693642457089e+00 1.036923552169868756e+00 3.031301780506469701e+00 1.426770443995480253e+00
6.571314262852570032e-01 2.124589693642457089e+00 1.036923552169868756e+00 3.031301780506469701e+00 1.426770443995480253e+00
6.573314662932586705e-01 2.124589693642457089e+00 1.036923552169868756e+00 3.031301780506469701e+00 1.426770443995480253e+00
6.575315063012602268e-01 2.124589693642457089e+00 1.036923552169868756e+00 3.031301780506469701e+00 1.426770443995480253e+00
6.577315463092618941e-01 2.124589693642457089e+00 1.036923552169868756e+00 3.031301780506469701e+00 1.426770443995480253e+00
6.579315863172634504e-01 2.124589693642457089e+00 1.036923552169868756e+00 3.031301780506469701e+00 1.426770443995480253e+00
6.581316263252650067e-01 2.124589693642457089e+00 1.036923552169868756e+00 3.031301780506469701e+00 1.426770443995480253e+00
6.583316663332666741e-01 2.124589693642457089e+00 1.036923552169868756e+00 3.031301780506469701e+00 1.426770443995480253e+00
6.585317063412682304e-01 2.124589693642457089e+00 1.036923552169868756e+00 3.031301780506469701e+00 1.426770443995480253e+00
6.587317463492698977e-01 2.124589693642457089e+00 1.036923552169868756e+00 3.031301780506469701e+00 1.426770443995480253e+00
6.589317863572714540e-01 2.124589693642457089e+00 1.036923552169868756e+00 3.031301780506469701e+00 1.426770443995480253e+00
6.591318263652730103e-01 2.124589693642457089e+00 1.036923552169868756e+00 3.031301780506469701e+00 1.426770443995480253e+00
6.593318663732746776e-01 2.124589693642457089e+00 1.036923552169868756e+00 3.031301780506469701e+00 1.426770443995480253e+00
6.595319063812762339e-01 2.124589693642457089e+00 1.036923552169868756e+00 3.031301780506469701e+00 1.426770443995480253e+00
6.597319463892779012e-01 2.124589693642457089e+00 1.036923552169868756e+00 3.031301780506469701e+00 1.426770443995480253e+00
6.599319863972794575e-01 2.124589693642457089e+00 1.036923552169868756e+00 3.031301780506469701e+00 1.426770443995480253e+00
6.601320264052810138e-01 2.124589693642457089e+00 1.036923552169868756e+00 3.031301780506469701e+00 1.426770443995480253e+00
6.603320664132826812e-01 2.124589693642457089e+00 1.036923552169868756e+00 3.031301780506469701e+00 1.426770443995480253e+00
6.605321064212842375e-01 2.124589693642457089e+00 1.036923552169868756e+00 3.031301780506469701e+00 1.426770443995480253e+00
6.607321464292859048e-01 2.124589693642457089e+00 1.036923552169868756e+00 3.031301780506469701e+00 1.426770443995480253e+00
6.609321864372874611e-01 2.124589693642457089e+00 1.036923552169868756e+00 3.031301780506469701e+00 1.426770443995480253e+00
6.611322264452890174e-01 2.124589693642457089e+00 1.036923552169868756e+00 3.031301780506469701e+00 1.426770443995480253e+00
6.613322664532906847e-01 2.124589693642457089e+00 1.036923552169868756e+00 3.031301780506469701e+00 1.426770443995480253e+00
6.615323064612922410e-01 2.124589693642457089e+00 1.036923552169868756e+00 3.031301780506469701e+00 1.426770443995480253e+00
6.617323464692939083e-01 2.124589693642457089e+00 1.036923552169868756e+00 3.031301780506469701e+00 1.426770443995480253e+00
6.619323864772954646e-01 2.124589693642457089e+00 1.036923552169868756e+00 3.031301780506469701e+00 1.426770443995480253e+00
6.621324264852970209e-01 2.124589693642457089e+00 1.036923552169868756e+00 3.031301780506469701e+00 1.426770443995480253e+00
6.623324664932986883e-01 2.124589693642457089e+00 1.036923552169868756e+00 3.031301780506469701e+00 1.426770443995480253e+00
6.625325065013002446e-01 2.124589693642457089e+00 1.036923552169868756e+00 3.031301780506469701e+00 1.426770443995480253e+00
6.627325465093019119e-01 2.124589693642457089e+00 1.036923552169868756e+00 3.031301780506469701e+00 1.426770443995480253e+00
6.629325865173034682e-01 2.124589693642457089e+00 1.036923552169868756e+00 3.031301780506469701e+00 1.426770443995480253e+00
6.631326265253050245e-01 2.124589693642457089e+00 1.036923552169868756e+00 3.031301780506469701e+00 1.426770443995480253e+00
6.633326665333066918e-01 2.124589693642457089e+00 1.036923552169868756e+00 3.031301780506469701e+00 1.426770443995480253e+00
6.635327065413082481e-01 2.124589693642457089e+00 1.036923552169868756e+00 3.031301780506469701e+00 1.426770443995480253e+00
6.637327465493099155e-01 2.124589693642457089e+00 1.036923552169868756e+00 3.031301780506469701e+00 1.426770443995480253e+00
6.639327865573114718e-01 2.124589693642457089e+00 1.036923552169868756e+00 3.031301780506469701e+00 1.426770443995480253e+00
6.641328265653130281e-01 2.124589693642457089e+00 1.036923552169868756e+00 3.031301780506469701e+00 1.426770443995480253e+00
6.643328665733146954e-01 2.124589693642457089e+00 1.036923552169868756e+00 3.031301780506469701e+00 1.426770443995480253e+00
6.645329065813162517e-01 2.124589693642457089e+00 1.036923552169868756e+00 3.031301780506469701e+00 1.426770443995480253e+00
6.647329465893179190e-01 2.124589693642457089e+00 1.036923552169868756e+00 3.031301780506469701e+00 1.426770443995480253e+00
6.649329865973194753e-01 2.124589693642457089e+00 1.036923552169868756e+00 3.031301780506469701e+00 1.426770443995480253e+00
6.651330266053210316e-01 2.124589693642457089e+00 1.036923552169868756e+00 3.031301780506469701e+00 1.426770443995480253e+00
6.653330666133226989e-01 2.124589693642457089e+00 1.036923552169868756e+00 3.031301780506469701e+00 1.426770443995480253e+00
6.655331066213242552e-01 2.124589693642457089e+00 1.036923552169868756e+00 3.031301780506469701e+00 1.426770443995480253e+00
6.657331466293259226e-01 2.124589693642457089e+00 1.036923552169868756e+00 3.031301780506469701e+00 1.426770443995480253e+00
6.659331866373274789e-01 2.124589693642457089e+00 1.036923552169868756e+00 3.031301780506469701e+00 1.426770443995480253e+00
6.661332266453290352e-01 2.124589693642457089e+00 1.036923552169868756e+00 3.031301780506469701e+00 1.426770443995480253e+00
6.663332666533307025e-01 2.124589693642457089e+00 1.036923552169868756e+00 3.031301780506469701e+00 1.426770443995480253e+00
6.665333066613322588e-01 2.124589693642457089e+00 1.036923552169868756e+00 3.031301780506469701e+00 1.426770443995480253e+00
6.667333466693338151e-01 2.124589693642457089e+00 1.036923552169868756e+00 3.031301780506469701e+00 1.426770443995480253e+00
6.669333866773354824e-01 2.124589693642457089e+00 1.036923552169868756e+00 3.031301780506469701e+00 1.426770443995480253e+00
6.671334266853370387e-01 2.124589693642457089e+00 1.036923552169868756e+00 3.031301780506469701e+00 1.426770443995480253e+00
6.673334666933387060e-01 2.124589693642457089e+00 1.036923552169868756e+00 3.031301780506469701e+00 1.426770443995480253e+00
6.675335067013402623e-01 2.124589693642457089e+00 1.036923552169868756e+00 3.031301780506469701e+00 1.426770443995480253e+00
6.677335467093418186e-01 2.124589693642457089e+00 1.036923552169868756e+00 3.031301780506469701e+00 1.426770443995480253e+00
6.679335867173434860e-01 2.124589693642457089e+00 1.036923552169868756e+00 3.031301780506469701e+00 1.426770443995480253e+00
6.681336267253450423e-01 2.124589693642457089e+00 1.036923552169868756e+00 3.031301780506469701e+00 1.426770443995480253e+00
6.683336667333467096e-01 2.124589693642457089e+00 1.036923552169868756e+00 3.031301780506469701e+00 1.426770443995480253e+00
6.685337067413482659e-01 2.124589693642457089e+00 1.036923552169868756e+00 3.031301780506469701e+00 1.426770443995480253e+00
6.687337467493498222e-01 2.124589693642457089e+00 1.036923552169868756e+00 3.031301780506469701e+00 1.426770443995480253e+00
6.689337867573514895e-01 2.124589693642457089e+00 1.036923552169868756e+00 3.031301780506469701e+00 1.426770443995480253e+00
6.691338267653530458e-01 2.124589693642457089e+00 1.036923552169868756e+00 3.031301780506469701e+00 1.426770443995480253e+00
6.693338667733547132e-01 2.124589693642457089e+00 1.036923552169868756e+00 3.031301780506469701e+00 1.426770443995480253e+00
6.695339067813562695e-01 2.124589693642457089e+00 1.036923552169868756e+00 3.031301780506469701e+00 1.426770443995480253e+00
6.697339467893578258e-01 2.124589693642457089e+00 1.036923552169868756e+00 3.031301780506469701e+00 1.426770443995480253e+00
6.699339867973594931e-01 2.124589693642457089e+00 1.036923552169868756e+00 3.031301780506469701e+00 1.426770443995480253e+00
6.701340268053610494e-01 2.124589693642457089e+00 1.036923552169868756e+00 3.031301780506469701e+00 1.426770443995480253e+00
6.703340668133627167e-01 2.124589693642457089e+00 1.036923552169868756e+00 3.031301780506469701e+00 1.426770443995480253e+00
6.705341068213642730e-01 2.124589693642457089e+00 1.036923552169868756e+00 3.031301780506469701e+00 1.426770443995480253e+00
6.707341468293658293e-01 2.124589693642457089e+00 1.036923552169868756e+00 3.031301780506469701e+00 1.426770443995480253e+00
6.709341868373674966e-01 2.124589693642457089e+00 1.036923552169868756e+00 3.031301780506469701e+00 1.426770443995480253e+00
6.711342268453690529e-01 2.124589693642457089e+00 1.036923552169868756e+00 3.031301780506469701e+00 1.426770443995480253e+00
6.713342668533707203e-01 2.124589693642457089e+00 1.036923552169868756e+00 3.031301780506469701e+00 1.426770443995480253e+00
6.715343068613722766e-01 2.124589693642457089e+00 1.036923552169868756e+00 3.031301780506469701e+00 1.426770443995480253e+00
6.717343468693738329e-01 2.124589693642457089e+00 1.036923552169868756e+00 3.031301780506469701e+00 1.426770443995480253e+00
6.719343868773755002e-01 2.124589693642457089e+00 1.036923552169868756e+00 3.031301780506469701e+00 1.426770443995480253e+00
6.721344268853770565e-01 2.124589693642457089e+00 1.036923552169868756e+00 3.031301780506469701e+00 1.426770443995480253e+00
6.723344668933787238e-01 2.124589693642457089e+00 1.036923552169868756e+00 3.031301780506469701e+00 1.426770443995480253e+00
6.725345069013802801e-01 2.124589693642457089e+00 1.036923552169868756e+00 3.031301780506469701e+00 1.426770443995480253e+00
6.727345469093818364e-01 2.124589693642457089e+00 1.036923552169868756e+00 3.031301780506469701e+00 1.426770443995480253e+00
6.729345869173835037e-01 2.124589693642457089e+00 1.036923552169868756e+00 3.031301780506469701e+00 1.426770443995480253e+00
6.731346269253850600e-01 2.124589693642457089e+00 1.036923552169868756e+00 3.031301780506469701e+00 1.426770443995480253e+00
6.733346669333867274e-01 2.124589693642457089e+00 1.036923552169868756e+00 3.031301780506469701e+00 1.426770443995480253e+00
6.735347069413882837e-01 2.124589693642457089e+00 1.036923552169868756e+00 3.031301780506469701e+00 1.426770443995480253e+00
6.737347469493898400e-01 2.124589693642457089e+00 1.036923552169868756e+00 3.031301780506469701e+00 1.426770443995480253e+00
6.739347869573915073e-01 2.124589693642457089e+00 1.036923552169868756e+00 3.031301780506469701e+00 1.426770443995480253e+00
6.741348269653930636e-01 2.124589693642457089e+00 1.036923552169868756e+00 3.031301780506469701e+00 1.426770443995480253e+00
6.743348669733947309e-01 2.124589693642457089e+00 1.036923552169868756e+00 3.031301780506469701e+00 1.426770443995480253e+00
6.745349069813962872e-01 2.124589693642457089e+00 1.036923552169868756e+00 3.031301780506469701e+00 1.426770443995480253e+00
6.747349469893978435e-01 2.124589693642457089e+00 1.036923552169868756e+00 3.031301780506469701e+00 1.426770443995480253e+00
6.749349869973995109e-01 2.124589693642457089e+00 1.036923552169868756e+00 3.031301780506469701e+00 1.426770443995480253e+00
6.751350270054010672e-01 2.124589693642457089e+00 1.036923552169868756e+00 3.031301780506469701e+00 1.426770443995480253e+00
6.753350670134027345e-01 2.124589693642457089e+00 1.036923552169868756e+00 3.031301780506469701e+00 1.426770443995480253e+00
6.755351070214042908e-01 2.124589693642457089e+00 1.036923552169868756e+00 3.031301780506469701e+00 1.426770443995480253e+00
6.757351470294058471e-01 2.124589693642457089e+00 1.036923552169868756e+00 3.031301780506469701e+00 1.426770443995480253e+00
6.759351870374075144e-01 2.124589693642457089e+00 1.036923552169868756e+00 3.031301780506469701e+00 1.426770443995480253e+00
6.761352270454090707e-01 2.124589693642457089e+00 1.036923552169868756e+00 3.031301780506469701e+00 1.426770443995480253e+00
6.763352670534107380e-01 2.124589693642457089e+00 1.036923552169868756e+00 3.031301780506469701e+00 1.426770443995480253e+00
6.765353070614122943e-01 2.124589693642457089e+00 1.036923552169868756e+00 3.031301780506469701e+00 1.426770443995480253e+00
6.767353470694138506e-01 2.124589693642457089e+00 1.036923552169868756e+00 3.031301780506469701e+00 1.426770443995480253e+00
6.769353870774155180e-01 2.124589693642457089e+00 1.036923552169868756e+00 3.031301780506469701e+00 1.426770443995480253e+00
6.771354270854170743e-01 2.124589693642457089e+00 1.036923552169868756e+00 3.031301780506469701e+00 1.426770443995480253e+00
6.773354670934186306e-01 2.124589693642457089e+00 1.036923552169868756e+00 3.031301780506469701e+00 1.426770443995480253e+00
6.775355071014202979e-01 2.124589693642457089e+00 1.036923552169868756e+00 3.031301780506469701e+00 1.426770443995480253e+00
6.777355471094218542e-01 2.124589693642457089e+00 1.036923552169868756e+00 3.031301780506469701e+00 1.426770443995480253e+00
6.779355871174235215e-01 2.124589693642457089e+00 1.036923552169868756e+00 3.031301780506469701e+00 1.426770443995480253e+00
6.781356271254250778e-01 2.124589693642457089e+00 1.036923552169868756e+00 3.031301780506469701e+00 1.426770443995480253e+00
6.783356671334266341e-01 2.124589693642457089e+00 1.036923552169868756e+00 3.031301780506469701e+00 1.426770443995480253e+00
6.785357071414283014e-01 2.124589693642457089e+00 1.036923552169868756e+00 3.031301780506469701e+00 1.426770443995480253e+00
6.787357471494298577e-01 2.124589693642457089e+00 1.036923552169868756e+00 3.031301780506469701e+00 1.426770443995480253e+00
6.789357871574315251e-01 2.124589693642457089e+00 1.036923552169868756e+00 3.031301780506469701e+00 1.426770443995480253e+00
6.791358271654330814e-01 2.124589693642457089e+00 1.036923552169868756e+00 3.031301780506469701e+00 1.426770443995480253e+00
6.793358671734346377e-01 2.124589693642457089e+00 1.036923552169868756e+00 3.031301780506469701e+00 1.426770443995480253e+00
6.795359071814363050e-01 2.124589693642457089e+00 1.036923552169868756e+00 3.031301780506469701e+00 1.426770443995480253e+00
6.797359471894378613e-01 2.124589693642457089e+00 1.036923552169868756e+00 3.031301780506469701e+00 1.426770443995480253e+00
6.799359871974395286e-01 2.124589693642457089e+00 1.036923552169868756e+00 3.031301780506469701e+00 1.426770443995480253e+00
6.801360272054410849e-01 2.124589693642457089e+00 1.036923552169868756e+00 3.031301780506469701e+00 1.426770443995480253e+00
6.803360672134426412e-01 2.124589693642457089e+00 1.036923552169868756e+00 3.031301780506469701e+00 1.426770443995480253e+00
6.805361072214443086e-01 2.124589693642457089e+00 1.036923552169868756e+00 3.031301780506469701e+00 1.426770443995480253e+00
6.807361472294458649e-01 2.124589693642457089e+00 1.036923552169868756e+00 3.031301780506469701e+00 1.426770443995480253e+00
6.809361872374475322e-01 2.124589693642457089e+00 1.036923552169868756e+00 3.031301780506469701e+00 1.426770443995480253e+00
6.811362272454490885e-01 2.124589693642457089e+00 1.036923552169868756e+00 3.031301780506469701e+00 1.426770443995480253e+00
6.813362672534506448e-01 2.124589693642457089e+00 1.036923552169868756e+00 3.031301780506469701e+00 1.426770443995480253e+00
6.815363072614523121e-01 2.124589693642457089e+00 1.036923552169868756e+00 3.031301780506469701e+00 1.426770443995480253e+00
6.817363472694538684e-01 2.124589693642457089e+00 1.036923552169868756e+00 3.031301780506469701e+00 1.426770443995480253e+00
6.819363872774555357e-01 2.124589693642457089e+00 1.036923552169868756e+00 3.031301780506469701e+00 1.426770443995480253e+00
6.821364272854570920e-01 2.124589693642457089e+00 1.036923552169868756e+00 3.031301780506469701e+00 1.426770443995480253e+00
6.823364672934586483e-01 2.124589693642457089e+00 1.036923552169868756e+00 3.031301780506469701e+00 1.426770443995480253e+00
6.825365073014603157e-01 2.124589693642457089e+00 1.036923552169868756e+00 3.031301780506469701e+00 1.426770443995480253e+00
6.827365473094618720e-01 2.124589693642457089e+00 1.036923552169868756e+00 3.031301780506469701e+00 1.426770443995480253e+00
6.829365873174635393e-01 2.124589693642457089e+00 1.036923552169868756e+00 3.031301780506469701e+00 1.426770443995480253e+00
6.831366273254650956e-01 2.124589693642457089e+00 1.036923552169868756e+00 3.031301780506469701e+00 1.426770443995480253e+00
6.833366673334666519e-01 2.124589693642457089e+00 1.036923552169868756e+00 3.031301780506469701e+00 1.426770443995480253e+00
6.835367073414683192e-01 2.124589693642457089e+00 1.036923552169868756e+00 3.031301780506469701e+00 1.426770443995480253e+00
6.837367473494698755e-01 2.124589693642457089e+00 1.036923552169868756e+00 3.031301780506469701e+00 1.426770443995480253e+00
6.839367873574715428e-01 2.124589693642457089e+00 1.036923552169868756e+00 3.031301780506469701e+00 1.426770443995480253e+00
6.841368273654730991e-01 2.124589693642457089e+00 1.036923552169868756e+00 3.031301780506469701e+00 1.426770443995480253e+00
6.843368673734746555e-01 2.124589693642457089e+00 1.036923552169868756e+00 3.031301780506469701e+00 1.426770443995480253e+00
6.845369073814763228e-01 2.124589693642457089e+00 1.036923552169868756e+00 3.031301780506469701e+00 1.426770443995480253e+00
6.847369473894778791e-01 2.124589693642457089e+00 1.036923552169868756e+00 3.031301780506469701e+00 1.426770443995480253e+00
6.849369873974795464e-01 2.124589693642457089e+00 1.036923552169868756e+00 3.031301780506469701e+00 1.426770443995480253e+00
6.851370274054811027e-01 2.124589693642457089e+00 1.036923552169868756e+00 3.031301780506469701e+00 1.426770443995480253e+00
6.853370674134826590e-01 2.124589693642457089e+00 1.036923552169868756e+00 3.031301780506469701e+00 1.426770443995480253e+00
6.855371074214843263e-01 2.124589693642457089e+00 1.036923552169868756e+00 3.031301780506469701e+00 1.426770443995480253e+00
6.857371474294858826e-01 2.124589693642457089e+00 1.036923552169868756e+00 3.031301780506469701e+00 1.426770443995480253e+00
6.859371874374875500e-01 2.124589693642457089e+00 1.036923552169868756e+00 3.031301780506469701e+00 1.426770443995480253e+00
6.861372274454891063e-01 2.124589693642457089e+00 1.036923552169868756e+00 3.031301780506469701e+00 1.426770443995480253e+00
6.863372674534906626e-01 2.124589693642457089e+00 1.036923552169868756e+00 3.031301780506469701e+00 1.426770443995480253e+00
6.865373074614923299e-01 2.124589693642457089e+00 1.036923552169868756e+00 3.031301780506469701e+00 1.426770443995480253e+00
6.867373474694938862e-01 2.124589693642457089e+00 1.036923552169868756e+00 3.031301780506469701e+00 1.426770443995480253e+00
6.869373874774955535e-01 2.124589693642457089e+00 1.036923552169868756e+00 3.031301780506469701e+00 1.426770443995480253e+00
6.871374274854971098e-01 2.124589693642457089e+00 1.036923552169868756e+00 3.031301780506469701e+00 1.426770443995480253e+00
6.873374674934986661e-01 2.124589693642457089e+00 1.036923552169868756e+00 3.031301780506469701e+00 1.426770443995480253e+00
6.875375075015003334e-01 2.124589693642457089e+00 1.036923552169868756e+00 3.031301780506469701e+00 1.426770443995480253e+00
6.877375475095018897e-01 2.124589693642457089e+00 1.036923552169868756e+00 3.031301780506469701e+00 1.426770443995480253e+00
6.879375875175035571e-01 2.124589693642457089e+00 1.036923552169868756e+00 3.031301780506469701e+00 1.426770443995480253e+00
6.881376275255051134e-01 2.124589693642457089e+00 1.036923552169868756e+00 3.031301780506469701e+00 1.426770443995480253e+00
6.883376675335066697e-01 2.124589693642457089e+00 1.036923552169868756e+00 3.031301780506469701e+00 1.426770443995480253e+00
6.885377075415083370e-01 2.124589693642457089e+00 1.036923552169868756e+00 3.031301780506469701e+00 1.426770443995480253e+00
6.887377475495098933e-01 2.124589693642457089e+00 1.036923552169868756e+00 3.031301780506469701e+00 1.426770443995480253e+00
6.889377875575114496e-01 2.124589693642457089e+00 1.036923552169868756e+00 3.031301780506469701e+00 1.426770443995480253e+00
6.891378275655131169e-01 2.124589693642457089e+00 1.036923552169868756e+00 3.031301780506469701e+00 1.426770443995480253e+00
6.893378675735146732e-01 2.124589693642457089e+00 1.036923552169868756e+00 3.031301780506469701e+00 1.426770443995480253e+00
6.895379075815163405e-01 2.124589693642457089e+00 1.036923552169868756e+00 3.031301780506469701e+00 1.426770443995480253e+00
6.897379475895178969e-01 2.124589693642457089e+00 1.036923552169868756e+00 3.031301780506469701e+00 1.426770443995480253e+00
6.899379875975194532e-01 2.124589693642457089e+00 1.036923552169868756e+00 3.031301780506469701e+00 1.426770443995480253e+00
6.901380276055211205e-01 2.124589693642457089e+00 1.036923552169868756e+00 3.031301780506469701e+00 1.426770443995480253e+00
6.903380676135226768e-01 2.124589693642457089e+00 1.036923552169868756e+00 3.031301780506469701e+00 1.426770443995480253e+00
6.905381076215243441e-01 2.124589693642457089e+00 1.036923552169868756e+00 3.031301780506469701e+00 1.426770443995480253e+00
6.907381476295259004e-01 2.124589693642457089e+00 1.036923552169868756e+00 3.031301780506469701e+00 1.426770443995480253e+00
6.909381876375274567e-01 2.124589693642457089e+00 1.036923552169868756e+00 3.031301780506469701e+00 1.426770443995480253e+00
6.911382276455291240e-01 2.124589693642457089e+00 1.036923552169868756e+00 3.031301780506469701e+00 1.426770443995480253e+00
6.913382676535306803e-01 2.124589693642457089e+00 1.036923552169868756e+00 3.031301780506469701e+00 1.426770443995480253e+00
6.915383076615323477e-01 2.124589693642457089e+00 1.036923552169868756e+00 3.031301780506469701e+00 1.426770443995480253e+00
6.917383476695339040e-01 2.124589693642457089e+00 1.036923552169868756e+00 3.031301780506469701e+00 1.426770443995480253e+00
6.919383876775354603e-01 2.124589693642457089e+00 1.036923552169868756e+00 3.031301780506469701e+00 1.426770443995480253e+00
6.921384276855371276e-01 2.124589693642457089e+00 1.036923552169868756e+00 3.031301780506469701e+00 1.426770443995480253e+00
6.923384676935386839e-01 2.124589693642457089e+00 1.036923552169868756e+00 3.031301780506469701e+00 1.426770443995480253e+00
6.925385077015403512e-01 2.124589693642457089e+00 1.036923552169868756e+00 3.031301780506469701e+00 1.426770443995480253e+00
6.927385477095419075e-01 2.124589693642457089e+00 1.036923552169868756e+00 3.031301780506469701e+00 1.426770443995480253e+00
6.929385877175434638e-01 2.124589693642457089e+00 1.036923552169868756e+00 3.031301780506469701e+00 1.426770443995480253e+00
6.931386277255451311e-01 2.124589693642457089e+00 1.036923552169868756e+00 3.031301780506469701e+00 1.426770443995480253e+00
6.933386677335466874e-01 2.124589693642457089e+00 1.036923552169868756e+00 3.031301780506469701e+00 1.426770443995480253e+00
6.935387077415483548e-01 2.124589693642457089e+00 1.036923552169868756e+00 3.031301780506469701e+00 1.426770443995480253e+00
6.937387477495499111e-01 2.124589693642457089e+00 1.036923552169868756e+00 3.031301780506469701e+00 1.426770443995480253e+00
6.939387877575514674e-01 2.124589693642457089e+00 1.036923552169868756e+00 3.031301780506469701e+00 1.426770443995480253e+00
6.941388277655531347e-01 2.124589693642457089e+00 1.036923552169868756e+00 3.031301780506469701e+00 1.426770443995480253e+00
6.943388677735546910e-01 2.124589693642457089e+00 1.036923552169868756e+00 3.031301780506469701e+00 1.426770443995480253e+00
6.945389077815563583e-01 2.124589693642457089e+00 1.036923552169868756e+00 3.031301780506469701e+00 1.426770443995480253e+00
6.947389477895579146e-01 2.124589693642457089e+00 1.036923552169868756e+00 3.031301780506469701e+00 1.426770443995480253e+00
6.949389877975594709e-01 2.124589693642457089e+00 1.036923552169868756e+00 3.031301780506469701e+00 1.426770443995480253e+00
6.951390278055611383e-01 2.124589693642457089e+00 1.036923552169868756e+00 3.031301780506469701e+00 1.426770443995480253e+00
6.953390678135626946e-01 2.124589693642457089e+00 1.036923552169868756e+00 3.031301780506469701e+00 1.426770443995480253e+00
6.955391078215643619e-01 2.124589693642457089e+00 1.036923552169868756e+00 3.031301780506469701e+00 1.426770443995480253e+00
6.957391478295659182e-01 2.124589693642457089e+00 1.036923552169868756e+00 3.031301780506469701e+00 1.426770443995480253e+00
6.959391878375674745e-01 2.124589693642457089e+00 1.036923552169868756e+00 3.031301780506469701e+00 1.426770443995480253e+00
6.961392278455691418e-01 2.124589693642457089e+00 1.036923552169868756e+00 3.031301780506469701e+00 1.426770443995480253e+00
6.963392678535706981e-01 2.124589693642457089e+00 1.036923552169868756e+00 3.031301780506469701e+00 1.426770443995480253e+00
6.965393078615723654e-01 2.124589693642457089e+00 1.036923552169868756e+00 3.031301780506469701e+00 1.426770443995480253e+00
6.967393478695739217e-01 2.124589693642457089e+00 1.036923552169868756e+00 3.031301780506469701e+00 1.426770443995480253e+00
6.969393878775754780e-01 2.124589693642457089e+00 1.036923552169868756e+00 3.031301780506469701e+00 1.426770443995480253e+00
6.971394278855771454e-01 2.124589693642457089e+00 1.036923552169868756e+00 3.031301780506469701e+00 1.426770443995480253e+00
6.973394678935787017e-01 2.124589693642457089e+00 1.036923552169868756e+00 3.031301780506469701e+00 1.426770443995480253e+00
6.975395079015803690e-01 2.124589693642457089e+00 1.036923552169868756e+00 3.031301780506469701e+00 1.426770443995480253e+00
6.977395479095819253e-01 2.124589693642457089e+00 1.036923552169868756e+00 3.031301780506469701e+00 1.426770443995480253e+00
6.979395879175834816e-01 2.124589693642457089e+00 1.036923552169868756e+00 3.031301780506469701e+00 1.426770443995480253e+00
6.981396279255851489e-01 2.124589693642457089e+00 1.036923552169868756e+00 3.031301780506469701e+00 1.426770443995480253e+00
6.983396679335867052e-01 2.124589693642457089e+00 1.036923552169868756e+00 3.031301780506469701e+00 1.426770443995480253e+00
6.985397079415883725e-01 2.124589693642457089e+00 1.036923552169868756e+00 3.031301780506469701e+00 1.426770443995480253e+00
6.987397479495899288e-01 2.124589693642457089e+00 1.036923552169868756e+00 3.031301780506469701e+00 1.426770443995480253e+00
6.989397879575914851e-01 2.124589693642457089e+00 1.036923552169868756e+00 3.031301780506469701e+00 1.426770443995480253e+00
6.991398279655931525e-01 2.124589693642457089e+00 1.036923552169868756e+00 3.031301780506469701e+00 1.426770443995480253e+00
6.993398679735947088e-01 2.124589693642457089e+00 1.036923552169868756e+00 3.031301780506469701e+00 1.426770443995480253e+00
6.995399079815963761e-01 2.124589693642457089e+00 1.036923552169868756e+00 3.031301780506469701e+00 1.426770443995480253e+00
6.997399479895979324e-01 2.124589693642457089e+00 1.036923552169868756e+00 3.031301780506469701e+00 1.426770443995480253e+00
6.999399879975994887e-01 2.124589693642457089e+00 1.036923552169868756e+00 3.031301780506469701e+00 1.426770443995480253e+00
7.001400280056011560e-01 2.124589693642457089e+00 1.036923552169868756e+00 3.031301780506469701e+00 1.426770443995480253e+00
7.003400680136027123e-01 2.124589693642457089e+00 1.036923552169868756e+00 3.031301780506469701e+00 1.426770443995480253e+00
7.005401080216042686e-01 2.124589693642457089e+00 1.036923552169868756e+00 3.031301780506469701e+00 1.426770443995480253e+00
7.007401480296059360e-01 2.124589693642457089e+00 1.036923552169868756e+00 3.031301780506469701e+00 1.426770443995480253e+00
7.009401880376074923e-01 2.124589693642457089e+00 1.036923552169868756e+00 3.031301780506469701e+00 1.426770443995480253e+00
7.011402280456091596e-01 2.124589693642457089e+00 1.036923552169868756e+00 3.031301780506469701e+00 1.426770443995480253e+00
7.013402680536107159e-01 2.124589693642457089e+00 1.036923552169868756e+00 3.031301780506469701e+00 1.426770443995480253e+00
7.015403080616122722e-01 2.124589693642457089e+00 1.036923552169868756e+00 3.031301780506469701e+00 1.426770443995480253e+00
7.017403480696139395e-01 2.124589693642457089e+00 1.036923552169868756e+00 3.031301780506469701e+00 1.426770443995480253e+00
7.019403880776154958e-01 2.124589693642457089e+00 1.036923552169868756e+00 3.031301780506469701e+00 1.426770443995480253e+00
7.021404280856171631e-01 2.124589693642457089e+00 1.036923552169868756e+00 3.031301780506469701e+00 1.426770443995480253e+00
7.023404680936187194e-01 2.124589693642457089e+00 1.036923552169868756e+00 3.031301780506469701e+00 1.426770443995480253e+00
7.025405081016202757e-01 2.124589693642457089e+00 1.036923552169868756e+00 3.031301780506469701e+00 1.426770443995480253e+00
7.027405481096219431e-01 2.124589693642457089e+00 1.036923552169868756e+00 3.031301780506469701e+00 1.426770443995480253e+00
7.029405881176234994e-01 2.124589693642457089e+00 1.036923552169868756e+00 3.031301780506469701e+00 1.426770443995480253e+00
7.031406281256251667e-01 2.124589693642457089e+00 1.036923552169868756e+00 3.031301780506469701e+00 1.426770443995480253e+00
7.033406681336267230e-01 2.124589693642457089e+00 1.036923552169868756e+00 3.031301780506469701e+00 1.426770443995480253e+00
7.035407081416282793e-01 2.124589693642457089e+00 1.036923552169868756e+00 3.031301780506469701e+00 1.426770443995480253e+00
7.037407481496299466e-01 2.124589693642457089e+00 1.036923552169868756e+00 3.031301780506469701e+00 1.426770443995480253e+00
7.039407881576315029e-01 2.124589693642457089e+00 1.036923552169868756e+00 3.031301780506469701e+00 1.426770443995480253e+00
7.041408281656331702e-01 2.124589693642457089e+00 1.036923552169868756e+00 3.031301780506469701e+00 1.426770443995480253e+00
7.043408681736347265e-01 2.124589693642457089e+00 1.036923552169868756e+00 3.031301780506469701e+00 1.426770443995480253e+00
7.045409081816362828e-01 2.124589693642457089e+00 1.036923552169868756e+00 3.031301780506469701e+00 1.426770443995480253e+00
7.047409481896379502e-01 2.124589693642457089e+00 1.036923552169868756e+00 3.031301780506469701e+00 1.426770443995480253e+00
7.049409881976395065e-01 2.124589693642457089e+00 1.036923552169868756e+00 3.031301780506469701e+00 1.426770443995480253e+00
7.051410282056411738e-01 2.124589693642457089e+00 1.036923552169868756e+00 3.031301780506469701e+00 1.426770443995480253e+00
7.053410682136427301e-01 2.124589693642457089e+00 1.036923552169868756e+00 3.031301780506469701e+00 1.426770443995480253e+00
7.055411082216442864e-01 2.124589693642457089e+00 1.036923552169868756e+00 3.031301780506469701e+00 1.426770443995480253e+00
7.057411482296459537e-01 2.124589693642457089e+00 1.036923552169868756e+00 3.031301780506469701e+00 1.426770443995480253e+00
7.059411882376475100e-01 2.124589693642457089e+00 1.036923552169868756e+00 3.031301780506469701e+00 1.426770443995480253e+00
7.061412282456491774e-01 2.124589693642457089e+00 1.036923552169868756e+00 3.031301780506469701e+00 1.426770443995480253e+00
7.063412682536507337e-01 2.124589693642457089e+00 1.036923552169868756e+00 3.031301780506469701e+00 1.426770443995480253e+00
7.065413082616522900e-01 2.124589693642457089e+00 1.036923552169868756e+00 3.031301780506469701e+00 1.426770443995480253e+00
7.067413482696539573e-01 2.124589693642457089e+00 1.036923552169868756e+00 3.031301780506469701e+00 1.426770443995480253e+00
7.069413882776555136e-01 2.124589693642457089e+00 1.036923552169868756e+00 3.031301780506469701e+00 1.426770443995480253e+00
7.071414282856571809e-01 2.124589693642457089e+00 1.036923552169868756e+00 3.031301780506469701e+00 1.426770443995480253e+00
7.073414682936587372e-01 2.124589693642457089e+00 1.036923552169868756e+00 3.031301780506469701e+00 1.426770443995480253e+00
7.075415083016602935e-01 2.124589693642457089e+00 1.036923552169868756e+00 3.031301780506469701e+00 1.426770443995480253e+00
7.077415483096619608e-01 2.124589693642457089e+00 1.036923552169868756e+00 3.031301780506469701e+00 1.426770443995480253e+00
7.079415883176635171e-01 2.124589693642457089e+00 1.036923552169868756e+00 3.031301780506469701e+00 1.426770443995480253e+00
7.081416283256651845e-01 2.124589693642457089e+00 1.036923552169868756e+00 3.031301780506469701e+00 1.426770443995480253e+00
7.083416683336667408e-01 2.124589693642457089e+00 1.036923552169868756e+00 3.031301780506469701e+00 1.426770443995480253e+00
7.085417083416682971e-01 2.124589693642457089e+00 1.036923552169868756e+00 3.031301780506469701e+00 1.426770443995480253e+00
7.087417483496699644e-01 2.124589693642457089e+00 1.036923552169868756e+00 3.031301780506469701e+00 1.426770443995480253e+00
7.089417883576715207e-01 2.124589693642457089e+00 1.036923552169868756e+00 3.031301780506469701e+00 1.426770443995480253e+00
7.091418283656731880e-01 2.124589693642457089e+00 1.036923552169868756e+00 3.031301780506469701e+00 1.426770443995480253e+00
7.093418683736747443e-01 2.124589693642457089e+00 1.036923552169868756e+00 3.031301780506469701e+00 1.426770443995480253e+00
7.095419083816763006e-01 2.124589693642457089e+00 1.036923552169868756e+00 3.031301780506469701e+00 1.426770443995480253e+00
7.097419483896779679e-01 2.124589693642457089e+00 1.036923552169868756e+00 3.031301780506469701e+00 1.426770443995480253e+00
7.099419883976795242e-01 2.124589693642457089e+00 1.036923552169868756e+00 3.031301780506469701e+00 1.426770443995480253e+00
7.101420284056811916e-01 2.124589693642457089e+00 1.036923552169868756e+00 3.031301780506469701e+00 1.426770443995480253e+00
7.103420684136827479e-01 2.124589693642457089e+00 1.036923552169868756e+00 3.031301780506469701e+00 1.426770443995480253e+00
7.105421084216843042e-01 2.124589693642457089e+00 1.036923552169868756e+00 3.031301780506469701e+00 1.426770443995480253e+00
7.107421484296859715e-01 2.124589693642457089e+00 1.036923552169868756e+00 3.031301780506469701e+00 1.426770443995480253e+00
7.109421884376875278e-01 2.124589693642457089e+00 1.036923552169868756e+00 3.031301780506469701e+00 1.426770443995480253e+00
7.111422284456891951e-01 2.124589693642457089e+00 1.036923552169868756e+00 3.031301780506469701e+00 1.426770443995480253e+00
7.113422684536907514e-01 2.124589693642457089e+00 1.036923552169868756e+00 3.031301780506469701e+00 1.426770443995480253e+00
7.115423084616923077e-01 2.124589693642457089e+00 1.036923552169868756e+00 3.031301780506469701e+00 1.426770443995480253e+00
7.117423484696939751e-01 2.124589693642457089e+00 1.036923552169868756e+00 3.031301780506469701e+00 1.426770443995480253e+00
7.119423884776955314e-01 2.124589693642457089e+00 1.036923552169868756e+00 3.031301780506469701e+00 1.426770443995480253e+00
7.121424284856970877e-01 2.124589693642457089e+00 1.036923552169868756e+00 3.031301780506469701e+00 1.426770443995480253e+00
7.123424684936987550e-01 2.124589693642457089e+00 1.036923552169868756e+00 3.031301780506469701e+00 1.426770443995480253e+00
7.125425085017003113e-01 2.124589693642457089e+00 1.036923552169868756e+00 3.031301780506469701e+00 1.426770443995480253e+00
7.127425485097019786e-01 2.124589693642457089e+00 1.036923552169868756e+00 3.031301780506469701e+00 1.426770443995480253e+00
7.129425885177035349e-01 2.124589693642457089e+00 1.036923552169868756e+00 3.031301780506469701e+00 1.426770443995480253e+00
7.131426285257050912e-01 2.124589693642457089e+00 1.036923552169868756e+00 3.031301780506469701e+00 1.426770443995480253e+00
7.133426685337067585e-01 2.124589693642457089e+00 1.036923552169868756e+00 3.031301780506469701e+00 1.426770443995480253e+00
7.135427085417083148e-01 2.124589693642457089e+00 1.036923552169868756e+00 3.031301780506469701e+00 1.426770443995480253e+00
7.137427485497099822e-01 2.124589693642457089e+00 1.036923552169868756e+00 3.031301780506469701e+00 1.426770443995480253e+00
7.139427885577115385e-01 2.124589693642457089e+00 1.036923552169868756e+00 3.031301780506469701e+00 1.426770443995480253e+00
7.141428285657130948e-01 2.124589693642457089e+00 1.036923552169868756e+00 3.031301780506469701e+00 1.426770443995480253e+00
7.143428685737147621e-01 2.124589693642457089e+00 1.036923552169868756e+00 3.031301780506469701e+00 1.426770443995480253e+00
7.145429085817163184e-01 2.124589693642457089e+00 1.036923552169868756e+00 3.031301780506469701e+00 1.426770443995480253e+00
7.147429485897179857e-01 2.124589693642457089e+00 1.036923552169868756e+00 3.031301780506469701e+00 1.426770443995480253e+00
7.149429885977195420e-01 2.124589693642457089e+00 1.036923552169868756e+00 3.031301780506469701e+00 1.426770443995480253e+00
7.151430286057210983e-01 2.124589693642457089e+00 1.036923552169868756e+00 3.031301780506469701e+00 1.426770443995480253e+00
7.153430686137227656e-01 2.124589693642457089e+00 1.036923552169868756e+00 3.031301780506469701e+00 1.426770443995480253e+00
7.155431086217243219e-01 2.124589693642457089e+00 1.036923552169868756e+00 3.031301780506469701e+00 1.426770443995480253e+00
7.157431486297259893e-01 2.124589693642457089e+00 1.036923552169868756e+00 3.031301780506469701e+00 1.426770443995480253e+00
7.159431886377275456e-01 2.124589693642457089e+00 1.036923552169868756e+00 3.031301780506469701e+00 1.426770443995480253e+00
7.161432286457291019e-01 2.124589693642457089e+00 1.036923552169868756e+00 3.031301780506469701e+00 1.426770443995480253e+00
7.163432686537307692e-01 2.124589693642457089e+00 1.036923552169868756e+00 3.031301780506469701e+00 1.426770443995480253e+00
7.165433086617323255e-01 2.124589693642457089e+00 1.036923552169868756e+00 3.031301780506469701e+00 1.426770443995480253e+00
7.167433486697339928e-01 2.124589693642457089e+00 1.036923552169868756e+00 3.031301780506469701e+00 1.426770443995480253e+00
7.169433886777355491e-01 2.124589693642457089e+00 1.036923552169868756e+00 3.031301780506469701e+00 1.426770443995480253e+00
7.171434286857371054e-01 2.124589693642457089e+00 1.036923552169868756e+00 3.031301780506469701e+00 1.426770443995480253e+00
7.173434686937387728e-01 2.124589693642457089e+00 1.036923552169868756e+00 3.031301780506469701e+00 1.426770443995480253e+00
7.175435087017403291e-01 2.124589693642457089e+00 1.036923552169868756e+00 3.031301780506469701e+00 1.426770443995480253e+00
7.177435487097419964e-01 2.124589693642457089e+00 1.036923552169868756e+00 3.031301780506469701e+00 1.426770443995480253e+00
7.179435887177435527e-01 2.124589693642457089e+00 1.036923552169868756e+00 3.031301780506469701e+00 1.426770443995480253e+00
7.181436287257451090e-01 2.124589693642457089e+00 1.036923552169868756e+00 3.031301780506469701e+00 1.426770443995480253e+00
7.183436687337467763e-01 2.124589693642457089e+00 1.036923552169868756e+00 3.031301780506469701e+00 1.426770443995480253e+00
7.185437087417483326e-01 2.124589693642457089e+00 1.036923552169868756e+00 3.031301780506469701e+00 1.426770443995480253e+00
7.187437487497499999e-01 2.124589693642457089e+00 1.036923552169868756e+00 3.031301780506469701e+00 1.426770443995480253e+00
7.189437887577515562e-01 2.124589693642457089e+00 1.036923552169868756e+00 3.031301780506469701e+00 1.426770443995480253e+00
7.191438287657531125e-01 2.124589693642457089e+00 1.036923552169868756e+00 3.031301780506469701e+00 1.426770443995480253e+00
7.193438687737547799e-01 2.124589693642457089e+00 1.036923552169868756e+00 3.031301780506469701e+00 1.426770443995480253e+00
7.195439087817563362e-01 2.124589693642457089e+00 1.036923552169868756e+00 3.031301780506469701e+00 1.426770443995480253e+00
7.197439487897580035e-01 2.124589693642457089e+00 1.036923552169868756e+00 3.031301780506469701e+00 1.426770443995480253e+00
7.199439887977595598e-01 2.124589693642457089e+00 1.036923552169868756e+00 3.031301780506469701e+00 1.426770443995480253e+00
7.201440288057611161e-01 2.124589693642457089e+00 1.036923552169868756e+00 3.031301780506469701e+00 1.426770443995480253e+00
7.203440688137627834e-01 2.124589693642457089e+00 1.036923552169868756e+00 3.031301780506469701e+00 1.426770443995480253e+00
7.205441088217643397e-01 2.124589693642457089e+00 1.036923552169868756e+00 3.031301780506469701e+00 1.426770443995480253e+00
7.207441488297660070e-01 2.124589693642457089e+00 1.036923552169868756e+00 3.031301780506469701e+00 1.426770443995480253e+00
7.209441888377675633e-01 2.124589693642457089e+00 1.036923552169868756e+00 3.031301780506469701e+00 1.426770443995480253e+00
7.211442288457691197e-01 2.124589693642457089e+00 1.036923552169868756e+00 3.031301780506469701e+00 1.426770443995480253e+00
7.213442688537707870e-01 2.124589693642457089e+00 1.036923552169868756e+00 3.031301780506469701e+00 1.426770443995480253e+00
7.215443088617723433e-01 2.124589693642457089e+00 1.036923552169868756e+00 3.031301780506469701e+00 1.426770443995480253e+00
7.217443488697740106e-01 2.124589693642457089e+00 1.036923552169868756e+00 3.031301780506469701e+00 1.426770443995480253e+00
7.219443888777755669e-01 2.124589693642457089e+00 1.036923552169868756e+00 3.031301780506469701e+00 1.426770443995480253e+00
7.221444288857771232e-01 2.124589693642457089e+00 1.036923552169868756e+00 3.031301780506469701e+00 1.426770443995480253e+00
7.223444688937787905e-01 2.124589693642457089e+00 1.036923552169868756e+00 3.031301780506469701e+00 1.426770443995480253e+00
7.225445089017803468e-01 2.124589693642457089e+00 1.036923552169868756e+00 3.031301780506469701e+00 1.426770443995480253e+00
7.227445489097819031e-01 2.124589693642457089e+00 1.036923552169868756e+00 3.031301780506469701e+00 1.426770443995480253e+00
7.229445889177835705e-01 2.124589693642457089e+00 1.036923552169868756e+00 3.031301780506469701e+00 1.426770443995480253e+00
7.231446289257851268e-01 2.124589693642457089e+00 1.036923552169868756e+00 3.031301780506469701e+00 1.426770443995480253e+00
7.233446689337867941e-01 2.124589693642457089e+00 1.036923552169868756e+00 3.031301780506469701e+00 1.426770443995480253e+00
7.235447089417883504e-01 2.124589693642457089e+00 1.036923552169868756e+00 3.031301780506469701e+00 1.426770443995480253e+00
7.237447489497899067e-01 2.124589693642457089e+00 1.036923552169868756e+00 3.031301780506469701e+00 1.426770443995480253e+00
7.239447889577915740e-01 2.124589693642457089e+00 1.036923552169868756e+00 3.031301780506469701e+00 1.426770443995480253e+00
7.241448289657931303e-01 2.124589693642457089e+00 1.036923552169868756e+00 3.031301780506469701e+00 1.426770443995480253e+00
7.243448689737947976e-01 2.124589693642457089e+00 1.036923552169868756e+00 3.031301780506469701e+00 1.426770443995480253e+00
7.245449089817963539e-01 2.124589693642457089e+00 1.036923552169868756e+00 3.031301780506469701e+00 1.426770443995480253e+00
7.247449489897979102e-01 2.124589693642457089e+00 1.036923552169868756e+00 3.031301780506469701e+00 1.426770443995480253e+00
7.249449889977995776e-01 2.124589693642457089e+00 1.036923552169868756e+00 3.031301780506469701e+00 1.426770443995480253e+00
7.251450290058011339e-01 2.124589693642457089e+00 1.036923552169868756e+00 3.031301780506469701e+00 1.426770443995480253e+00
7.253450690138028012e-01 2.124589693642457089e+00 1.036923552169868756e+00 3.031301780506469701e+00 1.426770443995480253e+00
7.255451090218043575e-01 2.124589693642457089e+00 1.036923552169868756e+00 3.031301780506469701e+00 1.426770443995480253e+00
7.257451490298059138e-01 2.124589693642457089e+00 1.036923552169868756e+00 3.031301780506469701e+00 1.426770443995480253e+00
7.259451890378075811e-01 2.124589693642457089e+00 1.036923552169868756e+00 3.031301780506469701e+00 1.426770443995480253e+00
7.261452290458091374e-01 2.124589693642457089e+00 1.036923552169868756e+00 3.031301780506469701e+00 1.426770443995480253e+00
7.263452690538108047e-01 2.124589693642457089e+00 1.036923552169868756e+00 3.031301780506469701e+00 1.426770443995480253e+00
7.265453090618123611e-01 2.124589693642457089e+00 1.036923552169868756e+00 3.031301780506469701e+00 1.426770443995480253e+00
7.267453490698139174e-01 2.124589693642457089e+00 1.036923552169868756e+00 3.031301780506469701e+00 1.426770443995480253e+00
7.269453890778155847e-01 2.124589693642457089e+00 1.036923552169868756e+00 3.031301780506469701e+00 1.426770443995480253e+00
7.271454290858171410e-01 2.124589693642457089e+00 1.036923552169868756e+00 3.031301780506469701e+00 1.426770443995480253e+00
7.273454690938188083e-01 2.124589693642457089e+00 1.036923552169868756e+00 3.031301780506469701e+00 1.426770443995480253e+00
7.275455091018203646e-01 2.124589693642457089e+00 1.036923552169868756e+00 3.031301780506469701e+00 1.426770443995480253e+00
7.277455491098219209e-01 2.124589693642457089e+00 1.036923552169868756e+00 3.031301780506469701e+00 1.426770443995480253e+00
7.279455891178235882e-01 2.124589693642457089e+00 1.036923552169868756e+00 3.031301780506469701e+00 1.426770443995480253e+00
7.281456291258251445e-01 2.124589693642457089e+00 1.036923552169868756e+00 3.031301780506469701e+00 1.426770443995480253e+00
7.283456691338268119e-01 2.124589693642457089e+00 1.036923552169868756e+00 3.031301780506469701e+00 1.426770443995480253e+00
7.285457091418283682e-01 2.124589693642457089e+00 1.036923552169868756e+00 3.031301780506469701e+00 1.426770443995480253e+00
7.287457491498299245e-01 2.124589693642457089e+00 1.036923552169868756e+00 3.031301780506469701e+00 1.426770443995480253e+00
7.289457891578315918e-01 2.124589693642457089e+00 1.036923552169868756e+00 3.031301780506469701e+00 1.426770443995480253e+00
7.291458291658331481e-01 2.124589693642457089e+00 1.036923552169868756e+00 3.031301780506469701e+00 1.426770443995480253e+00
7.293458691738348154e-01 2.124589693642457089e+00 1.036923552169868756e+00 3.031301780506469701e+00 1.426770443995480253e+00
7.295459091818363717e-01 2.124589693642457089e+00 1.036923552169868756e+00 3.031301780506469701e+00 1.426770443995480253e+00
7.297459491898379280e-01 2.124589693642457089e+00 1.036923552169868756e+00 3.031301780506469701e+00 1.426770443995480253e+00
7.299459891978395953e-01 2.124589693642457089e+00 1.036923552169868756e+00 3.031301780506469701e+00 1.426770443995480253e+00
7.301460292058411516e-01 2.124589693642457089e+00 1.036923552169868756e+00 3.031301780506469701e+00 1.426770443995480253e+00
7.303460692138428190e-01 2.124589693642457089e+00 1.036923552169868756e+00 3.031301780506469701e+00 1.426770443995480253e+00
7.305461092218443753e-01 2.124589693642457089e+00 1.036923552169868756e+00 3.031301780506469701e+00 1.426770443995480253e+00
7.307461492298459316e-01 2.124589693642457089e+00 1.036923552169868756e+00 3.031301780506469701e+00 1.426770443995480253e+00
7.309461892378475989e-01 2.124589693642457089e+00 1.036923552169868756e+00 3.031301780506469701e+00 1.426770443995480253e+00
7.311462292458491552e-01 2.124589693642457089e+00 1.036923552169868756e+00 3.031301780506469701e+00 1.426770443995480253e+00
7.313462692538508225e-01 2.124589693642457089e+00 1.036923552169868756e+00 3.031301780506469701e+00 1.426770443995480253e+00
7.315463092618523788e-01 2.124589693642457089e+00 1.036923552169868756e+00 3.031301780506469701e+00 1.426770443995480253e+00
7.317463492698539351e-01 2.124589693642457089e+00 1.036923552169868756e+00 3.031301780506469701e+00 1.426770443995480253e+00
7.319463892778556025e-01 2.124589693642457089e+00 1.036923552169868756e+00 3.031301780506469701e+00 1.426770443995480253e+00
7.321464292858571588e-01 2.124589693642457089e+00 1.036923552169868756e+00 3.031301780506469701e+00 1.426770443995480253e+00
7.323464692938588261e-01 2.124589693642457089e+00 1.036923552169868756e+00 3.031301780506469701e+00 1.426770443995480253e+00
7.325465093018603824e-01 2.124589693642457089e+00 1.036923552169868756e+00 3.031301780506469701e+00 1.426770443995480253e+00
7.327465493098619387e-01 2.124589693642457089e+00 1.036923552169868756e+00 3.031301780506469701e+00 1.426770443995480253e+00
7.329465893178636060e-01 2.124589693642457089e+00 1.036923552169868756e+00 3.031301780506469701e+00 1.426770443995480253e+00
7.331466293258651623e-01 2.124589693642457089e+00 1.036923552169868756e+00 3.031301780506469701e+00 1.426770443995480253e+00
7.333466693338668296e-01 2.124589693642457089e+00 1.036923552169868756e+00 3.031301780506469701e+00 1.426770443995480253e+00
7.335467093418683859e-01 2.124589693642457089e+00 1.036923552169868756e+00 3.031301780506469701e+00 1.426770443995480253e+00
7.337467493498699422e-01 2.124589693642457089e+00 1.036923552169868756e+00 3.031301780506469701e+00 1.426770443995480253e+00
7.339467893578716096e-01 2.124589693642457089e+00 1.036923552169868756e+00 3.031301780506469701e+00 1.426770443995480253e+00
7.341468293658731659e-01 2.124589693642457089e+00 1.036923552169868756e+00 3.031301780506469701e+00 1.426770443995480253e+00
7.343468693738747222e-01 2.124589693642457089e+00 1.036923552169868756e+00 3.031301780506469701e+00 1.426770443995480253e+00
7.345469093818763895e-01 2.124589693642457089e+00 1.036923552169868756e+00 3.031301780506469701e+00 1.426770443995480253e+00
7.347469493898779458e-01 2.124589693642457089e+00 1.036923552169868756e+00 3.031301780506469701e+00 1.426770443995480253e+00
7.349469893978796131e-01 2.124589693642457089e+00 1.036923552169868756e+00 3.031301780506469701e+00 1.426770443995480253e+00
7.351470294058811694e-01 2.124589693642457089e+00 1.036923552169868756e+00 3.031301780506469701e+00 1.426770443995480253e+00
7.353470694138827257e-01 2.124589693642457089e+00 1.036923552169868756e+00 3.031301780506469701e+00 1.426770443995480253e+00
7.355471094218843930e-01 2.124589693642457089e+00 1.036923552169868756e+00 3.031301780506469701e+00 1.426770443995480253e+00
7.357471494298859493e-01 2.124589693642457089e+00 1.036923552169868756e+00 3.031301780506469701e+00 1.426770443995480253e+00
7.359471894378876167e-01 2.124589693642457089e+00 1.036923552169868756e+00 3.031301780506469701e+00 1.426770443995480253e+00
7.361472294458891730e-01 2.124589693642457089e+00 1.036923552169868756e+00 3.031301780506469701e+00 1.426770443995480253e+00
7.363472694538907293e-01 2.124589693642457089e+00 1.036923552169868756e+00 3.031301780506469701e+00 1.426770443995480253e+00
7.365473094618923966e-01 2.124589693642457089e+00 1.036923552169868756e+00 3.031301780506469701e+00 1.426770443995480253e+00
7.367473494698939529e-01 2.124589693642457089e+00 1.036923552169868756e+00 3.031301780506469701e+00 1.426770443995480253e+00
7.369473894778956202e-01 2.124589693642457089e+00 1.036923552169868756e+00 3.031301780506469701e+00 1.426770443995480253e+00
7.371474294858971765e-01 2.124589693642457089e+00 1.036923552169868756e+00 3.031301780506469701e+00 1.426770443995480253e+00
7.373474694938987328e-01 2.124589693642457089e+00 1.036923552169868756e+00 3.031301780506469701e+00 1.426770443995480253e+00
7.375475095019004002e-01 2.124589693642457089e+00 1.036923552169868756e+00 3.031301780506469701e+00 1.426770443995480253e+00
7.377475495099019565e-01 2.124589693642457089e+00 1.036923552169868756e+00 3.031301780506469701e+00 1.426770443995480253e+00
7.379475895179036238e-01 2.124589693642457089e+00 1.036923552169868756e+00 3.031301780506469701e+00 1.426770443995480253e+00
7.381476295259051801e-01 2.124589693642457089e+00 1.036923552169868756e+00 3.031301780506469701e+00 1.426770443995480253e+00
7.383476695339067364e-01 2.124589693642457089e+00 1.036923552169868756e+00 3.031301780506469701e+00 1.426770443995480253e+00
7.385477095419084037e-01 2.124589693642457089e+00 1.036923552169868756e+00 3.031301780506469701e+00 1.426770443995480253e+00
7.387477495499099600e-01 2.124589693642457089e+00 1.036923552169868756e+00 3.031301780506469701e+00 1.426770443995480253e+00
7.389477895579116273e-01 2.124589693642457089e+00 1.036923552169868756e+00 3.031301780506469701e+00 1.426770443995480253e+00
7.391478295659131836e-01 2.124589693642457089e+00 1.036923552169868756e+00 3.031301780506469701e+00 1.426770443995480253e+00
7.393478695739147399e-01 2.124589693642457089e+00 1.036923552169868756e+00 3.031301780506469701e+00 1.426770443995480253e+00
7.395479095819164073e-01 2.124589693642457089e+00 1.036923552169868756e+00 3.031301780506469701e+00 1.426770443995480253e+00
7.397479495899179636e-01 2.124589693642457089e+00 1.036923552169868756e+00 3.031301780506469701e+00 1.426770443995480253e+00
7.399479895979196309e-01 2.124589693642457089e+00 1.036923552169868756e+00 3.031301780506469701e+00 1.426770443995480253e+00
7.401480296059211872e-01 2.124589693642457089e+00 1.036923552169868756e+00 3.031301780506469701e+00 1.426770443995480253e+00
7.403480696139227435e-01 2.124589693642457089e+00 1.036923552169868756e+00 3.031301780506469701e+00 1.426770443995480253e+00
7.405481096219244108e-01 2.124589693642457089e+00 1.036923552169868756e+00 3.031301780506469701e+00 1.426770443995480253e+00
7.407481496299259671e-01 2.124589693642457089e+00 1.036923552169868756e+00 3.031301780506469701e+00 1.426770443995480253e+00
7.409481896379276344e-01 2.124589693642457089e+00 1.036923552169868756e+00 3.031301780506469701e+00 1.426770443995480253e+00
7.411482296459291907e-01 2.124589693642457089e+00 1.036923552169868756e+00 3.031301780506469701e+00 1.426770443995480253e+00
7.413482696539307470e-01 2.124589693642457089e+00 1.036923552169868756e+00 3.031301780506469701e+00 1.426770443995480253e+00
7.415483096619324144e-01 2.124589693642457089e+00 1.036923552169868756e+00 3.031301780506469701e+00 1.426770443995480253e+00
7.417483496699339707e-01 2.124589693642457089e+00 1.036923552169868756e+00 3.031301780506469701e+00 1.426770443995480253e+00
7.419483896779356380e-01 2.124589693642457089e+00 1.036923552169868756e+00 3.031301780506469701e+00 1.426770443995480253e+00
7.421484296859371943e-01 2.124589693642457089e+00 1.036923552169868756e+00 3.031301780506469701e+00 1.426770443995480253e+00
7.423484696939387506e-01 2.124589693642457089e+00 1.036923552169868756e+00 3.031301780506469701e+00 1.426770443995480253e+00
7.425485097019404179e-01 2.124589693642457089e+00 1.036923552169868756e+00 3.031301780506469701e+00 1.426770443995480253e+00
7.427485497099419742e-01 2.124589693642457089e+00 1.036923552169868756e+00 3.031301780506469701e+00 1.426770443995480253e+00
7.429485897179436416e-01 2.124589693642457089e+00 1.036923552169868756e+00 3.031301780506469701e+00 1.426770443995480253e+00
7.431486297259451979e-01 2.124589693642457089e+00 1.036923552169868756e+00 3.031301780506469701e+00 1.426770443995480253e+00
7.433486697339467542e-01 2.124589693642457089e+00 1.036923552169868756e+00 3.031301780506469701e+00 1.426770443995480253e+00
7.435487097419484215e-01 2.124589693642457089e+00 1.036923552169868756e+00 3.031301780506469701e+00 1.426770443995480253e+00
7.437487497499499778e-01 2.124589693642457089e+00 1.036923552169868756e+00 3.031301780506469701e+00 1.426770443995480253e+00
7.439487897579516451e-01 2.124589693642457089e+00 1.036923552169868756e+00 3.031301780506469701e+00 1.426770443995480253e+00
7.441488297659532014e-01 2.124589693642457089e+00 1.036923552169868756e+00 3.031301780506469701e+00 1.426770443995480253e+00
7.443488697739547577e-01 2.124589693642457089e+00 1.036923552169868756e+00 3.031301780506469701e+00 1.426770443995480253e+00
7.445489097819564250e-01 2.124589693642457089e+00 1.036923552169868756e+00 3.031301780506469701e+00 1.426770443995480253e+00
7.447489497899579813e-01 2.124589693642457089e+00 1.036923552169868756e+00 3.031301780506469701e+00 1.426770443995480253e+00
7.449489897979596487e-01 2.124589693642457089e+00 1.036923552169868756e+00 3.031301780506469701e+00 1.426770443995480253e+00
7.451490298059612050e-01 2.124589693642457089e+00 1.036923552169868756e+00 3.031301780506469701e+00 1.426770443995480253e+00
7.453490698139627613e-01 2.124589693642457089e+00 1.036923552169868756e+00 3.031301780506469701e+00 1.426770443995480253e+00
7.455491098219644286e-01 2.124589693642457089e+00 1.036923552169868756e+00 3.031301780506469701e+00 1.426770443995480253e+00
7.457491498299659849e-01 2.124589693642457089e+00 1.036923552169868756e+00 3.031301780506469701e+00 1.426770443995480253e+00
7.459491898379675412e-01 2.124589693642457089e+00 1.036923552169868756e+00 3.031301780506469701e+00 1.426770443995480253e+00
7.461492298459692085e-01 2.124589693642457089e+00 1.036923552169868756e+00 3.031301780506469701e+00 1.426770443995480253e+00
7.463492698539707648e-01 2.124589693642457089e+00 1.036923552169868756e+00 3.031301780506469701e+00 1.426770443995480253e+00
7.465493098619724321e-01 2.124589693642457089e+00 1.036923552169868756e+00 3.031301780506469701e+00 1.426770443995480253e+00
7.467493498699739884e-01 2.124589693642457089e+00 1.036923552169868756e+00 3.031301780506469701e+00 1.426770443995480253e+00
7.469493898779755447e-01 2.124589693642457089e+00 1.036923552169868756e+00 3.031301780506469701e+00 1.426770443995480253e+00
7.471494298859772121e-01 2.124589693642457089e+00 1.036923552169868756e+00 3.031301780506469701e+00 1.426770443995480253e+00
7.473494698939787684e-01 2.124589693642457089e+00 1.036923552169868756e+00 3.031301780506469701e+00 1.426770443995480253e+00
7.475495099019804357e-01 2.124589693642457089e+00 1.036923552169868756e+00 3.031301780506469701e+00 1.426770443995480253e+00
7.477495499099819920e-01 2.124589693642457089e+00 1.036923552169868756e+00 3.031301780506469701e+00 1.426770443995480253e+00
7.479495899179835483e-01 2.124589693642457089e+00 1.036923552169868756e+00 3.031301780506469701e+00 1.426770443995480253e+00
7.481496299259852156e-01 2.124589693642457089e+00 1.036923552169868756e+00 3.031301780506469701e+00 1.426770443995480253e+00
7.483496699339867719e-01 2.124589693642457089e+00 1.036923552169868756e+00 3.031301780506469701e+00 1.426770443995480253e+00
7.485497099419884393e-01 2.124589693642457089e+00 1.036923552169868756e+00 3.031301780506469701e+00 1.426770443995480253e+00
7.487497499499899956e-01 2.124589693642457089e+00 1.036923552169868756e+00 3.031301780506469701e+00 1.426770443995480253e+00
7.489497899579915519e-01 2.124589693642457089e+00 1.036923552169868756e+00 3.031301780506469701e+00 1.426770443995480253e+00
7.491498299659932192e-01 2.124589693642457089e+00 1.036923552169868756e+00 3.031301780506469701e+00 1.426770443995480253e+00
7.493498699739947755e-01 2.124589693642457089e+00 1.036923552169868756e+00 3.031301780506469701e+00 1.426770443995480253e+00
7.495499099819964428e-01 2.124589693642457089e+00 1.036923552169868756e+00 3.031301780506469701e+00 1.426770443995480253e+00
7.497499499899979991e-01 2.124589693642457089e+00 1.036923552169868756e+00 3.031301780506469701e+00 1.426770443995480253e+00
7.499499899979995554e-01 2.124589693642457089e+00 1.036923552169868756e+00 3.031301780506469701e+00 1.426770443995480253e+00
7.501500300060012227e-01 2.124589693642457089e+00 1.036923552169868756e+00 3.031301780506469701e+00 1.426770443995480253e+00
7.503500700140027790e-01 2.124589693642457089e+00 1.036923552169868756e+00 3.031301780506469701e+00 1.426770443995480253e+00
7.505501100220044464e-01 2.124589693642457089e+00 1.036923552169868756e+00 3.031301780506469701e+00 1.426770443995480253e+00
7.507501500300060027e-01 2.124589693642457089e+00 1.036923552169868756e+00 3.031301780506469701e+00 1.426770443995480253e+00
7.509501900380075590e-01 2.124589693642457089e+00 1.036923552169868756e+00 3.031301780506469701e+00 1.426770443995480253e+00
7.511502300460092263e-01 2.124589693642457089e+00 1.036923552169868756e+00 3.031301780506469701e+00 1.426770443995480253e+00
7.513502700540107826e-01 2.124589693642457089e+00 1.036923552169868756e+00 3.031301780506469701e+00 1.426770443995480253e+00
7.515503100620124499e-01 2.124589693642457089e+00 1.036923552169868756e+00 3.031301780506469701e+00 1.426770443995480253e+00
7.517503500700140062e-01 2.124589693642457089e+00 1.036923552169868756e+00 3.031301780506469701e+00 1.426770443995480253e+00
7.519503900780155625e-01 2.124589693642457089e+00 1.036923552169868756e+00 3.031301780506469701e+00 1.426770443995480253e+00
7.521504300860172298e-01 2.124589693642457089e+00 1.036923552169868756e+00 3.031301780506469701e+00 1.426770443995480253e+00
7.523504700940187861e-01 2.124589693642457089e+00 1.036923552169868756e+00 3.031301780506469701e+00 1.426770443995480253e+00
7.525505101020204535e-01 2.124589693642457089e+00 1.036923552169868756e+00 3.031301780506469701e+00 1.426770443995480253e+00
7.527505501100220098e-01 2.124589693642457089e+00 1.036923552169868756e+00 3.031301780506469701e+00 1.426770443995480253e+00
7.529505901180235661e-01 2.124589693642457089e+00 1.036923552169868756e+00 3.031301780506469701e+00 1.426770443995480253e+00
7.531506301260252334e-01 2.124589693642457089e+00 1.036923552169868756e+00 3.031301780506469701e+00 1.426770443995480253e+00
7.533506701340267897e-01 2.124589693642457089e+00 1.036923552169868756e+00 3.031301780506469701e+00 1.426770443995480253e+00
7.535507101420284570e-01 2.124589693642457089e+00 1.036923552169868756e+00 3.031301780506469701e+00 1.426770443995480253e+00
7.537507501500300133e-01 2.124589693642457089e+00 1.036923552169868756e+00 3.031301780506469701e+00 1.426770443995480253e+00
7.539507901580315696e-01 2.124589693642457089e+00 1.036923552169868756e+00 3.031301780506469701e+00 1.426770443995480253e+00
7.541508301660332370e-01 2.124589693642457089e+00 1.036923552169868756e+00 3.031301780506469701e+00 1.426770443995480253e+00
7.543508701740347933e-01 2.124589693642457089e+00 1.036923552169868756e+00 3.031301780506469701e+00 1.426770443995480253e+00
7.545509101820364606e-01 2.124589693642457089e+00 1.036923552169868756e+00 3.031301780506469701e+00 1.426770443995480253e+00
7.547509501900380169e-01 2.124589693642457089e+00 1.036923552169868756e+00 3.031301780506469701e+00 1.426770443995480253e+00
7.549509901980395732e-01 2.124589693642457089e+00 1.036923552169868756e+00 3.031301780506469701e+00 1.426770443995480253e+00
7.551510302060412405e-01 2.124589693642457089e+00 1.036923552169868756e+00 3.031301780506469701e+00 1.426770443995480253e+00
7.553510702140427968e-01 2.124589693642457089e+00 1.036923552169868756e+00 3.031301780506469701e+00 1.426770443995480253e+00
7.555511102220444641e-01 2.124589693642457089e+00 1.036923552169868756e+00 3.031301780506469701e+00 1.426770443995480253e+00
7.557511502300460204e-01 2.124589693642457089e+00 1.036923552169868756e+00 3.031301780506469701e+00 1.426770443995480253e+00
7.559511902380475767e-01 2.124589693642457089e+00 1.036923552169868756e+00 3.031301780506469701e+00 1.426770443995480253e+00
7.561512302460492441e-01 2.124589693642457089e+00 1.036923552169868756e+00 3.031301780506469701e+00 1.426770443995480253e+00
7.563512702540508004e-01 2.124589693642457089e+00 1.036923552169868756e+00 3.031301780506469701e+00 1.426770443995480253e+00
7.565513102620524677e-01 2.124589693642457089e+00 1.036923552169868756e+00 3.031301780506469701e+00 1.426770443995480253e+00
7.567513502700540240e-01 2.124589693642457089e+00 1.036923552169868756e+00 3.031301780506469701e+00 1.426770443995480253e+00
7.569513902780555803e-01 2.124589693642457089e+00 1.036923552169868756e+00 3.031301780506469701e+00 1.426770443995480253e+00
7.571514302860572476e-01 2.124589693642457089e+00 1.036923552169868756e+00 3.031301780506469701e+00 1.426770443995480253e+00
7.573514702940588039e-01 2.124589693642457089e+00 1.036923552169868756e+00 3.031301780506469701e+00 1.426770443995480253e+00
7.575515103020603602e-01 2.124589693642457089e+00 1.036923552169868756e+00 3.031301780506469701e+00 1.426770443995480253e+00
7.577515503100620275e-01 2.124589693642457089e+00 1.036923552169868756e+00 3.031301780506469701e+00 1.426770443995480253e+00
7.579515903180635839e-01 2.124589693642457089e+00 1.036923552169868756e+00 3.031301780506469701e+00 1.426770443995480253e+00
7.581516303260652512e-01 2.124589693642457089e+00 1.036923552169868756e+00 3.031301780506469701e+00 1.426770443995480253e+00
7.583516703340668075e-01 2.124589693642457089e+00 1.036923552169868756e+00 3.031301780506469701e+00 1.426770443995480253e+00
7.585517103420683638e-01 2.124589693642457089e+00 1.036923552169868756e+00 3.031301780506469701e+00 1.426770443995480253e+00
7.587517503500700311e-01 2.124589693642457089e+00 1.036923552169868756e+00 3.031301780506469701e+00 1.426770443995480253e+00
7.589517903580715874e-01 2.124589693642457089e+00 1.036923552169868756e+00 3.031301780506469701e+00 1.426770443995480253e+00
7.591518303660732547e-01 2.124589693642457089e+00 1.036923552169868756e+00 3.031301780506469701e+00 1.426770443995480253e+00
7.593518703740748110e-01 2.124589693642457089e+00 1.036923552169868756e+00 3.031301780506469701e+00 1.426770443995480253e+00
7.595519103820763673e-01 2.124589693642457089e+00 1.036923552169868756e+00 3.031301780506469701e+00 1.426770443995480253e+00
7.597519503900780347e-01 2.124589693642457089e+00 1.036923552169868756e+00 3.031301780506469701e+00 1.426770443995480253e+00
7.599519903980795910e-01 2.124589693642457089e+00 1.036923552169868756e+00 3.031301780506469701e+00 1.426770443995480253e+00
7.601520304060812583e-01 2.124589693642457089e+00 1.036923552169868756e+00 3.031301780506469701e+00 1.426770443995480253e+00
7.603520704140828146e-01 2.124589693642457089e+00 1.036923552169868756e+00 3.031301780506469701e+00 1.426770443995480253e+00
7.605521104220843709e-01 2.124589693642457089e+00 1.036923552169868756e+00 3.031301780506469701e+00 1.426770443995480253e+00
7.607521504300860382e-01 2.124589693642457089e+00 1.036923552169868756e+00 3.031301780506469701e+00 1.426770443995480253e+00
7.609521904380875945e-01 2.124589693642457089e+00 1.036923552169868756e+00 3.031301780506469701e+00 1.426770443995480253e+00
7.611522304460892618e-01 2.124589693642457089e+00 1.036923552169868756e+00 3.031301780506469701e+00 1.426770443995480253e+00
7.613522704540908181e-01 2.124589693642457089e+00 1.036923552169868756e+00 3.031301780506469701e+00 1.426770443995480253e+00
7.615523104620923744e-01 2.124589693642457089e+00 1.036923552169868756e+00 3.031301780506469701e+00 1.426770443995480253e+00
7.617523504700940418e-01 2.124589693642457089e+00 1.036923552169868756e+00 3.031301780506469701e+00 1.426770443995480253e+00
7.619523904780955981e-01 2.124589693642457089e+00 1.036923552169868756e+00 3.031301780506469701e+00 1.426770443995480253e+00
7.621524304860972654e-01 2.124589693642457089e+00 1.036923552169868756e+00 3.031301780506469701e+00 1.426770443995480253e+00
7.623524704940988217e-01 2.124589693642457089e+00 1.036923552169868756e+00 3.031301780506469701e+00 1.426770443995480253e+00
7.625525105021003780e-01 2.124589693642457089e+00 1.036923552169868756e+00 3.031301780506469701e+00 1.426770443995480253e+00
7.627525505101020453e-01 2.124589693642457089e+00 1.036923552169868756e+00 3.031301780506469701e+00 1.426770443995480253e+00
7.629525905181036016e-01 2.124589693642457089e+00 1.036923552169868756e+00 3.031301780506469701e+00 1.426770443995480253e+00
7.631526305261052689e-01 2.124589693642457089e+00 1.036923552169868756e+00 3.031301780506469701e+00 1.426770443995480253e+00
7.633526705341068253e-01 2.124589693642457089e+00 1.036923552169868756e+00 3.031301780506469701e+00 1.426770443995480253e+00
7.635527105421083816e-01 2.124589693642457089e+00 1.036923552169868756e+00 3.031301780506469701e+00 1.426770443995480253e+00
7.637527505501100489e-01 2.124589693642457089e+00 1.036923552169868756e+00 3.031301780506469701e+00 1.426770443995480253e+00
7.639527905581116052e-01 2.124589693642457089e+00 1.036923552169868756e+00 3.031301780506469701e+00 1.426770443995480253e+00
7.641528305661132725e-01 2.124589693642457089e+00 1.036923552169868756e+00 3.031301780506469701e+00 1.426770443995480253e+00
7.643528705741148288e-01 2.124589693642457089e+00 1.036923552169868756e+00 3.031301780506469701e+00 1.426770443995480253e+00
7.645529105821163851e-01 2.124589693642457089e+00 1.036923552169868756e+00 3.031301780506469701e+00 1.426770443995480253e+00
7.647529505901180524e-01 2.124589693642457089e+00 1.036923552169868756e+00 3.031301780506469701e+00 1.426770443995480253e+00
7.649529905981196087e-01 2.124589693642457089e+00 1.036923552169868756e+00 3.031301780506469701e+00 1.426770443995480253e+00
7.651530306061212761e-01 2.124589693642457089e+00 1.036923552169868756e+00 3.031301780506469701e+00 1.426770443995480253e+00
7.653530706141228324e-01 2.124589693642457089e+00 1.036923552169868756e+00 3.031301780506469701e+00 1.426770443995480253e+00
7.655531106221243887e-01 2.124589693642457089e+00 1.036923552169868756e+00 3.031301780506469701e+00 1.426770443995480253e+00
7.657531506301260560e-01 2.124589693642457089e+00 1.036923552169868756e+00 3.031301780506469701e+00 1.426770443995480253e+00
7.659531906381276123e-01 2.124589693642457089e+00 1.036923552169868756e+00 3.031301780506469701e+00 1.426770443995480253e+00
7.661532306461292796e-01 2.124589693642457089e+00 1.036923552169868756e+00 3.031301780506469701e+00 1.426770443995480253e+00
7.663532706541308359e-01 2.124589693642457089e+00 1.036923552169868756e+00 3.031301780506469701e+00 1.426770443995480253e+00
7.665533106621323922e-01 2.124589693642457089e+00 1.036923552169868756e+00 3.031301780506469701e+00 1.426770443995480253e+00
7.667533506701340595e-01 2.124589693642457089e+00 1.036923552169868756e+00 3.031301780506469701e+00 1.426770443995480253e+00
7.669533906781356158e-01 2.124589693642457089e+00 1.036923552169868756e+00 3.031301780506469701e+00 1.426770443995480253e+00
7.671534306861372832e-01 2.124589693642457089e+00 1.036923552169868756e+00 3.031301780506469701e+00 1.426770443995480253e+00
7.673534706941388395e-01 2.124589693642457089e+00 1.036923552169868756e+00 3.031301780506469701e+00 1.426770443995480253e+00
7.675535107021403958e-01 2.124589693642457089e+00 1.036923552169868756e+00 3.031301780506469701e+00 1.426770443995480253e+00
7.677535507101420631e-01 2.124589693642457089e+00 1.036923552169868756e+00 3.031301780506469701e+00 1.426770443995480253e+00
7.679535907181436194e-01 2.124589693642457089e+00 1.036923552169868756e+00 3.031301780506469701e+00 1.426770443995480253e+00
7.681536307261451757e-01 2.124589693642457089e+00 1.036923552169868756e+00 3.031301780506469701e+00 1.426770443995480253e+00
7.683536707341468430e-01 2.124589693642457089e+00 1.036923552169868756e+00 3.031301780506469701e+00 1.426770443995480253e+00
7.685537107421483993e-01 2.124589693642457089e+00 1.036923552169868756e+00 3.031301780506469701e+00 1.426770443995480253e+00
7.687537507501500667e-01 2.124589693642457089e+00 1.036923552169868756e+00 3.031301780506469701e+00 1.426770443995480253e+00
7.689537907581516230e-01 2.124589693642457089e+00 1.036923552169868756e+00 3.031301780506469701e+00 1.426770443995480253e+00
7.691538307661531793e-01 2.124589693642457089e+00 1.036923552169868756e+00 3.031301780506469701e+00 1.426770443995480253e+00
7.693538707741548466e-01 2.124589693642457089e+00 1.036923552169868756e+00 3.031301780506469701e+00 1.426770443995480253e+00
7.695539107821564029e-01 2.124589693642457089e+00 1.036923552169868756e+00 3.031301780506469701e+00 1.426770443995480253e+00
7.697539507901580702e-01 2.124589693642457089e+00 1.036923552169868756e+00 3.031301780506469701e+00 1.426770443995480253e+00
7.699539907981596265e-01 2.124589693642457089e+00 1.036923552169868756e+00 3.031301780506469701e+00 1.426770443995480253e+00
7.701540308061611828e-01 2.124589693642457089e+00 1.036923552169868756e+00 3.031301780506469701e+00 1.426770443995480253e+00
7.703540708141628501e-01 2.124589693642457089e+00 1.036923552169868756e+00 3.031301780506469701e+00 1.426770443995480253e+00
7.705541108221644064e-01 2.124589693642457089e+00 1.036923552169868756e+00 3.031301780506469701e+00 1.426770443995480253e+00
7.707541508301660738e-01 2.124589693642457089e+00 1.036923552169868756e+00 3.031301780506469701e+00 1.426770443995480253e+00
7.709541908381676301e-01 2.124589693642457089e+00 1.036923552169868756e+00 3.031301780506469701e+00 1.426770443995480253e+00
7.711542308461691864e-01 2.124589693642457089e+00 1.036923552169868756e+00 3.031301780506469701e+00 1.426770443995480253e+00
7.713542708541708537e-01 2.124589693642457089e+00 1.036923552169868756e+00 3.031301780506469701e+00 1.426770443995480253e+00
7.715543108621724100e-01 2.124589693642457089e+00 1.036923552169868756e+00 3.031301780506469701e+00 1.426770443995480253e+00
7.717543508701740773e-01 2.124589693642457089e+00 1.036923552169868756e+00 3.031301780506469701e+00 1.426770443995480253e+00
7.719543908781756336e-01 2.124589693642457089e+00 1.036923552169868756e+00 3.031301780506469701e+00 1.426770443995480253e+00
7.721544308861771899e-01 2.124589693642457089e+00 1.036923552169868756e+00 3.031301780506469701e+00 1.426770443995480253e+00
7.723544708941788572e-01 2.124589693642457089e+00 1.036923552169868756e+00 3.031301780506469701e+00 1.426770443995480253e+00
7.725545109021804135e-01 2.124589693642457089e+00 1.036923552169868756e+00 3.031301780506469701e+00 1.426770443995480253e+00
7.727545509101820809e-01 2.124589693642457089e+00 1.036923552169868756e+00 3.031301780506469701e+00 1.426770443995480253e+00
7.729545909181836372e-01 2.124589693642457089e+00 1.036923552169868756e+00 3.031301780506469701e+00 1.426770443995480253e+00
7.731546309261851935e-01 2.124589693642457089e+00 1.036923552169868756e+00 3.031301780506469701e+00 1.426770443995480253e+00
7.733546709341868608e-01 2.124589693642457089e+00 1.036923552169868756e+00 3.031301780506469701e+00 1.426770443995480253e+00
7.735547109421884171e-01 2.124589693642457089e+00 1.036923552169868756e+00 3.031301780506469701e+00 1.426770443995480253e+00
7.737547509501900844e-01 2.124589693642457089e+00 1.036923552169868756e+00 3.031301780506469701e+00 1.426770443995480253e+00
7.739547909581916407e-01 2.124589693642457089e+00 1.036923552169868756e+00 3.031301780506469701e+00 1.426770443995480253e+00
7.741548309661931970e-01 2.124589693642457089e+00 1.036923552169868756e+00 3.031301780506469701e+00 1.426770443995480253e+00
7.743548709741948644e-01 2.124589693642457089e+00 1.036923552169868756e+00 3.031301780506469701e+00 1.426770443995480253e+00
7.745549109821964207e-01 2.124589693642457089e+00 1.036923552169868756e+00 3.031301780506469701e+00 1.426770443995480253e+00
7.747549509901980880e-01 2.124589693642457089e+00 1.036923552169868756e+00 3.031301780506469701e+00 1.426770443995480253e+00
7.749549909981996443e-01 2.124589693642457089e+00 1.036923552169868756e+00 3.031301780506469701e+00 1.426770443995480253e+00
7.751550310062012006e-01 2.124589693642457089e+00 1.036923552169868756e+00 3.031301780506469701e+00 1.426770443995480253e+00
7.753550710142028679e-01 2.124589693642457089e+00 1.036923552169868756e+00 3.031301780506469701e+00 1.426770443995480253e+00
7.755551110222044242e-01 2.124589693642457089e+00 1.036923552169868756e+00 3.031301780506469701e+00 1.426770443995480253e+00
7.757551510302060915e-01 2.124589693642457089e+00 1.036923552169868756e+00 3.031301780506469701e+00 1.426770443995480253e+00
7.759551910382076478e-01 2.124589693642457089e+00 1.036923552169868756e+00 3.031301780506469701e+00 1.426770443995480253e+00
7.761552310462092041e-01 2.124589693642457089e+00 1.036923552169868756e+00 3.031301780506469701e+00 1.426770443995480253e+00
7.763552710542108715e-01 2.124589693642457089e+00 1.036923552169868756e+00 3.031301780506469701e+00 1.426770443995480253e+00
7.765553110622124278e-01 2.124589693642457089e+00 1.036923552169868756e+00 3.031301780506469701e+00 1.426770443995480253e+00
7.767553510702140951e-01 2.124589693642457089e+00 1.036923552169868756e+00 3.031301780506469701e+00 1.426770443995480253e+00
7.769553910782156514e-01 2.124589693642457089e+00 1.036923552169868756e+00 3.031301780506469701e+00 1.426770443995480253e+00
7.771554310862172077e-01 2.124589693642457089e+00 1.036923552169868756e+00 3.031301780506469701e+00 1.426770443995480253e+00
7.773554710942188750e-01 2.124589693642457089e+00 1.036923552169868756e+00 3.031301780506469701e+00 1.426770443995480253e+00
7.775555111022204313e-01 2.124589693642457089e+00 1.036923552169868756e+00 3.031301780506469701e+00 1.426770443995480253e+00
7.777555511102220986e-01 2.124589693642457089e+00 1.036923552169868756e+00 3.031301780506469701e+00 1.426770443995480253e+00
7.779555911182236549e-01 2.124589693642457089e+00 1.036923552169868756e+00 3.031301780506469701e+00 1.426770443995480253e+00
7.781556311262252112e-01 2.124589693642457089e+00 1.036923552169868756e+00 3.031301780506469701e+00 1.426770443995480253e+00
7.783556711342268786e-01 2.124589693642457089e+00 1.036923552169868756e+00 3.031301780506469701e+00 1.426770443995480253e+00
7.785557111422284349e-01 2.124589693642457089e+00 1.036923552169868756e+00 3.031301780506469701e+00 1.426770443995480253e+00
7.787557511502301022e-01 2.124589693642457089e+00 1.036923552169868756e+00 3.031301780506469701e+00 1.426770443995480253e+00
7.789557911582316585e-01 2.124589693642457089e+00 1.036923552169868756e+00 3.031301780506469701e+00 1.426770443995480253e+00
7.791558311662332148e-01 2.124589693642457089e+00 1.036923552169868756e+00 3.031301780506469701e+00 1.426770443995480253e+00
7.793558711742348821e-01 2.124589693642457089e+00 1.036923552169868756e+00 3.031301780506469701e+00 1.426770443995480253e+00
7.795559111822364384e-01 2.124589693642457089e+00 1.036923552169868756e+00 3.031301780506469701e+00 1.426770443995480253e+00
7.797559511902379947e-01 2.124589693642457089e+00 1.036923552169868756e+00 3.031301780506469701e+00 1.426770443995480253e+00
7.799559911982396621e-01 2.124589693642457089e+00 1.036923552169868756e+00 3.031301780506469701e+00 1.426770443995480253e+00
7.801560312062412184e-01 2.124589693642457089e+00 1.036923552169868756e+00 3.031301780506469701e+00 1.426770443995480253e+00
7.803560712142428857e-01 2.124589693642457089e+00 1.036923552169868756e+00 3.031301780506469701e+00 1.426770443995480253e+00
7.805561112222444420e-01 2.124589693642457089e+00 1.036923552169868756e+00 3.031301780506469701e+00 1.426770443995480253e+00
7.807561512302459983e-01 2.124589693642457089e+00 1.036923552169868756e+00 3.031301780506469701e+00 1.426770443995480253e+00
7.809561912382476656e-01 2.124589693642457089e+00 1.036923552169868756e+00 3.031301780506469701e+00 1.426770443995480253e+00
7.811562312462492219e-01 2.124589693642457089e+00 1.036923552169868756e+00 3.031301780506469701e+00 1.426770443995480253e+00
7.813562712542508892e-01 2.124589693642457089e+00 1.036923552169868756e+00 3.031301780506469701e+00 1.426770443995480253e+00
7.815563112622524455e-01 2.124589693642457089e+00 1.036923552169868756e+00 3.031301780506469701e+00 1.426770443995480253e+00
7.817563512702540018e-01 2.124589693642457089e+00 1.036923552169868756e+00 3.031301780506469701e+00 1.426770443995480253e+00
7.819563912782556692e-01 2.124589693642457089e+00 1.036923552169868756e+00 3.031301780506469701e+00 1.426770443995480253e+00
7.821564312862572255e-01 2.124589693642457089e+00 1.036923552169868756e+00 3.031301780506469701e+00 1.426770443995480253e+00
7.823564712942588928e-01 2.124589693642457089e+00 1.036923552169868756e+00 3.031301780506469701e+00 1.426770443995480253e+00
7.825565113022604491e-01 2.124589693642457089e+00 1.036923552169868756e+00 3.031301780506469701e+00 1.426770443995480253e+00
7.827565513102620054e-01 2.124589693642457089e+00 1.036923552169868756e+00 3.031301780506469701e+00 1.426770443995480253e+00
7.829565913182636727e-01 2.124589693642457089e+00 1.036923552169868756e+00 3.031301780506469701e+00 1.426770443995480253e+00
7.831566313262652290e-01 2.124589693642457089e+00 1.036923552169868756e+00 3.031301780506469701e+00 1.426770443995480253e+00
7.833566713342668963e-01 2.124589693642457089e+00 1.036923552169868756e+00 3.031301780506469701e+00 1.426770443995480253e+00
7.835567113422684526e-01 2.124589693642457089e+00 1.036923552169868756e+00 3.031301780506469701e+00 1.426770443995480253e+00
7.837567513502700089e-01 2.124589693642457089e+00 1.036923552169868756e+00 3.031301780506469701e+00 1.426770443995480253e+00
7.839567913582716763e-01 2.124589693642457089e+00 1.036923552169868756e+00 3.031301780506469701e+00 1.426770443995480253e+00
7.841568313662732326e-01 2.124589693642457089e+00 1.036923552169868756e+00 3.031301780506469701e+00 1.426770443995480253e+00
7.843568713742748999e-01 2.124589693642457089e+00 1.036923552169868756e+00 3.031301780506469701e+00 1.426770443995480253e+00
7.845569113822764562e-01 2.124589693642457089e+00 1.036923552169868756e+00 3.031301780506469701e+00 1.426770443995480253e+00
7.847569513902780125e-01 2.124589693642457089e+00 1.036923552169868756e+00 3.031301780506469701e+00 1.426770443995480253e+00
7.849569913982796798e-01 2.124589693642457089e+00 1.036923552169868756e+00 3.031301780506469701e+00 1.426770443995480253e+00
7.851570314062812361e-01 2.124589693642457089e+00 1.036923552169868756e+00 3.031301780506469701e+00 1.426770443995480253e+00
7.853570714142829035e-01 2.124589693642457089e+00 1.036923552169868756e+00 3.031301780506469701e+00 1.426770443995480253e+00
7.855571114222844598e-01 2.124589693642457089e+00 1.036923552169868756e+00 3.031301780506469701e+00 1.426770443995480253e+00
7.857571514302860161e-01 2.124589693642457089e+00 1.036923552169868756e+00 3.031301780506469701e+00 1.426770443995480253e+00
7.859571914382876834e-01 2.124589693642457089e+00 1.036923552169868756e+00 3.031301780506469701e+00 1.426770443995480253e+00
7.861572314462892397e-01 2.124589693642457089e+00 1.036923552169868756e+00 3.031301780506469701e+00 1.426770443995480253e+00
7.863572714542909070e-01 2.124589693642457089e+00 1.036923552169868756e+00 3.031301780506469701e+00 1.426770443995480253e+00
7.865573114622924633e-01 2.124589693642457089e+00 1.036923552169868756e+00 3.031301780506469701e+00 1.426770443995480253e+00
7.867573514702940196e-01 2.124589693642457089e+00 1.036923552169868756e+00 3.031301780506469701e+00 1.426770443995480253e+00
7.869573914782956869e-01 2.124589693642457089e+00 1.036923552169868756e+00 3.031301780506469701e+00 1.426770443995480253e+00
7.871574314862972432e-01 2.124589693642457089e+00 1.036923552169868756e+00 3.031301780506469701e+00 1.426770443995480253e+00
7.873574714942989106e-01 2.124589693642457089e+00 1.036923552169868756e+00 3.031301780506469701e+00 1.426770443995480253e+00
7.875575115023004669e-01 2.124589693642457089e+00 1.036923552169868756e+00 3.031301780506469701e+00 1.426770443995480253e+00
7.877575515103020232e-01 2.124589693642457089e+00 1.036923552169868756e+00 3.031301780506469701e+00 1.426770443995480253e+00
7.879575915183036905e-01 2.124589693642457089e+00 1.036923552169868756e+00 3.031301780506469701e+00 1.426770443995480253e+00
7.881576315263052468e-01 2.124589693642457089e+00 1.036923552169868756e+00 3.031301780506469701e+00 1.426770443995480253e+00
7.883576715343069141e-01 2.124589693642457089e+00 1.036923552169868756e+00 3.031301780506469701e+00 1.426770443995480253e+00
7.885577115423084704e-01 2.124589693642457089e+00 1.036923552169868756e+00 3.031301780506469701e+00 1.426770443995480253e+00
7.887577515503100267e-01 2.124589693642457089e+00 1.036923552169868756e+00 3.031301780506469701e+00 1.426770443995480253e+00
7.889577915583116940e-01 2.124589693642457089e+00 1.036923552169868756e+00 3.031301780506469701e+00 1.426770443995480253e+00
7.891578315663132503e-01 2.124589693642457089e+00 1.036923552169868756e+00 3.031301780506469701e+00 1.426770443995480253e+00
7.893578715743149177e-01 2.124589693642457089e+00 1.036923552169868756e+00 3.031301780506469701e+00 1.426770443995480253e+00
7.895579115823164740e-01 2.124589693642457089e+00 1.036923552169868756e+00 3.031301780506469701e+00 1.426770443995480253e+00
7.897579515903180303e-01 2.124589693642457089e+00 1.036923552169868756e+00 3.031301780506469701e+00 1.426770443995480253e+00
7.899579915983196976e-01 2.124589693642457089e+00 1.036923552169868756e+00 3.031301780506469701e+00 1.426770443995480253e+00
7.901580316063212539e-01 2.124589693642457089e+00 1.036923552169868756e+00 3.031301780506469701e+00 1.426770443995480253e+00
7.903580716143229212e-01 2.124589693642457089e+00 1.036923552169868756e+00 3.031301780506469701e+00 1.426770443995480253e+00
7.905581116223244775e-01 2.124589693642457089e+00 1.036923552169868756e+00 3.031301780506469701e+00 1.426770443995480253e+00
7.907581516303260338e-01 2.124589693642457089e+00 1.036923552169868756e+00 3.031301780506469701e+00 1.426770443995480253e+00
7.909581916383277012e-01 2.124589693642457089e+00 1.036923552169868756e+00 3.031301780506469701e+00 1.426770443995480253e+00
7.911582316463292575e-01 2.124589693642457089e+00 1.036923552169868756e+00 3.031301780506469701e+00 1.426770443995480253e+00
7.913582716543308138e-01 2.124589693642457089e+00 1.036923552169868756e+00 3.031301780506469701e+00 1.426770443995480253e+00
7.915583116623324811e-01 2.124589693642457089e+00 1.036923552169868756e+00 3.031301780506469701e+00 1.426770443995480253e+00
7.917583516703340374e-01 2.124589693642457089e+00 1.036923552169868756e+00 3.031301780506469701e+00 1.426770443995480253e+00
7.919583916783357047e-01 2.124589693642457089e+00 1.036923552169868756e+00 3.031301780506469701e+00 1.426770443995480253e+00
7.921584316863372610e-01 2.124589693642457089e+00 1.036923552169868756e+00 3.031301780506469701e+00 1.426770443995480253e+00
7.923584716943388173e-01 2.124589693642457089e+00 1.036923552169868756e+00 3.031301780506469701e+00 1.426770443995480253e+00
7.925585117023404846e-01 2.124589693642457089e+00 1.036923552169868756e+00 3.031301780506469701e+00 1.426770443995480253e+00
7.927585517103420409e-01 2.124589693642457089e+00 1.036923552169868756e+00 3.031301780506469701e+00 1.426770443995480253e+00
7.929585917183437083e-01 2.124589693642457089e+00 1.036923552169868756e+00 3.031301780506469701e+00 1.426770443995480253e+00
7.931586317263452646e-01 2.124589693642457089e+00 1.036923552169868756e+00 3.031301780506469701e+00 1.426770443995480253e+00
7.933586717343468209e-01 2.124589693642457089e+00 1.036923552169868756e+00 3.031301780506469701e+00 1.426770443995480253e+00
7.935587117423484882e-01 2.124589693642457089e+00 1.036923552169868756e+00 3.031301780506469701e+00 1.426770443995480253e+00
7.937587517503500445e-01 2.124589693642457089e+00 1.036923552169868756e+00 3.031301780506469701e+00 1.426770443995480253e+00
7.939587917583517118e-01 1.000000000000000000e+00 0.000000000000000000e+00 1.000000000000000000e+00 1.000000000000000000e+00
7.941588317663532681e-01 1.000000000000000000e+00 0.000000000000000000e+00 1.000000000000000000e+00 1.000000000000000000e+00
7.943588717743548244e-01 1.000000000000000000e+00 0.000000000000000000e+00 1.000000000000000000e+00 1.000000000000000000e+00
7.945589117823564917e-01 1.000000000000000000e+00 0.000000000000000000e+00 1.000000000000000000e+00 1.000000000000000000e+00
7.947589517903580481e-01 1.000000000000000000e+00 0.000000000000000000e+00 1.000000000000000000e+00 1.000000000000000000e+00
7.949589917983597154e-01 1.000000000000000000e+00 0.000000000000000000e+00 1.000000000000000000e+00 1.000000000000000000e+00
7.951590318063612717e-01 1.000000000000000000e+00 0.000000000000000000e+00 1.000000000000000000e+00 1.000000000000000000e+00
7.953590718143628280e-01 1.000000000000000000e+00 0.000000000000000000e+00 1.000000000000000000e+00 1.000000000000000000e+00
7.955591118223644953e-01 1.000000000000000000e+00 0.000000000000000000e+00 1.000000000000000000e+00 1.000000000000000000e+00
7.957591518303660516e-01 1.000000000000000000e+00 0.000000000000000000e+00 1.000000000000000000e+00 1.000000000000000000e+00
7.959591918383677189e-01 1.000000000000000000e+00 0.000000000000000000e+00 1.000000000000000000e+00 1.000000000000000000e+00
7.961592318463692752e-01 1.000000000000000000e+00 0.000000000000000000e+00 1.000000000000000000e+00 1.000000000000000000e+00
7.963592718543708315e-01 1.000000000000000000e+00 0.000000000000000000e+00 1.000000000000000000e+00 1.000000000000000000e+00
7.965593118623724989e-01 1.000000000000000000e+00 0.000000000000000000e+00 1.000000000000000000e+00 1.000000000000000000e+00
7.967593518703740552e-01 1.000000000000000000e+00 0.000000000000000000e+00 1.000000000000000000e+00 1.000000000000000000e+00
7.969593918783757225e-01 1.000000000000000000e+00 0.000000000000000000e+00 1.000000000000000000e+00 1.000000000000000000e+00
7.971594318863772788e-01 1.000000000000000000e+00 0.000000000000000000e+00 1.000000000000000000e+00 1.000000000000000000e+00
7.973594718943788351e-01 1.000000000000000000e+00 0.000000000000000000e+00 1.000000000000000000e+00 1.000000000000000000e+00
7.975595119023805024e-01 1.000000000000000000e+00 0.000000000000000000e+00 1.000000000000000000e+00 1.000000000000000000e+00
7.977595519103820587e-01 1.000000000000000000e+00 0.000000000000000000e+00 1.000000000000000000e+00 1.000000000000000000e+00
7.979595919183837260e-01 1.000000000000000000e+00 0.000000000000000000e+00 1.000000000000000000e+00 1.000000000000000000e+00
7.981596319263852823e-01 1.000000000000000000e+00 0.000000000000000000e+00 1.000000000000000000e+00 1.000000000000000000e+00
7.983596719343868386e-01 1.000000000000000000e+00 0.000000000000000000e+00 1.000000000000000000e+00 1.000000000000000000e+00
7.985597119423885060e-01 1.000000000000000000e+00 0.000000000000000000e+00 1.000000000000000000e+00 1.000000000000000000e+00
7.987597519503900623e-01 1.000000000000000000e+00 0.000000000000000000e+00 1.000000000000000000e+00 1.000000000000000000e+00
7.989597919583917296e-01 1.000000000000000000e+00 0.000000000000000000e+00 1.000000000000000000e+00 1.000000000000000000e+00
7.991598319663932859e-01 1.000000000000000000e+00 0.000000000000000000e+00 1.000000000000000000e+00 1.000000000000000000e+00
7.993598719743948422e-01 1.000000000000000000e+00 0.000000000000000000e+00 1.000000000000000000e+00 1.000000000000000000e+00
7.995599119823965095e-01 1.000000000000000000e+00 0.000000000000000000e+00 1.000000000000000000e+00 1.000000000000000000e+00
7.997599519903980658e-01 1.000000000000000000e+00 0.000000000000000000e+00 1.000000000000000000e+00 1.000000000000000000e+00
7.999599919983997331e-01 1.000000000000000000e+00 0.000000000000000000e+00 1.000000000000000000e+00 1.000000000000000000e+00
8.001600320064012895e-01 1.000000000000000000e+00 0.000000000000000000e+00 1.000000000000000000e+00 1.000000000000000000e+00
8.003600720144028458e-01 1.000000000000000000e+00 0.000000000000000000e+00 1.000000000000000000e+00 1.000000000000000000e+00
8.005601120224045131e-01 1.000000000000000000e+00 0.000000000000000000e+00 1.000000000000000000e+00 1.000000000000000000e+00
8.007601520304060694e-01 1.000000000000000000e+00 0.000000000000000000e+00 1.000000000000000000e+00 1.000000000000000000e+00
8.009601920384077367e-01 1.000000000000000000e+00 0.000000000000000000e+00 1.000000000000000000e+00 1.000000000000000000e+00
8.011602320464092930e-01 1.000000000000000000e+00 0.000000000000000000e+00 1.000000000000000000e+00 1.000000000000000000e+00
8.013602720544108493e-01 1.000000000000000000e+00 0.000000000000000000e+00 1.000000000000000000e+00 1.000000000000000000e+00
8.015603120624125166e-01 1.000000000000000000e+00 0.000000000000000000e+00 1.000000000000000000e+00 1.000000000000000000e+00
8.017603520704140729e-01 1.000000000000000000e+00 0.000000000000000000e+00 1.000000000000000000e+00 1.000000000000000000e+00
8.019603920784157403e-01 1.000000000000000000e+00 0.000000000000000000e+00 1.000000000000000000e+00 1.000000000000000000e+00
8.021604320864172966e-01 1.000000000000000000e+00 0.000000000000000000e+00 1.000000000000000000e+00 1.000000000000000000e+00
8.023604720944188529e-01 1.000000000000000000e+00 0.000000000000000000e+00 1.000000000000000000e+00 1.000000000000000000e+00
8.025605121024205202e-01 1.000000000000000000e+00 0.000000000000000000e+00 1.000000000000000000e+00 1.000000000000000000e+00
8.027605521104220765e-01 1.000000000000000000e+00 0.000000000000000000e+00 1.000000000000000000e+00 1.000000000000000000e+00
8.029605921184236328e-01 1.000000000000000000e+00 0.000000000000000000e+00 1.000000000000000000e+00 1.000000000000000000e+00
8.031606321264253001e-01 1.000000000000000000e+00 0.000000000000000000e+00 1.000000000000000000e+00 1.000000000000000000e+00
8.033606721344268564e-01 1.000000000000000000e+00 0.000000000000000000e+00 1.000000000000000000e+00 1.000000000000000000e+00
8.035607121424285237e-01 1.000000000000000000e+00 0.000000000000000000e+00 1.000000000000000000e+00 1.000000000000000000e+00
8.037607521504300800e-01 1.000000000000000000e+00 0.000000000000000000e+00 1.000000000000000000e+00 1.000000000000000000e+00
8.039607921584316363e-01 1.000000000000000000e+00 0.000000000000000000e+00 1.000000000000000000e+00 1.000000000000000000e+00
8.041608321664333037e-01 1.000000000000000000e+00 0.000000000000000000e+00 1.000000000000000000e+00 1.000000000000000000e+00
8.043608721744348600e-01 1.000000000000000000e+00 0.000000000000000000e+00 1.000000000000000000e+00 1.000000000000000000e+00
8.045609121824365273e-01 1.000000000000000000e+00 0.000000000000000000e+00 1.000000000000000000e+00 1.000000000000000000e+00
8.047609521904380836e-01 1.000000000000000000e+00 0.000000000000000000e+00 1.000000000000000000e+00 1.000000000000000000e+00
8.049609921984396399e-01 1.000000000000000000e+00 0.000000000000000000e+00 1.000000000000000000e+00 1.000000000000000000e+00
8.051610322064413072e-01 1.000000000000000000e+00 0.000000000000000000e+00 1.000000000000000000e+00 1.000000000000000000e+00
8.053610722144428635e-01 1.000000000000000000e+00 0.000000000000000000e+00 1.000000000000000000e+00 1.000000000000000000e+00
8.055611122224445309e-01 1.000000000000000000e+00 0.000000000000000000e+00 1.000000000000000000e+00 1.000000000000000000e+00
8.057611522304460872e-01 1.000000000000000000e+00 0.000000000000000000e+00 1.000000000000000000e+00 1.000000000000000000e+00
8.059611922384476435e-01 1.000000000000000000e+00 0.000000000000000000e+00 1.000000000000000000e+00 1.000000000000000000e+00
8.061612322464493108e-01 1.000000000000000000e+00 0.000000000000000000e+00 1.000000000000000000e+00 1.000000000000000000e+00
8.063612722544508671e-01 1.000000000000000000e+00 0.000000000000000000e+00 1.000000000000000000e+00 1.000000000000000000e+00
8.065613122624525344e-01 1.000000000000000000e+00 0.000000000000000000e+00 1.000000000000000000e+00 1.000000000000000000e+00
8.067613522704540907e-01 1.000000000000000000e+00 0.000000000000000000e+00 1.000000000000000000e+00 1.000000000000000000e+00
8.069613922784556470e-01 1.000000000000000000e+00 0.000000000000000000e+00 1.000000000000000000e+00 1.000000000000000000e+00
8.071614322864573143e-01 1.000000000000000000e+00 0.000000000000000000e+00 1.000000000000000000e+00 1.000000000000000000e+00
8.073614722944588706e-01 1.000000000000000000e+00 0.000000000000000000e+00 1.000000000000000000e+00 1.000000000000000000e+00
8.075615123024605380e-01 1.000000000000000000e+00 0.000000000000000000e+00 1.000000000000000000e+00 1.000000000000000000e+00
8.077615523104620943e-01 1.000000000000000000e+00 0.000000000000000000e+00 1.000000000000000000e+00 1.000000000000000000e+00
8.079615923184636506e-01 1.000000000000000000e+00 0.000000000000000000e+00 1.000000000000000000e+00 1.000000000000000000e+00
8.081616323264653179e-01 1.000000000000000000e+00 0.000000000000000000e+00 1.000000000000000000e+00 1.000000000000000000e+00
8.083616723344668742e-01 1.000000000000000000e+00 0.000000000000000000e+00 1.000000000000000000e+00 1.000000000000000000e+00
8.085617123424685415e-01 1.000000000000000000e+00 0.000000000000000000e+00 1.000000000000000000e+00 1.000000000000000000e+00
8.087617523504700978e-01 1.000000000000000000e+00 0.000000000000000000e+00 1.000000000000000000e+00 1.000000000000000000e+00
8.089617923584716541e-01 1.000000000000000000e+00 0.000000000000000000e+00 1.000000000000000000e+00 1.000000000000000000e+00
8.091618323664733214e-01 1.000000000000000000e+00 0.000000000000000000e+00 1.000000000000000000e+00 1.000000000000000000e+00
8.093618723744748777e-01 1.000000000000000000e+00 0.000000000000000000e+00 1.000000000000000000e+00 1.000000000000000000e+00
8.095619123824765451e-01 1.000000000000000000e+00 0.000000000000000000e+00 1.000000000000000000e+00 1.000000000000000000e+00
8.097619523904781014e-01 1.000000000000000000e+00 0.000000000000000000e+00 1.000000000000000000e+00 1.000000000000000000e+00
8.099619923984796577e-01 1.000000000000000000e+00 0.000000000000000000e+00 1.000000000000000000e+00 1.000000000000000000e+00
8.101620324064813250e-01 1.000000000000000000e+00 0.000000000000000000e+00 1.000000000000000000e+00 1.000000000000000000e+00
8.103620724144828813e-01 1.000000000000000000e+00 0.000000000000000000e+00 1.000000000000000000e+00 1.000000000000000000e+00
8.105621124224845486e-01 1.000000000000000000e+00 0.000000000000000000e+00 1.000000000000000000e+00 1.000000000000000000e+00
8.107621524304861049e-01 1.000000000000000000e+00 0.000000000000000000e+00 1.000000000000000000e+00 1.000000000000000000e+00
8.109621924384876612e-01 1.000000000000000000e+00 0.000000000000000000e+00 1.000000000000000000e+00 1.000000000000000000e+00
8.111622324464893286e-01 1.000000000000000000e+00 0.000000000000000000e+00 1.000000000000000000e+00 1.000000000000000000e+00
8.113622724544908849e-01 1.000000000000000000e+00 0.000000000000000000e+00 1.000000000000000000e+00 1.000000000000000000e+00
8.115623124624925522e-01 1.000000000000000000e+00 0.000000000000000000e+00 1.000000000000000000e+00 1.000000000000000000e+00
8.117623524704941085e-01 1.000000000000000000e+00 0.000000000000000000e+00 1.000000000000000000e+00 1.000000000000000000e+00
8.119623924784956648e-01 1.000000000000000000e+00 0.000000000000000000e+00 1.000000000000000000e+00 1.000000000000000000e+00
8.121624324864973321e-01 1.000000000000000000e+00 0.000000000000000000e+00 1.000000000000000000e+00 1.000000000000000000e+00
8.123624724944988884e-01 1.000000000000000000e+00 0.000000000000000000e+00 1.000000000000000000e+00 1.000000000000000000e+00
8.125625125025005557e-01 1.000000000000000000e+00 0.000000000000000000e+00 1.000000000000000000e+00 1.000000000000000000e+00
8.127625525105021120e-01 1.000000000000000000e+00 0.000000000000000000e+00 1.000000000000000000e+00 1.000000000000000000e+00
8.129625925185036683e-01 1.000000000000000000e+00 0.000000000000000000e+00 1.000000000000000000e+00 1.000000000000000000e+00
8.131626325265053357e-01 1.000000000000000000e+00 0.000000000000000000e+00 1.000000000000000000e+00 1.000000000000000000e+00
8.133626725345068920e-01 1.000000000000000000e+00 0.000000000000000000e+00 1.000000000000000000e+00 1.000000000000000000e+00
8.135627125425085593e-01 1.000000000000000000e+00 0.000000000000000000e+00 1.000000000000000000e+00 1.000000000000000000e+00
8.137627525505101156e-01 1.000000000000000000e+00 0.000000000000000000e+00 1.000000000000000000e+00 1.000000000000000000e+00
8.139627925585116719e-01 1.000000000000000000e+00 0.000000000000000000e+00 1.000000000000000000e+00 1.000000000000000000e+00
8.141628325665133392e-01 1.000000000000000000e+00 0.000000000000000000e+00 1.000000000000000000e+00 1.000000000000000000e+00
8.143628725745148955e-01 1.000000000000000000e+00 0.000000000000000000e+00 1.000000000000000000e+00 1.000000000000000000e+00
8.145629125825164518e-01 1.000000000000000000e+00 0.000000000000000000e+00 1.000000000000000000e+00 1.000000000000000000e+00
8.147629525905181191e-01 1.000000000000000000e+00 0.000000000000000000e+00 1.000000000000000000e+00 1.000000000000000000e+00
8.149629925985196754e-01 1.000000000000000000e+00 0.000000000000000000e+00 1.000000000000000000e+00 1.000000000000000000e+00
8.151630326065213428e-01 1.000000000000000000e+00 0.000000000000000000e+00 1.000000000000000000e+00 1.000000000000000000e+00
8.153630726145228991e-01 1.000000000000000000e+00 0.000000000000000000e+00 1.000000000000000000e+00 1.000000000000000000e+00
8.155631126225244554e-01 1.000000000000000000e+00 0.000000000000000000e+00 1.000000000000000000e+00 1.000000000000000000e+00
8.157631526305261227e-01 1.000000000000000000e+00 0.000000000000000000e+00 1.000000000000000000e+00 1.000000000000000000e+00
8.159631926385276790e-01 1.000000000000000000e+00 0.000000000000000000e+00 1.000000000000000000e+00 1.000000000000000000e+00
8.161632326465293463e-01 1.000000000000000000e+00 0.000000000000000000e+00 1.000000000000000000e+00 1.000000000000000000e+00
8.163632726545309026e-01 1.000000000000000000e+00 0.000000000000000000e+00 1.000000000000000000e+00 1.000000000000000000e+00
8.165633126625324589e-01 1.000000000000000000e+00 0.000000000000000000e+00 1.000000000000000000e+00 1.000000000000000000e+00
8.167633526705341263e-01 1.000000000000000000e+00 0.000000000000000000e+00 1.000000000000000000e+00 1.000000000000000000e+00
8.169633926785356826e-01 1.000000000000000000e+00 0.000000000000000000e+00 1.000000000000000000e+00 1.000000000000000000e+00
8.171634326865373499e-01 1.000000000000000000e+00 0.000000000000000000e+00 1.000000000000000000e+00 1.000000000000000000e+00
8.173634726945389062e-01 1.000000000000000000e+00 0.000000000000000000e+00 1.000000000000000000e+00 1.000000000000000000e+00
8.175635127025404625e-01 1.000000000000000000e+00 0.000000000000000000e+00 1.000000000000000000e+00 1.000000000000000000e+00
8.177635527105421298e-01 1.000000000000000000e+00 0.000000000000000000e+00 1.000000000000000000e+00 1.000000000000000000e+00
8.179635927185436861e-01 1.000000000000000000e+00 0.000000000000000000e+00 1.000000000000000000e+00 1.000000000000000000e+00
8.181636327265453534e-01 1.000000000000000000e+00 0.000000000000000000e+00 1.000000000000000000e+00 1.000000000000000000e+00
8.183636727345469097e-01 1.000000000000000000e+00 0.000000000000000000e+00 1.000000000000000000e+00 1.000000000000000000e+00
8.185637127425484660e-01 1.000000000000000000e+00 0.000000000000000000e+00 1.000000000000000000e+00 1.000000000000000000e+00
8.187637527505501334e-01 1.000000000000000000e+00 0.000000000000000000e+00 1.000000000000000000e+00 1.000000000000000000e+00
8.189637927585516897e-01 1.000000000000000000e+00 0.000000000000000000e+00 1.000000000000000000e+00 1.000000000000000000e+00
8.191638327665533570e-01 1.000000000000000000e+00 0.000000000000000000e+00 1.000000000000000000e+00 1.000000000000000000e+00
8.193638727745549133e-01 1.000000000000000000e+00 0.000000000000000000e+00 1.000000000000000000e+00 1.000000000000000000e+00
8.195639127825564696e-01 1.000000000000000000e+00 0.000000000000000000e+00 1.000000000000000000e+00 1.000000000000000000e+00
8.197639527905581369e-01 1.000000000000000000e+00 0.000000000000000000e+00 1.000000000000000000e+00 1.000000000000000000e+00
8.199639927985596932e-01 1.000000000000000000e+00 0.000000000000000000e+00 1.000000000000000000e+00 1.000000000000000000e+00
8.201640328065613605e-01 1.000000000000000000e+00 0.000000000000000000e+00 1.000000000000000000e+00 1.000000000000000000e+00
8.203640728145629168e-01 1.000000000000000000e+00 0.000000000000000000e+00 1.000000000000000000e+00 1.000000000000000000e+00
8.205641128225644731e-01 1.000000000000000000e+00 0.000000000000000000e+00 1.000000000000000000e+00 1.000000000000000000e+00
8.207641528305661405e-01 1.000000000000000000e+00 0.000000000000000000e+00 1.000000000000000000e+00 1.000000000000000000e+00
8.209641928385676968e-01 1.000000000000000000e+00 0.000000000000000000e+00 1.000000000000000000e+00 1.000000000000000000e+00
8.211642328465693641e-01 1.000000000000000000e+00 0.000000000000000000e+00 1.000000000000000000e+00 1.000000000000000000e+00
8.213642728545709204e-01 1.000000000000000000e+00 0.000000000000000000e+00 1.000000000000000000e+00 1.000000000000000000e+00
8.215643128625724767e-01 1.000000000000000000e+00 0.000000000000000000e+00 1.000000000000000000e+00 1.000000000000000000e+00
8.217643528705741440e-01 1.000000000000000000e+00 0.000000000000000000e+00 1.000000000000000000e+00 1.000000000000000000e+00
8.219643928785757003e-01 1.000000000000000000e+00 0.000000000000000000e+00 1.000000000000000000e+00 1.000000000000000000e+00
8.221644328865773677e-01 1.000000000000000000e+00 0.000000000000000000e+00 1.000000000000000000e+00 1.000000000000000000e+00
8.223644728945789240e-01 1.000000000000000000e+00 0.000000000000000000e+00 1.000000000000000000e+00 1.000000000000000000e+00
8.225645129025804803e-01 1.000000000000000000e+00 0.000000000000000000e+00 1.000000000000000000e+00 1.000000000000000000e+00
8.227645529105821476e-01 1.000000000000000000e+00 0.000000000000000000e+00 1.000000000000000000e+00 1.000000000000000000e+00
8.229645929185837039e-01 1.000000000000000000e+00 0.000000000000000000e+00 1.000000000000000000e+00 1.000000000000000000e+00
8.231646329265853712e-01 1.000000000000000000e+00 0.000000000000000000e+00 1.000000000000000000e+00 1.000000000000000000e+00
8.233646729345869275e-01 1.000000000000000000e+00 0.000000000000000000e+00 1.000000000000000000e+00 1.000000000000000000e+00
8.235647129425884838e-01 1.000000000000000000e+00 0.000000000000000000e+00 1.000000000000000000e+00 1.000000000000000000e+00
8.237647529505901511e-01 1.000000000000000000e+00 0.000000000000000000e+00 1.000000000000000000e+00 1.000000000000000000e+00
8.239647929585917074e-01 1.000000000000000000e+00 0.000000000000000000e+00 1.000000000000000000e+00 1.000000000000000000e+00
8.241648329665933748e-01 1.000000000000000000e+00 0.000000000000000000e+00 1.000000000000000000e+00 1.000000000000000000e+00
8.243648729745949311e-01 1.000000000000000000e+00 0.000000000000000000e+00 1.000000000000000000e+00 1.000000000000000000e+00
8.245649129825964874e-01 1.000000000000000000e+00 0.000000000000000000e+00 1.000000000000000000e+00 1.000000000000000000e+00
8.247649529905981547e-01 1.000000000000000000e+00 0.000000000000000000e+00 1.000000000000000000e+00 1.000000000000000000e+00
8.249649929985997110e-01 1.000000000000000000e+00 0.000000000000000000e+00 1.000000000000000000e+00 1.000000000000000000e+00
8.251650330066012673e-01 1.000000000000000000e+00 0.000000000000000000e+00 1.000000000000000000e+00 1.000000000000000000e+00
8.253650730146029346e-01 1.000000000000000000e+00 0.000000000000000000e+00 1.000000000000000000e+00 1.000000000000000000e+00
8.255651130226044909e-01 1.000000000000000000e+00 0.000000000000000000e+00 1.000000000000000000e+00 1.000000000000000000e+00
8.257651530306061582e-01 1.000000000000000000e+00 0.000000000000000000e+00 1.000000000000000000e+00 1.000000000000000000e+00
8.259651930386077145e-01 1.000000000000000000e+00 0.000000000000000000e+00 1.000000000000000000e+00 1.000000000000000000e+00
8.261652330466092709e-01 1.000000000000000000e+00 0.000000000000000000e+00 1.000000000000000000e+00 1.000000000000000000e+00
8.263652730546109382e-01 1.000000000000000000e+00 0.000000000000000000e+00 1.000000000000000000e+00 1.000000000000000000e+00
8.265653130626124945e-01 1.000000000000000000e+00 0.000000000000000000e+00 1.000000000000000000e+00 1.000000000000000000e+00
8.267653530706141618e-01 1.000000000000000000e+00 0.000000000000000000e+00 1.000000000000000000e+00 1.000000000000000000e+00
8.269653930786157181e-01 1.000000000000000000e+00 0.000000000000000000e+00 1.000000000000000000e+00 1.000000000000000000e+00
8.271654330866172744e-01 1.000000000000000000e+00 0.000000000000000000e+00 1.000000000000000000e+00 1.000000000000000000e+00
8.273654730946189417e-01 1.000000000000000000e+00 0.000000000000000000e+00 1.000000000000000000e+00 1.000000000000000000e+00
8.275655131026204980e-01 1.000000000000000000e+00 0.000000000000000000e+00 1.000000000000000000e+00 1.000000000000000000e+00
8.277655531106221654e-01 1.000000000000000000e+00 0.000000000000000000e+00 1.000000000000000000e+00 1.000000000000000000e+00
8.279655931186237217e-01 1.000000000000000000e+00 0.000000000000000000e+00 1.000000000000000000e+00 1.000000000000000000e+00
8.281656331266252780e-01 1.000000000000000000e+00 0.000000000000000000e+00 1.000000000000000000e+00 1.000000000000000000e+00
8.283656731346269453e-01 1.000000000000000000e+00 0.000000000000000000e+00 1.000000000000000000e+00 1.000000000000000000e+00
8.285657131426285016e-01 1.000000000000000000e+00 0.000000000000000000e+00 1.000000000000000000e+00 1.000000000000000000e+00
8.287657531506301689e-01 1.000000000000000000e+00 0.000000000000000000e+00 1.000000000000000000e+00 1.000000000000000000e+00
8.289657931586317252e-01 1.000000000000000000e+00 0.000000000000000000e+00 1.000000000000000000e+00 1.000000000000000000e+00
8.291658331666332815e-01 1.000000000000000000e+00 0.000000000000000000e+00 1.000000000000000000e+00 1.000000000000000000e+00
8.293658731746349488e-01 1.000000000000000000e+00 0.000000000000000000e+00 1.000000000000000000e+00 1.000000000000000000e+00
8.295659131826365051e-01 1.000000000000000000e+00 0.000000000000000000e+00 1.000000000000000000e+00 1.000000000000000000e+00
8.297659531906381725e-01 1.000000000000000000e+00 0.000000000000000000e+00 1.000000000000000000e+00 1.000000000000000000e+00
8.299659931986397288e-01 1.000000000000000000e+00 0.000000000000000000e+00 1.000000000000000000e+00 1.000000000000000000e+00
8.301660332066412851e-01 1.000000000000000000e+00 0.000000000000000000e+00 1.000000000000000000e+00 1.000000000000000000e+00
8.303660732146429524e-01 1.000000000000000000e+00 0.000000000000000000e+00 1.000000000000000000e+00 1.000000000000000000e+00
8.305661132226445087e-01 1.000000000000000000e+00 0.000000000000000000e+00 1.000000000000000000e+00 1.000000000000000000e+00
8.307661532306461760e-01 1.000000000000000000e+00 0.000000000000000000e+00 1.000000000000000000e+00 1.000000000000000000e+00
8.309661932386477323e-01 1.000000000000000000e+00 0.000000000000000000e+00 1.000000000000000000e+00 1.000000000000000000e+00
8.311662332466492886e-01 1.000000000000000000e+00 0.000000000000000000e+00 1.000000000000000000e+00 1.000000000000000000e+00
8.313662732546509559e-01 1.000000000000000000e+00 0.000000000000000000e+00 1.000000000000000000e+00 1.000000000000000000e+00
8.315663132626525123e-01 1.000000000000000000e+00 0.000000000000000000e+00 1.000000000000000000e+00 1.000000000000000000e+00
8.317663532706541796e-01 1.000000000000000000e+00 0.000000000000000000e+00 1.000000000000000000e+00 1.000000000000000000e+00
8.319663932786557359e-01 1.000000000000000000e+00 0.000000000000000000e+00 1.000000000000000000e+00 1.000000000000000000e+00
8.321664332866572922e-01 1.000000000000000000e+00 0.000000000000000000e+00 1.000000000000000000e+00 1.000000000000000000e+00
8.323664732946589595e-01 1.000000000000000000e+00 0.000000000000000000e+00 1.000000000000000000e+00 1.000000000000000000e+00
8.325665133026605158e-01 1.000000000000000000e+00 0.000000000000000000e+00 1.000000000000000000e+00 1.000000000000000000e+00
8.327665533106621831e-01 1.000000000000000000e+00 0.000000000000000000e+00 1.000000000000000000e+00 1.000000000000000000e+00
8.329665933186637394e-01 1.000000000000000000e+00 0.000000000000000000e+00 1.000000000000000000e+00 1.000000000000000000e+00
8.331666333266652957e-01 1.000000000000000000e+00 0.000000000000000000e+00 1.000000000000000000e+00 1.000000000000000000e+00
8.333666733346669631e-01 1.000000000000000000e+00 0.000000000000000000e+00 1.000000000000000000e+00 1.000000000000000000e+00
8.335667133426685194e-01 1.000000000000000000e+00 0.000000000000000000e+00 1.000000000000000000e+00 1.000000000000000000e+00
8.337667533506701867e-01 1.000000000000000000e+00 0.000000000000000000e+00 1.000000000000000000e+00 1.000000000000000000e+00
8.339667933586717430e-01 1.000000000000000000e+00 0.000000000000000000e+00 1.000000000000000000e+00 1.000000000000000000e+00
8.341668333666732993e-01 1.000000000000000000e+00 0.000000000000000000e+00 1.000000000000000000e+00 1.000000000000000000e+00
8.343668733746749666e-01 1.000000000000000000e+00 0.000000000000000000e+00 1.000000000000000000e+00 1.000000000000000000e+00
8.345669133826765229e-01 1.000000000000000000e+00 0.000000000000000000e+00 1.000000000000000000e+00 1.000000000000000000e+00
8.347669533906781902e-01 1.000000000000000000e+00 0.000000000000000000e+00 1.000000000000000000e+00 1.000000000000000000e+00
8.349669933986797465e-01 1.000000000000000000e+00 0.000000000000000000e+00 1.000000000000000000e+00 1.000000000000000000e+00
8.351670334066813028e-01 1.000000000000000000e+00 0.000000000000000000e+00 1.000000000000000000e+00 1.000000000000000000e+00
8.353670734146829702e-01 1.000000000000000000e+00 0.000000000000000000e+00 1.000000000000000000e+00 1.000000000000000000e+00
8.355671134226845265e-01 1.000000000000000000e+00 0.000000000000000000e+00 1.000000000000000000e+00 1.000000000000000000e+00
8.357671534306861938e-01 1.000000000000000000e+00 0.000000000000000000e+00 1.000000000000000000e+00 1.000000000000000000e+00
8.359671934386877501e-01 1.000000000000000000e+00 0.000000000000000000e+00 1.000000000000000000e+00 1.000000000000000000e+00
8.361672334466893064e-01 1.000000000000000000e+00 0.000000000000000000e+00 1.000000000000000000e+00 1.000000000000000000e+00
8.363672734546909737e-01 1.000000000000000000e+00 0.000000000000000000e+00 1.000000000000000000e+00 1.000000000000000000e+00
8.365673134626925300e-01 1.000000000000000000e+00 0.000000000000000000e+00 1.000000000000000000e+00 1.000000000000000000e+00
8.367673534706940863e-01 1.000000000000000000e+00 0.000000000000000000e+00 1.000000000000000000e+00 1.000000000000000000e+00
8.369673934786957537e-01 1.000000000000000000e+00 0.000000000000000000e+00 1.000000000000000000e+00 1.000000000000000000e+00
8.371674334866973100e-01 1.000000000000000000e+00 0.000000000000000000e+00 1.000000000000000000e+00 1.000000000000000000e+00
8.373674734946989773e-01 1.000000000000000000e+00 0.000000000000000000e+00 1.000000000000000000e+00 1.000000000000000000e+00
8.375675135027005336e-01 1.000000000000000000e+00 0.000000000000000000e+00 1.000000000000000000e+00 1.000000000000000000e+00
8.377675535107020899e-01 1.000000000000000000e+00 0.000000000000000000e+00 1.000000000000000000e+00 1.000000000000000000e+00
8.379675935187037572e-01 1.000000000000000000e+00 0.000000000000000000e+00 1.000000000000000000e+00 1.000000000000000000e+00
8.381676335267053135e-01 1.000000000000000000e+00 0.000000000000000000e+00 1.000000000000000000e+00 1.000000000000000000e+00
8.383676735347069808e-01 1.000000000000000000e+00 0.000000000000000000e+00 1.000000000000000000e+00 1.000000000000000000e+00
8.385677135427085371e-01 1.000000000000000000e+00 0.000000000000000000e+00 1.000000000000000000e+00 1.000000000000000000e+00
8.387677535507100934e-01 1.000000000000000000e+00 0.000000000000000000e+00 1.000000000000000000e+00 1.000000000000000000e+00
8.389677935587117608e-01 1.000000000000000000e+00 0.000000000000000000e+00 1.000000000000000000e+00 1.000000000000000000e+00
8.391678335667133171e-01 1.000000000000000000e+00 0.000000000000000000e+00 1.000000000000000000e+00 1.000000000000000000e+00
8.393678735747149844e-01 1.000000000000000000e+00 0.000000000000000000e+00 1.000000000000000000e+00 1.000000000000000000e+00
8.395679135827165407e-01 1.000000000000000000e+00 0.000000000000000000e+00 1.000000000000000000e+00 1.000000000000000000e+00
8.397679535907180970e-01 1.000000000000000000e+00 0.000000000000000000e+00 1.000000000000000000e+00 1.000000000000000000e+00
8.399679935987197643e-01 1.000000000000000000e+00 0.000000000000000000e+00 1.000000000000000000e+00 1.000000000000000000e+00
8.401680336067213206e-01 1.000000000000000000e+00 0.000000000000000000e+00 1.000000000000000000e+00 1.000000000000000000e+00
8.403680736147229879e-01 1.000000000000000000e+00 0.000000000000000000e+00 1.000000000000000000e+00 1.000000000000000000e+00
8.405681136227245442e-01 1.000000000000000000e+00 0.000000000000000000e+00 1.000000000000000000e+00 1.000000000000000000e+00
8.407681536307261005e-01 1.000000000000000000e+00 0.000000000000000000e+00 1.000000000000000000e+00 1.000000000000000000e+00
8.409681936387277679e-01 1.000000000000000000e+00 0.000000000000000000e+00 1.000000000000000000e+00 1.000000000000000000e+00
8.411682336467293242e-01 1.000000000000000000e+00 0.000000000000000000e+00 1.000000000000000000e+00 1.000000000000000000e+00
8.413682736547309915e-01 1.000000000000000000e+00 0.000000000000000000e+00 1.000000000000000000e+00 1.000000000000000000e+00
8.415683136627325478e-01 1.000000000000000000e+00 0.000000000000000000e+00 1.000000000000000000e+00 1.000000000000000000e+00
8.417683536707341041e-01 1.000000000000000000e+00 0.000000000000000000e+00 1.000000000000000000e+00 1.000000000000000000e+00
8.419683936787357714e-01 1.000000000000000000e+00 0.000000000000000000e+00 1.000000000000000000e+00 1.000000000000000000e+00
8.421684336867373277e-01 1.000000000000000000e+00 0.000000000000000000e+00 1.000000000000000000e+00 1.000000000000000000e+00
8.423684736947389951e-01 1.000000000000000000e+00 0.000000000000000000e+00 1.000000000000000000e+00 1.000000000000000000e+00
8.425685137027405514e-01 1.000000000000000000e+00 0.000000000000000000e+00 1.000000000000000000e+00 1.000000000000000000e+00
8.427685537107421077e-01 1.000000000000000000e+00 0.000000000000000000e+00 1.000000000000000000e+00 1.000000000000000000e+00
8.429685937187437750e-01 1.000000000000000000e+00 0.000000000000000000e+00 1.000000000000000000e+00 1.000000000000000000e+00
8.431686337267453313e-01 1.000000000000000000e+00 0.000000000000000000e+00 1.000000000000000000e+00 1.000000000000000000e+00
8.433686737347469986e-01 1.000000000000000000e+00 0.000000000000000000e+00 1.000000000000000000e+00 1.000000000000000000e+00
8.435687137427485549e-01 1.000000000000000000e+00 0.000000000000000000e+00 1.000000000000000000e+00 1.000000000000000000e+00
8.437687537507501112e-01 1.000000000000000000e+00 0.000000000000000000e+00 1.000000000000000000e+00 1.000000000000000000e+00
8.439687937587517785e-01 1.000000000000000000e+00 0.000000000000000000e+00 1.000000000000000000e+00 1.000000000000000000e+00
8.441688337667533348e-01 1.000000000000000000e+00 0.000000000000000000e+00 1.000000000000000000e+00 1.000000000000000000e+00
8.443688737747550022e-01 1.000000000000000000e+00 0.000000000000000000e+00 1.000000000000000000e+00 1.000000000000000000e+00
8.445689137827565585e-01 1.000000000000000000e+00 0.000000000000000000e+00 1.000000000000000000e+00 1.000000000000000000e+00
8.447689537907581148e-01 1.000000000000000000e+00 0.000000000000000000e+00 1.000000000000000000e+00 1.000000000000000000e+00
8.449689937987597821e-01 1.000000000000000000e+00 0.000000000000000000e+00 1.000000000000000000e+00 1.000000000000000000e+00
8.451690338067613384e-01 1.000000000000000000e+00 0.000000000000000000e+00 1.000000000000000000e+00 1.000000000000000000e+00
8.453690738147630057e-01 1.000000000000000000e+00 0.000000000000000000e+00 1.000000000000000000e+00 1.000000000000000000e+00
8.455691138227645620e-01 1.000000000000000000e+00 0.000000000000000000e+00 1.000000000000000000e+00 1.000000000000000000e+00
8.457691538307661183e-01 1.000000000000000000e+00 0.000000000000000000e+00 1.000000000000000000e+00 1.000000000000000000e+00
8.459691938387677856e-01 1.000000000000000000e+00 0.000000000000000000e+00 1.000000000000000000e+00 1.000000000000000000e+00
8.461692338467693419e-01 1.000000000000000000e+00 0.000000000000000000e+00 1.000000000000000000e+00 1.000000000000000000e+00
8.463692738547710093e-01 1.000000000000000000e+00 0.000000000000000000e+00 1.000000000000000000e+00 1.000000000000000000e+00
8.465693138627725656e-01 1.000000000000000000e+00 0.000000000000000000e+00 1.000000000000000000e+00 1.000000000000000000e+00
8.467693538707741219e-01 1.000000000000000000e+00 0.000000000000000000e+00 1.000000000000000000e+00 1.000000000000000000e+00
8.469693938787757892e-01 1.000000000000000000e+00 0.000000000000000000e+00 1.000000000000000000e+00 1.000000000000000000e+00
8.471694338867773455e-01 1.000000000000000000e+00 0.000000000000000000e+00 1.000000000000000000e+00 1.000000000000000000e+00
8.473694738947790128e-01 1.000000000000000000e+00 0.000000000000000000e+00 1.000000000000000000e+00 1.000000000000000000e+00
8.475695139027805691e-01 1.000000000000000000e+00 0.000000000000000000e+00 1.000000000000000000e+00 1.000000000000000000e+00
8.477695539107821254e-01 1.000000000000000000e+00 0.000000000000000000e+00 1.000000000000000000e+00 1.000000000000000000e+00
8.479695939187837928e-01 1.000000000000000000e+00 0.000000000000000000e+00 1.000000000000000000e+00 1.000000000000000000e+00
8.481696339267853491e-01 1.000000000000000000e+00 0.000000000000000000e+00 1.000000000000000000e+00 1.000000000000000000e+00
8.483696739347869054e-01 1.000000000000000000e+00 0.000000000000000000e+00 1.000000000000000000e+00 1.000000000000000000e+00
8.485697139427885727e-01 1.000000000000000000e+00 0.000000000000000000e+00 1.000000000000000000e+00 1.000000000000000000e+00
8.487697539507901290e-01 1.000000000000000000e+00 0.000000000000000000e+00 1.000000000000000000e+00 1.000000000000000000e+00
8.489697939587917963e-01 1.000000000000000000e+00 0.000000000000000000e+00 1.000000000000000000e+00 1.000000000000000000e+00
8.491698339667933526e-01 1.000000000000000000e+00 0.000000000000000000e+00 1.000000000000000000e+00 1.000000000000000000e+00
8.493698739747949089e-01 1.000000000000000000e+00 0.000000000000000000e+00 1.000000000000000000e+00 1.000000000000000000e+00
8.495699139827965762e-01 1.000000000000000000e+00 0.000000000000000000e+00 1.000000000000000000e+00 1.000000000000000000e+00
8.497699539907981325e-01 1.000000000000000000e+00 0.000000000000000000e+00 1.000000000000000000e+00 1.000000000000000000e+00
8.499699939987997999e-01 1.000000000000000000e+00 0.000000000000000000e+00 1.000000000000000000e+00 1.000000000000000000e+00
8.501700340068013562e-01 1.000000000000000000e+00 0.000000000000000000e+00 1.000000000000000000e+00 1.000000000000000000e+00
8.503700740148029125e-01 1.000000000000000000e+00 0.000000000000000000e+00 1.000000000000000000e+00 1.000000000000000000e+00
8.505701140228045798e-01 1.000000000000000000e+00 0.000000000000000000e+00 1.000000000000000000e+00 1.000000000000000000e+00
8.507701540308061361e-01 1.000000000000000000e+00 0.000000000000000000e+00 1.000000000000000000e+00 1.000000000000000000e+00
8.509701940388078034e-01 1.000000000000000000e+00 0.000000000000000000e+00 1.000000000000000000e+00 1.000000000000000000e+00
8.511702340468093597e-01 1.000000000000000000e+00 0.000000000000000000e+00 1.000000000000000000e+00 1.000000000000000000e+00
8.513702740548109160e-01 1.000000000000000000e+00 0.000000000000000000e+00 1.000000000000000000e+00 1.000000000000000000e+00
8.515703140628125833e-01 1.000000000000000000e+00 0.000000000000000000e+00 1.000000000000000000e+00 1.000000000000000000e+00
8.517703540708141396e-01 1.000000000000000000e+00 0.000000000000000000e+00 1.000000000000000000e+00 1.000000000000000000e+00
8.519703940788158070e-01 1.000000000000000000e+00 0.000000000000000000e+00 1.000000000000000000e+00 1.000000000000000000e+00
8.521704340868173633e-01 1.000000000000000000e+00 0.000000000000000000e+00 1.000000000000000000e+00 1.000000000000000000e+00
8.523704740948189196e-01 1.000000000000000000e+00 0.000000000000000000e+00 1.000000000000000000e+00 1.000000000000000000e+00
8.525705141028205869e-01 1.000000000000000000e+00 0.000000000000000000e+00 1.000000000000000000e+00 1.000000000000000000e+00
8.527705541108221432e-01 1.000000000000000000e+00 0.000000000000000000e+00 1.000000000000000000e+00 1.000000000000000000e+00
8.529705941188238105e-01 1.000000000000000000e+00 0.000000000000000000e+00 1.000000000000000000e+00 1.000000000000000000e+00
8.531706341268253668e-01 1.000000000000000000e+00 0.000000000000000000e+00 1.000000000000000000e+00 1.000000000000000000e+00
8.533706741348269231e-01 1.000000000000000000e+00 0.000000000000000000e+00 1.000000000000000000e+00 1.000000000000000000e+00
8.535707141428285905e-01 1.000000000000000000e+00 0.000000000000000000e+00 1.000000000000000000e+00 1.000000000000000000e+00
8.537707541508301468e-01 1.000000000000000000e+00 0.000000000000000000e+00 1.000000000000000000e+00 1.000000000000000000e+00
8.539707941588318141e-01 1.000000000000000000e+00 0.000000000000000000e+00 1.000000000000000000e+00 1.000000000000000000e+00
8.541708341668333704e-01 1.000000000000000000e+00 0.000000000000000000e+00 1.000000000000000000e+00 1.000000000000000000e+00
8.543708741748349267e-01 1.000000000000000000e+00 0.000000000000000000e+00 1.000000000000000000e+00 1.000000000000000000e+00
8.545709141828365940e-01 1.000000000000000000e+00 0.000000000000000000e+00 1.000000000000000000e+00 1.000000000000000000e+00
8.547709541908381503e-01 1.000000000000000000e+00 0.000000000000000000e+00 1.000000000000000000e+00 1.000000000000000000e+00
8.549709941988398176e-01 1.000000000000000000e+00 0.000000000000000000e+00 1.000000000000000000e+00 1.000000000000000000e+00
8.551710342068413739e-01 1.000000000000000000e+00 0.000000000000000000e+00 1.000000000000000000e+00 1.000000000000000000e+00
8.553710742148429302e-01 1.000000000000000000e+00 0.000000000000000000e+00 1.000000000000000000e+00 1.000000000000000000e+00
8.555711142228445976e-01 1.000000000000000000e+00 0.000000000000000000e+00 1.000000000000000000e+00 1.000000000000000000e+00
8.557711542308461539e-01 1.000000000000000000e+00 0.000000000000000000e+00 1.000000000000000000e+00 1.000000000000000000e+00
8.559711942388478212e-01 1.000000000000000000e+00 0.000000000000000000e+00 1.000000000000000000e+00 1.000000000000000000e+00
8.561712342468493775e-01 1.000000000000000000e+00 0.000000000000000000e+00 1.000000000000000000e+00 1.000000000000000000e+00
8.563712742548509338e-01 1.000000000000000000e+00 0.000000000000000000e+00 1.000000000000000000e+00 1.000000000000000000e+00
8.565713142628526011e-01 1.000000000000000000e+00 0.000000000000000000e+00 1.000000000000000000e+00 1.000000000000000000e+00
8.567713542708541574e-01 1.000000000000000000e+00 0.000000000000000000e+00 1.000000000000000000e+00 1.000000000000000000e+00
8.569713942788558247e-01 1.000000000000000000e+00 0.000000000000000000e+00 1.000000000000000000e+00 1.000000000000000000e+00
8.571714342868573810e-01 1.000000000000000000e+00 0.000000000000000000e+00 1.000000000000000000e+00 1.000000000000000000e+00
8.573714742948589373e-01 1.000000000000000000e+00 0.000000000000000000e+00 1.000000000000000000e+00 1.000000000000000000e+00
8.575715143028606047e-01 1.000000000000000000e+00 0.000000000000000000e+00 1.000000000000000000e+00 1.000000000000000000e+00
8.577715543108621610e-01 1.000000000000000000e+00 0.000000000000000000e+00 1.000000000000000000e+00 1.000000000000000000e+00
8.579715943188638283e-01 1.000000000000000000e+00 0.000000000000000000e+00 1.000000000000000000e+00 1.000000000000000000e+00
8.581716343268653846e-01 1.000000000000000000e+00 0.000000000000000000e+00 1.000000000000000000e+00 1.000000000000000000e+00
8.583716743348669409e-01 1.000000000000000000e+00 0.000000000000000000e+00 1.000000000000000000e+00 1.000000000000000000e+00
8.585717143428686082e-01 1.000000000000000000e+00 0.000000000000000000e+00 1.000000000000000000e+00 1.000000000000000000e+00
8.587717543508701645e-01 1.000000000000000000e+00 0.000000000000000000e+00 1.000000000000000000e+00 1.000000000000000000e+00
8.589717943588718319e-01 1.000000000000000000e+00 0.000000000000000000e+00 1.000000000000000000e+00 1.000000000000000000e+00
8.591718343668733882e-01 1.000000000000000000e+00 0.000000000000000000e+00 1.000000000000000000e+00 1.000000000000000000e+00
8.593718743748749445e-01 1.000000000000000000e+00 0.000000000000000000e+00 1.000000000000000000e+00 1.000000000000000000e+00
8.595719143828766118e-01 1.000000000000000000e+00 0.000000000000000000e+00 1.000000000000000000e+00 1.000000000000000000e+00
8.597719543908781681e-01 1.000000000000000000e+00 0.000000000000000000e+00 1.000000000000000000e+00 1.000000000000000000e+00
8.599719943988797244e-01 1.000000000000000000e+00 0.000000000000000000e+00 1.000000000000000000e+00 1.000000000000000000e+00
8.601720344068813917e-01 1.000000000000000000e+00 0.000000000000000000e+00 1.000000000000000000e+00 1.000000000000000000e+00
8.603720744148829480e-01 1.000000000000000000e+00 0.000000000000000000e+00 1.000000000000000000e+00 1.000000000000000000e+00
8.605721144228846153e-01 1.000000000000000000e+00 0.000000000000000000e+00 1.000000000000000000e+00 1.000000000000000000e+00
8.607721544308861716e-01 1.000000000000000000e+00 0.000000000000000000e+00 1.000000000000000000e+00 1.000000000000000000e+00
8.609721944388877279e-01 1.000000000000000000e+00 0.000000000000000000e+00 1.000000000000000000e+00 1.000000000000000000e+00
8.611722344468893953e-01 1.000000000000000000e+00 0.000000000000000000e+00 1.000000000000000000e+00 1.000000000000000000e+00
8.613722744548909516e-01 1.000000000000000000e+00 0.000000000000000000e+00 1.000000000000000000e+00 1.000000000000000000e+00
8.615723144628926189e-01 1.000000000000000000e+00 0.000000000000000000e+00 1.000000000000000000e+00 1.000000000000000000e+00
8.617723544708941752e-01 1.000000000000000000e+00 0.000000000000000000e+00 1.000000000000000000e+00 1.000000000000000000e+00
8.619723944788957315e-01 1.000000000000000000e+00 0.000000000000000000e+00 1.000000000000000000e+00 1.000000000000000000e+00
8.621724344868973988e-01 1.000000000000000000e+00 0.000000000000000000e+00 1.000000000000000000e+00 1.000000000000000000e+00
8.623724744948989551e-01 1.000000000000000000e+00 0.000000000000000000e+00 1.000000000000000000e+00 1.000000000000000000e+00
8.625725145029006224e-01 1.000000000000000000e+00 0.000000000000000000e+00 1.000000000000000000e+00 1.000000000000000000e+00
8.627725545109021787e-01 1.000000000000000000e+00 0.000000000000000000e+00 1.000000000000000000e+00 1.000000000000000000e+00
8.629725945189037351e-01 1.000000000000000000e+00 0.000000000000000000e+00 1.000000000000000000e+00 1.000000000000000000e+00
8.631726345269054024e-01 1.000000000000000000e+00 0.000000000000000000e+00 1.000000000000000000e+00 1.000000000000000000e+00
8.633726745349069587e-01 1.000000000000000000e+00 0.000000000000000000e+00 1.000000000000000000e+00 1.000000000000000000e+00
8.635727145429086260e-01 1.000000000000000000e+00 0.000000000000000000e+00 1.000000000000000000e+00 1.000000000000000000e+00
8.637727545509101823e-01 1.000000000000000000e+00 0.000000000000000000e+00 1.000000000000000000e+00 1.000000000000000000e+00
8.639727945589117386e-01 1.000000000000000000e+00 0.000000000000000000e+00 1.000000000000000000e+00 1.000000000000000000e+00
8.641728345669134059e-01 1.000000000000000000e+00 0.000000000000000000e+00 1.000000000000000000e+00 1.000000000000000000e+00
8.643728745749149622e-01 1.000000000000000000e+00 0.000000000000000000e+00 1.000000000000000000e+00 1.000000000000000000e+00
8.645729145829166296e-01 1.000000000000000000e+00 0.000000000000000000e+00 1.000000000000000000e+00 1.000000000000000000e+00
8.647729545909181859e-01 1.000000000000000000e+00 0.000000000000000000e+00 1.000000000000000000e+00 1.000000000000000000e+00
8.649729945989197422e-01 1.000000000000000000e+00 0.000000000000000000e+00 1.000000000000000000e+00 1.000000000000000000e+00
8.651730346069214095e-01 1.000000000000000000e+00 0.000000000000000000e+00 1.000000000000000000e+00 1.000000000000000000e+00
8.653730746149229658e-01 1.000000000000000000e+00 0.000000000000000000e+00 1.000000000000000000e+00 1.000000000000000000e+00
8.655731146229246331e-01 1.000000000000000000e+00 0.000000000000000000e+00 1.000000000000000000e+00 1.000000000000000000e+00
8.657731546309261894e-01 1.000000000000000000e+00 0.000000000000000000e+00 1.000000000000000000e+00 1.000000000000000000e+00
8.659731946389277457e-01 1.000000000000000000e+00 0.000000000000000000e+00 1.000000000000000000e+00 1.000000000000000000e+00
8.661732346469294130e-01 1.000000000000000000e+00 0.000000000000000000e+00 1.000000000000000000e+00 1.000000000000000000e+00
8.663732746549309693e-01 1.000000000000000000e+00 0.000000000000000000e+00 1.000000000000000000e+00 1.000000000000000000e+00
8.665733146629326367e-01 1.000000000000000000e+00 0.000000000000000000e+00 1.000000000000000000e+00 1.000000000000000000e+00
8.667733546709341930e-01 1.000000000000000000e+00 0.000000000000000000e+00 1.000000000000000000e+00 1.000000000000000000e+00
8.669733946789357493e-01 1.000000000000000000e+00 0.000000000000000000e+00 1.000000000000000000e+00 1.000000000000000000e+00
8.671734346869374166e-01 1.000000000000000000e+00 0.000000000000000000e+00 1.000000000000000000e+00 1.000000000000000000e+00
8.673734746949389729e-01 1.000000000000000000e+00 0.000000000000000000e+00 1.000000000000000000e+00 1.000000000000000000e+00
8.675735147029406402e-01 1.000000000000000000e+00 0.000000000000000000e+00 1.000000000000000000e+00 1.000000000000000000e+00
8.677735547109421965e-01 1.000000000000000000e+00 0.000000000000000000e+00 1.000000000000000000e+00 1.000000000000000000e+00
8.679735947189437528e-01 1.000000000000000000e+00 0.000000000000000000e+00 1.000000000000000000e+00 1.000000000000000000e+00
8.681736347269454201e-01 1.000000000000000000e+00 0.000000000000000000e+00 1.000000000000000000e+00 1.000000000000000000e+00
8.683736747349469765e-01 1.000000000000000000e+00 0.000000000000000000e+00 1.000000000000000000e+00 1.000000000000000000e+00
8.685737147429486438e-01 1.000000000000000000e+00 0.000000000000000000e+00 1.000000000000000000e+00 1.000000000000000000e+00
8.687737547509502001e-01 1.000000000000000000e+00 0.000000000000000000e+00 1.000000000000000000e+00 1.000000000000000000e+00
8.689737947589517564e-01 1.000000000000000000e+00 0.000000000000000000e+00 1.000000000000000000e+00 1.000000000000000000e+00
8.691738347669534237e-01 1.000000000000000000e+00 0.000000000000000000e+00 1.000000000000000000e+00 1.000000000000000000e+00
8.693738747749549800e-01 1.000000000000000000e+00 0.000000000000000000e+00 1.000000000000000000e+00 1.000000000000000000e+00
8.695739147829566473e-01 1.000000000000000000e+00 0.000000000000000000e+00 1.000000000000000000e+00 1.000000000000000000e+00
8.697739547909582036e-01 1.000000000000000000e+00 0.000000000000000000e+00 1.000000000000000000e+00 1.000000000000000000e+00
8.699739947989597599e-01 1.000000000000000000e+00 0.000000000000000000e+00 1.000000000000000000e+00 1.000000000000000000e+00
8.701740348069614273e-01 1.000000000000000000e+00 0.000000000000000000e+00 1.000000000000000000e+00 1.000000000000000000e+00
8.703740748149629836e-01 1.000000000000000000e+00 0.000000000000000000e+00 1.000000000000000000e+00 1.000000000000000000e+00
8.705741148229646509e-01 1.000000000000000000e+00 0.000000000000000000e+00 1.000000000000000000e+00 1.000000000000000000e+00
8.707741548309662072e-01 1.000000000000000000e+00 0.000000000000000000e+00 1.000000000000000000e+00 1.000000000000000000e+00
8.709741948389677635e-01 1.000000000000000000e+00 0.000000000000000000e+00 1.000000000000000000e+00 1.000000000000000000e+00
8.711742348469694308e-01 1.000000000000000000e+00 0.000000000000000000e+00 1.000000000000000000e+00 1.000000000000000000e+00
8.713742748549709871e-01 1.000000000000000000e+00 0.000000000000000000e+00 1.000000000000000000e+00 1.000000000000000000e+00
8.715743148629725434e-01 1.000000000000000000e+00 0.000000000000000000e+00 1.000000000000000000e+00 1.000000000000000000e+00
8.717743548709742107e-01 1.000000000000000000e+00 0.000000000000000000e+00 1.000000000000000000e+00 1.000000000000000000e+00
8.719743948789757670e-01 1.000000000000000000e+00 0.000000000000000000e+00 1.000000000000000000e+00 1.000000000000000000e+00
8.721744348869774344e-01 1.000000000000000000e+00 0.000000000000000000e+00 1.000000000000000000e+00 1.000000000000000000e+00
8.723744748949789907e-01 1.000000000000000000e+00 0.000000000000000000e+00 1.000000000000000000e+00 1.000000000000000000e+00
8.725745149029805470e-01 1.000000000000000000e+00 0.000000000000000000e+00 1.000000000000000000e+00 1.000000000000000000e+00
8.727745549109822143e-01 1.000000000000000000e+00 0.000000000000000000e+00 1.000000000000000000e+00 1.000000000000000000e+00
8.729745949189837706e-01 1.000000000000000000e+00 0.000000000000000000e+00 1.000000000000000000e+00 1.000000000000000000e+00
8.731746349269854379e-01 1.000000000000000000e+00 0.000000000000000000e+00 1.000000000000000000e+00 1.000000000000000000e+00
8.733746749349869942e-01 1.000000000000000000e+00 0.000000000000000000e+00 1.000000000000000000e+00 1.000000000000000000e+00
8.735747149429885505e-01 1.000000000000000000e+00 0.000000000000000000e+00 1.000000000000000000e+00 1.000000000000000000e+00
8.737747549509902178e-01 1.000000000000000000e+00 0.000000000000000000e+00 1.000000000000000000e+00 1.000000000000000000e+00
8.739747949589917742e-01 1.000000000000000000e+00 0.000000000000000000e+00 1.000000000000000000e+00 1.000000000000000000e+00
8.741748349669934415e-01 1.000000000000000000e+00 0.000000000000000000e+00 1.000000000000000000e+00 1.000000000000000000e+00
8.743748749749949978e-01 1.000000000000000000e+00 0.000000000000000000e+00 1.000000000000000000e+00 1.000000000000000000e+00
8.745749149829965541e-01 1.000000000000000000e+00 0.000000000000000000e+00 1.000000000000000000e+00 1.000000000000000000e+00
8.747749549909982214e-01 1.000000000000000000e+00 0.000000000000000000e+00 1.000000000000000000e+00 1.000000000000000000e+00
8.749749949989997777e-01 1.000000000000000000e+00 0.000000000000000000e+00 1.000000000000000000e+00 1.000000000000000000e+00
8.751750350070014450e-01 1.000000000000000000e+00 0.000000000000000000e+00 1.000000000000000000e+00 1.000000000000000000e+00
8.753750750150030013e-01 1.000000000000000000e+00 0.000000000000000000e+00 1.000000000000000000e+00 1.000000000000000000e+00
8.755751150230045576e-01 1.000000000000000000e+00 0.000000000000000000e+00 1.000000000000000000e+00 1.000000000000000000e+00
8.757751550310062250e-01 1.000000000000000000e+00 0.000000000000000000e+00 1.000000000000000000e+00 1.000000000000000000e+00
8.759751950390077813e-01 1.000000000000000000e+00 0.000000000000000000e+00 1.000000000000000000e+00 1.000000000000000000e+00
8.761752350470094486e-01 1.000000000000000000e+00 0.000000000000000000e+00 1.000000000000000000e+00 1.000000000000000000e+00
8.763752750550110049e-01 1.000000000000000000e+00 0.000000000000000000e+00 1.000000000000000000e+00 1.000000000000000000e+00
8.765753150630125612e-01 1.000000000000000000e+00 0.000000000000000000e+00 1.000000000000000000e+00 1.000000000000000000e+00
8.767753550710142285e-01 1.000000000000000000e+00 0.000000000000000000e+00 1.000000000000000000e+00 1.000000000000000000e+00
8.769753950790157848e-01 1.000000000000000000e+00 0.000000000000000000e+00 1.000000000000000000e+00 1.000000000000000000e+00
8.771754350870174521e-01 1.000000000000000000e+00 0.000000000000000000e+00 1.000000000000000000e+00 1.000000000000000000e+00
8.773754750950190084e-01 1.000000000000000000e+00 0.000000000000000000e+00 1.000000000000000000e+00 1.000000000000000000e+00
8.775755151030205647e-01 1.000000000000000000e+00 0.000000000000000000e+00 1.000000000000000000e+00 1.000000000000000000e+00
8.777755551110222321e-01 1.000000000000000000e+00 0.000000000000000000e+00 1.000000000000000000e+00 1.000000000000000000e+00
8.779755951190237884e-01 1.000000000000000000e+00 0.000000000000000000e+00 1.000000000000000000e+00 1.000000000000000000e+00
8.781756351270254557e-01 1.000000000000000000e+00 0.000000000000000000e+00 1.000000000000000000e+00 1.000000000000000000e+00
8.783756751350270120e-01 1.000000000000000000e+00 0.000000000000000000e+00 1.000000000000000000e+00 1.000000000000000000e+00
8.785757151430285683e-01 1.000000000000000000e+00 0.000000000000000000e+00 1.000000000000000000e+00 1.000000000000000000e+00
8.787757551510302356e-01 1.000000000000000000e+00 0.000000000000000000e+00 1.000000000000000000e+00 1.000000000000000000e+00
8.789757951590317919e-01 1.000000000000000000e+00 0.000000000000000000e+00 1.000000000000000000e+00 1.000000000000000000e+00
8.791758351670334592e-01 1.000000000000000000e+00 0.000000000000000000e+00 1.000000000000000000e+00 1.000000000000000000e+00
8.793758751750350156e-01 1.000000000000000000e+00 0.000000000000000000e+00 1.000000000000000000e+00 1.000000000000000000e+00
8.795759151830365719e-01 1.000000000000000000e+00 0.000000000000000000e+00 1.000000000000000000e+00 1.000000000000000000e+00
8.797759551910382392e-01 1.000000000000000000e+00 0.000000000000000000e+00 1.000000000000000000e+00 1.000000000000000000e+00
8.799759951990397955e-01 1.000000000000000000e+00 0.000000000000000000e+00 1.000000000000000000e+00 1.000000000000000000e+00
8.801760352070414628e-01 1.000000000000000000e+00 0.000000000000000000e+00 1.000000000000000000e+00 1.000000000000000000e+00
8.803760752150430191e-01 1.000000000000000000e+00 0.000000000000000000e+00 1.000000000000000000e+00 1.000000000000000000e+00
8.805761152230445754e-01 1.000000000000000000e+00 0.000000000000000000e+00 1.000000000000000000e+00 1.000000000000000000e+00
8.807761552310462427e-01 1.000000000000000000e+00 0.000000000000000000e+00 1.000000000000000000e+00 1.000000000000000000e+00
8.809761952390477990e-01 1.000000000000000000e+00 0.000000000000000000e+00 1.000000000000000000e+00 1.000000000000000000e+00
8.811762352470494664e-01 1.000000000000000000e+00 0.000000000000000000e+00 1.000000000000000000e+00 1.000000000000000000e+00
8.813762752550510227e-01 1.000000000000000000e+00 0.000000000000000000e+00 1.000000000000000000e+00 1.000000000000000000e+00
8.815763152630525790e-01 1.000000000000000000e+00 0.000000000000000000e+00 1.000000000000000000e+00 1.000000000000000000e+00
8.817763552710542463e-01 1.000000000000000000e+00 0.000000000000000000e+00 1.000000000000000000e+00 1.000000000000000000e+00
8.819763952790558026e-01 1.000000000000000000e+00 0.000000000000000000e+00 1.000000000000000000e+00 1.000000000000000000e+00
8.821764352870573589e-01 1.000000000000000000e+00 0.000000000000000000e+00 1.000000000000000000e+00 1.000000000000000000e+00
8.823764752950590262e-01 1.000000000000000000e+00 0.000000000000000000e+00 1.000000000000000000e+00 1.000000000000000000e+00
8.825765153030605825e-01 1.000000000000000000e+00 0.000000000000000000e+00 1.000000000000000000e+00 1.000000000000000000e+00
8.827765553110622498e-01 1.000000000000000000e+00 0.000000000000000000e+00 1.000000000000000000e+00 1.000000000000000000e+00
8.829765953190638061e-01 1.000000000000000000e+00 0.000000000000000000e+00 1.000000000000000000e+00 1.000000000000000000e+00
8.831766353270653624e-01 1.000000000000000000e+00 0.000000000000000000e+00 1.000000000000000000e+00 1.000000000000000000e+00
8.833766753350670298e-01 1.000000000000000000e+00 0.000000000000000000e+00 1.000000000000000000e+00 1.000000000000000000e+00
8.835767153430685861e-01 1.000000000000000000e+00 0.000000000000000000e+00 1.000000000000000000e+00 1.000000000000000000e+00
8.837767553510702534e-01 1.000000000000000000e+00 0.000000000000000000e+00 1.000000000000000000e+00 1.000000000000000000e+00
8.839767953590718097e-01 1.000000000000000000e+00 0.000000000000000000e+00 1.000000000000000000e+00 1.000000000000000000e+00
8.841768353670733660e-01 1.000000000000000000e+00 0.000000000000000000e+00 1.000000000000000000e+00 1.000000000000000000e+00
8.843768753750750333e-01 1.000000000000000000e+00 0.000000000000000000e+00 1.000000000000000000e+00 1.000000000000000000e+00
8.845769153830765896e-01 1.000000000000000000e+00 0.000000000000000000e+00 1.000000000000000000e+00 1.000000000000000000e+00
8.847769553910782570e-01 1.000000000000000000e+00 0.000000000000000000e+00 1.000000000000000000e+00 1.000000000000000000e+00
8.849769953990798133e-01 1.000000000000000000e+00 0.000000000000000000e+00 1.000000000000000000e+00 1.000000000000000000e+00
8.851770354070813696e-01 1.000000000000000000e+00 0.000000000000000000e+00 1.000000000000000000e+00 1.000000000000000000e+00
8.853770754150830369e-01 1.000000000000000000e+00 0.000000000000000000e+00 1.000000000000000000e+00 1.000000000000000000e+00
8.855771154230845932e-01 1.000000000000000000e+00 0.000000000000000000e+00 1.000000000000000000e+00 1.000000000000000000e+00
8.857771554310862605e-01 1.000000000000000000e+00 0.000000000000000000e+00 1.000000000000000000e+00 1.000000000000000000e+00
8.859771954390878168e-01 1.000000000000000000e+00 0.000000000000000000e+00 1.000000000000000000e+00 1.000000000000000000e+00
8.861772354470893731e-01 1.000000000000000000e+00 0.000000000000000000e+00 1.000000000000000000e+00 1.000000000000000000e+00
8.863772754550910404e-01 1.000000000000000000e+00 0.000000000000000000e+00 1.000000000000000000e+00 1.000000000000000000e+00
8.865773154630925967e-01 1.000000000000000000e+00 0.000000000000000000e+00 1.000000000000000000e+00 1.000000000000000000e+00
8.867773554710942641e-01 1.000000000000000000e+00 0.000000000000000000e+00 1.000000000000000000e+00 1.000000000000000000e+00
8.869773954790958204e-01 1.000000000000000000e+00 0.000000000000000000e+00 1.000000000000000000e+00 1.000000000000000000e+00
8.871774354870973767e-01 1.000000000000000000e+00 0.000000000000000000e+00 1.000000000000000000e+00 1.000000000000000000e+00
8.873774754950990440e-01 1.000000000000000000e+00 0.000000000000000000e+00 1.000000000000000000e+00 1.000000000000000000e+00
8.875775155031006003e-01 1.000000000000000000e+00 0.000000000000000000e+00 1.000000000000000000e+00 1.000000000000000000e+00
8.877775555111022676e-01 1.000000000000000000e+00 0.000000000000000000e+00 1.000000000000000000e+00 1.000000000000000000e+00
8.879775955191038239e-01 1.000000000000000000e+00 0.000000000000000000e+00 1.000000000000000000e+00 1.000000000000000000e+00
8.881776355271053802e-01 1.000000000000000000e+00 0.000000000000000000e+00 1.000000000000000000e+00 1.000000000000000000e+00
8.883776755351070475e-01 1.000000000000000000e+00 0.000000000000000000e+00 1.000000000000000000e+00 1.000000000000000000e+00
8.885777155431086038e-01 1.000000000000000000e+00 0.000000000000000000e+00 1.000000000000000000e+00 1.000000000000000000e+00
8.887777555511102712e-01 1.000000000000000000e+00 0.000000000000000000e+00 1.000000000000000000e+00 1.000000000000000000e+00
8.889777955591118275e-01 1.000000000000000000e+00 0.000000000000000000e+00 1.000000000000000000e+00 1.000000000000000000e+00
8.891778355671133838e-01 1.000000000000000000e+00 0.000000000000000000e+00 1.000000000000000000e+00 1.000000000000000000e+00
8.893778755751150511e-01 1.000000000000000000e+00 0.000000000000000000e+00 1.000000000000000000e+00 1.000000000000000000e+00
8.895779155831166074e-01 1.000000000000000000e+00 0.000000000000000000e+00 1.000000000000000000e+00 1.000000000000000000e+00
8.897779555911182747e-01 1.000000000000000000e+00 0.000000000000000000e+00 1.000000000000000000e+00 1.000000000000000000e+00
8.899779955991198310e-01 1.000000000000000000e+00 0.000000000000000000e+00 1.000000000000000000e+00 1.000000000000000000e+00
8.901780356071213873e-01 1.000000000000000000e+00 0.000000000000000000e+00 1.000000000000000000e+00 1.000000000000000000e+00
8.903780756151230547e-01 1.000000000000000000e+00 0.000000000000000000e+00 1.000000000000000000e+00 1.000000000000000000e+00
8.905781156231246110e-01 1.000000000000000000e+00 0.000000000000000000e+00 1.000000000000000000e+00 1.000000000000000000e+00
8.907781556311262783e-01 1.000000000000000000e+00 0.000000000000000000e+00 1.000000000000000000e+00 1.000000000000000000e+00
8.909781956391278346e-01 1.000000000000000000e+00 0.000000000000000000e+00 1.000000000000000000e+00 1.000000000000000000e+00
8.911782356471293909e-01 1.000000000000000000e+00 0.000000000000000000e+00 1.000000000000000000e+00 1.000000000000000000e+00
8.913782756551310582e-01 1.000000000000000000e+00 0.000000000000000000e+00 1.000000000000000000e+00 1.000000000000000000e+00
8.915783156631326145e-01 1.000000000000000000e+00 0.000000000000000000e+00 1.000000000000000000e+00 1.000000000000000000e+00
8.917783556711342818e-01 1.000000000000000000e+00 0.000000000000000000e+00 1.000000000000000000e+00 1.000000000000000000e+00
8.919783956791358381e-01 1.000000000000000000e+00 0.000000000000000000e+00 1.000000000000000000e+00 1.000000000000000000e+00
8.921784356871373944e-01 1.000000000000000000e+00 0.000000000000000000e+00 1.000000000000000000e+00 1.000000000000000000e+00
8.923784756951390618e-01 1.000000000000000000e+00 0.000000000000000000e+00 1.000000000000000000e+00 1.000000000000000000e+00
8.925785157031406181e-01 1.000000000000000000e+00 0.000000000000000000e+00 1.000000000000000000e+00 1.000000000000000000e+00
8.927785557111422854e-01 1.000000000000000000e+00 0.000000000000000000e+00 1.000000000000000000e+00 1.000000000000000000e+00
8.929785957191438417e-01 1.000000000000000000e+00 0.000000000000000000e+00 1.000000000000000000e+00 1.000000000000000000e+00
8.931786357271453980e-01 1.000000000000000000e+00 0.000000000000000000e+00 1.000000000000000000e+00 1.000000000000000000e+00
8.933786757351470653e-01 1.000000000000000000e+00 0.000000000000000000e+00 1.000000000000000000e+00 1.000000000000000000e+00
8.935787157431486216e-01 1.000000000000000000e+00 0.000000000000000000e+00 1.000000000000000000e+00 1.000000000000000000e+00
8.937787557511501779e-01 1.000000000000000000e+00 0.000000000000000000e+00 1.000000000000000000e+00 1.000000000000000000e+00
8.939787957591518452e-01 1.000000000000000000e+00 0.000000000000000000e+00 1.000000000000000000e+00 1.000000000000000000e+00
8.941788357671534015e-01 1.000000000000000000e+00 0.000000000000000000e+00 1.000000000000000000e+00 1.000000000000000000e+00
8.943788757751550689e-01 1.000000000000000000e+00 0.000000000000000000e+00 1.000000000000000000e+00 1.000000000000000000e+00
8.945789157831566252e-01 1.000000000000000000e+00 0.000000000000000000e+00 1.000000000000000000e+00 1.000000000000000000e+00
8.947789557911581815e-01 1.000000000000000000e+00 0.000000000000000000e+00 1.000000000000000000e+00 1.000000000000000000e+00
8.949789957991598488e-01 1.000000000000000000e+00 0.000000000000000000e+00 1.000000000000000000e+00 1.000000000000000000e+00
8.951790358071614051e-01 1.000000000000000000e+00 0.000000000000000000e+00 1.000000000000000000e+00 1.000000000000000000e+00
8.953790758151630724e-01 1.000000000000000000e+00 0.000000000000000000e+00 1.000000000000000000e+00 1.000000000000000000e+00
8.955791158231646287e-01 1.000000000000000000e+00 0.000000000000000000e+00 1.000000000000000000e+00 1.000000000000000000e+00
8.957791558311661850e-01 1.000000000000000000e+00 0.000000000000000000e+00 1.000000000000000000e+00 1.000000000000000000e+00
8.959791958391678524e-01 1.000000000000000000e+00 0.000000000000000000e+00 1.000000000000000000e+00 1.000000000000000000e+00
8.961792358471694087e-01 1.000000000000000000e+00 0.000000000000000000e+00 1.000000000000000000e+00 1.000000000000000000e+00
8.963792758551710760e-01 1.000000000000000000e+00 0.000000000000000000e+00 1.000000000000000000e+00 1.000000000000000000e+00
8.965793158631726323e-01 1.000000000000000000e+00 0.000000000000000000e+00 1.000000000000000000e+00 1.000000000000000000e+00
8.967793558711741886e-01 1.000000000000000000e+00 0.000000000000000000e+00 1.000000000000000000e+00 1.000000000000000000e+00
8.969793958791758559e-01 1.000000000000000000e+00 0.000000000000000000e+00 1.000000000000000000e+00 1.000000000000000000e+00
8.971794358871774122e-01 1.000000000000000000e+00 0.000000000000000000e+00 1.000000000000000000e+00 1.000000000000000000e+00
8.973794758951790795e-01 1.000000000000000000e+00 0.000000000000000000e+00 1.000000000000000000e+00 1.000000000000000000e+00
8.975795159031806358e-01 1.000000000000000000e+00 0.000000000000000000e+00 1.000000000000000000e+00 1.000000000000000000e+00
8.977795559111821921e-01 1.000000000000000000e+00 0.000000000000000000e+00 1.000000000000000000e+00 1.000000000000000000e+00
8.979795959191838595e-01 1.000000000000000000e+00 0.000000000000000000e+00 1.000000000000000000e+00 1.000000000000000000e+00
8.981796359271854158e-01 1.000000000000000000e+00 0.000000000000000000e+00 1.000000000000000000e+00 1.000000000000000000e+00
8.983796759351870831e-01 1.000000000000000000e+00 0.000000000000000000e+00 1.000000000000000000e+00 1.000000000000000000e+00
8.985797159431886394e-01 1.000000000000000000e+00 0.000000000000000000e+00 1.000000000000000000e+00 1.000000000000000000e+00
8.987797559511901957e-01 1.000000000000000000e+00 0.000000000000000000e+00 1.000000000000000000e+00 1.000000000000000000e+00
8.989797959591918630e-01 1.000000000000000000e+00 0.000000000000000000e+00 1.000000000000000000e+00 1.000000000000000000e+00
8.991798359671934193e-01 1.000000000000000000e+00 0.000000000000000000e+00 1.000000000000000000e+00 1.000000000000000000e+00
8.993798759751950866e-01 1.000000000000000000e+00 0.000000000000000000e+00 1.000000000000000000e+00 1.000000000000000000e+00
8.995799159831966429e-01 1.000000000000000000e+00 0.000000000000000000e+00 1.000000000000000000e+00 1.000000000000000000e+00
8.997799559911981992e-01 1.000000000000000000e+00 0.000000000000000000e+00 1.000000000000000000e+00 1.000000000000000000e+00
8.999799959991998666e-01 1.000000000000000000e+00 0.000000000000000000e+00 1.000000000000000000e+00 1.000000000000000000e+00
9.001800360072014229e-01 1.000000000000000000e+00 0.000000000000000000e+00 1.000000000000000000e+00 1.000000000000000000e+00
9.003800760152030902e-01 1.000000000000000000e+00 0.000000000000000000e+00 1.000000000000000000e+00 1.000000000000000000e+00
9.005801160232046465e-01 1.000000000000000000e+00 0.000000000000000000e+00 1.000000000000000000e+00 1.000000000000000000e+00
9.007801560312062028e-01 1.000000000000000000e+00 0.000000000000000000e+00 1.000000000000000000e+00 1.000000000000000000e+00
9.009801960392078701e-01 1.000000000000000000e+00 0.000000000000000000e+00 1.000000000000000000e+00 1.000000000000000000e+00
9.011802360472094264e-01 1.000000000000000000e+00 0.000000000000000000e+00 1.000000000000000000e+00 1.000000000000000000e+00
9.013802760552110938e-01 1.000000000000000000e+00 0.000000000000000000e+00 1.000000000000000000e+00 1.000000000000000000e+00
9.015803160632126501e-01 1.000000000000000000e+00 0.000000000000000000e+00 1.000000000000000000e+00 1.000000000000000000e+00
9.017803560712142064e-01 1.000000000000000000e+00 0.000000000000000000e+00 1.000000000000000000e+00 1.000000000000000000e+00
9.019803960792158737e-01 1.000000000000000000e+00 0.000000000000000000e+00 1.000000000000000000e+00 1.000000000000000000e+00
9.021804360872174300e-01 1.000000000000000000e+00 0.000000000000000000e+00 1.000000000000000000e+00 1.000000000000000000e+00
9.023804760952190973e-01 1.000000000000000000e+00 0.000000000000000000e+00 1.000000000000000000e+00 1.000000000000000000e+00
9.025805161032206536e-01 1.000000000000000000e+00 0.000000000000000000e+00 1.000000000000000000e+00 1.000000000000000000e+00
9.027805561112222099e-01 1.000000000000000000e+00 0.000000000000000000e+00 1.000000000000000000e+00 1.000000000000000000e+00
9.029805961192238772e-01 1.000000000000000000e+00 0.000000000000000000e+00 1.000000000000000000e+00 1.000000000000000000e+00
9.031806361272254335e-01 1.000000000000000000e+00 0.000000000000000000e+00 1.000000000000000000e+00 1.000000000000000000e+00
9.033806761352271009e-01 1.000000000000000000e+00 0.000000000000000000e+00 1.000000000000000000e+00 1.000000000000000000e+00
9.035807161432286572e-01 1.000000000000000000e+00 0.000000000000000000e+00 1.000000000000000000e+00 1.000000000000000000e+00
9.037807561512302135e-01 1.000000000000000000e+00 0.000000000000000000e+00 1.000000000000000000e+00 1.000000000000000000e+00
9.039807961592318808e-01 1.000000000000000000e+00 0.000000000000000000e+00 1.000000000000000000e+00 1.000000000000000000e+00
9.041808361672334371e-01 1.000000000000000000e+00 0.000000000000000000e+00 1.000000000000000000e+00 1.000000000000000000e+00
9.043808761752351044e-01 1.000000000000000000e+00 0.000000000000000000e+00 1.000000000000000000e+00 1.000000000000000000e+00
9.045809161832366607e-01 1.000000000000000000e+00 0.000000000000000000e+00 1.000000000000000000e+00 1.000000000000000000e+00
9.047809561912382170e-01 1.000000000000000000e+00 0.000000000000000000e+00 1.000000000000000000e+00 1.000000000000000000e+00
9.049809961992398843e-01 1.000000000000000000e+00 0.000000000000000000e+00 1.000000000000000000e+00 1.000000000000000000e+00
9.051810362072414406e-01 1.000000000000000000e+00 0.000000000000000000e+00 1.000000000000000000e+00 1.000000000000000000e+00
9.053810762152429970e-01 1.000000000000000000e+00 0.000000000000000000e+00 1.000000000000000000e+00 1.000000000000000000e+00
9.055811162232446643e-01 1.000000000000000000e+00 0.000000000000000000e+00 1.000000000000000000e+00 1.000000000000000000e+00
9.057811562312462206e-01 1.000000000000000000e+00 0.000000000000000000e+00 1.000000000000000000e+00 1.000000000000000000e+00
9.059811962392478879e-01 1.000000000000000000e+00 0.000000000000000000e+00 1.000000000000000000e+00 1.000000000000000000e+00
9.061812362472494442e-01 1.000000000000000000e+00 0.000000000000000000e+00 1.000000000000000000e+00 1.000000000000000000e+00
9.063812762552510005e-01 1.000000000000000000e+00 0.000000000000000000e+00 1.000000000000000000e+00 1.000000000000000000e+00
9.065813162632526678e-01 1.000000000000000000e+00 0.000000000000000000e+00 1.000000000000000000e+00 1.000000000000000000e+00
9.067813562712542241e-01 1.000000000000000000e+00 0.000000000000000000e+00 1.000000000000000000e+00 1.000000000000000000e+00
9.069813962792558915e-01 1.000000000000000000e+00 0.000000000000000000e+00 1.000000000000000000e+00 1.000000000000000000e+00
9.071814362872574478e-01 1.000000000000000000e+00 0.000000000000000000e+00 1.000000000000000000e+00 1.000000000000000000e+00
9.073814762952590041e-01 1.000000000000000000e+00 0.000000000000000000e+00 1.000000000000000000e+00 1.000000000000000000e+00
9.075815163032606714e-01 1.000000000000000000e+00 0.000000000000000000e+00 1.000000000000000000e+00 1.000000000000000000e+00
9.077815563112622277e-01 1.000000000000000000e+00 0.000000000000000000e+00 1.000000000000000000e+00 1.000000000000000000e+00
9.079815963192638950e-01 1.000000000000000000e+00 0.000000000000000000e+00 1.000000000000000000e+00 1.000000000000000000e+00
9.081816363272654513e-01 1.000000000000000000e+00 0.000000000000000000e+00 1.000000000000000000e+00 1.000000000000000000e+00
9.083816763352670076e-01 1.000000000000000000e+00 0.000000000000000000e+00 1.000000000000000000e+00 1.000000000000000000e+00
9.085817163432686749e-01 1.000000000000000000e+00 0.000000000000000000e+00 1.000000000000000000e+00 1.000000000000000000e+00
9.087817563512702312e-01 1.000000000000000000e+00 0.000000000000000000e+00 1.000000000000000000e+00 1.000000000000000000e+00
9.089817963592718986e-01 1.000000000000000000e+00 0.000000000000000000e+00 1.000000000000000000e+00 1.000000000000000000e+00
9.091818363672734549e-01 1.000000000000000000e+00 0.000000000000000000e+00 1.000000000000000000e+00 1.000000000000000000e+00
9.093818763752750112e-01 1.000000000000000000e+00 0.000000000000000000e+00 1.000000000000000000e+00 1.000000000000000000e+00
9.095819163832766785e-01 1.000000000000000000e+00 0.000000000000000000e+00 1.000000000000000000e+00 1.000000000000000000e+00
9.097819563912782348e-01 1.000000000000000000e+00 0.000000000000000000e+00 1.000000000000000000e+00 1.000000000000000000e+00
9.099819963992799021e-01 1.000000000000000000e+00 0.000000000000000000e+00 1.000000000000000000e+00 1.000000000000000000e+00
9.101820364072814584e-01 1.000000000000000000e+00 0.000000000000000000e+00 1.000000000000000000e+00 1.000000000000000000e+00
9.103820764152830147e-01 1.000000000000000000e+00 0.000000000000000000e+00 1.000000000000000000e+00 1.000000000000000000e+00
9.105821164232846820e-01 1.000000000000000000e+00 0.000000000000000000e+00 1.000000000000000000e+00 1.000000000000000000e+00
9.107821564312862384e-01 1.000000000000000000e+00 0.000000000000000000e+00 1.000000000000000000e+00 1.000000000000000000e+00
9.109821964392879057e-01 1.000000000000000000e+00 0.000000000000000000e+00 1.000000000000000000e+00 1.000000000000000000e+00
9.111822364472894620e-01 1.000000000000000000e+00 0.000000000000000000e+00 1.000000000000000000e+00 1.000000000000000000e+00
9.113822764552910183e-01 1.000000000000000000e+00 0.000000000000000000e+00 1.000000000000000000e+00 1.000000000000000000e+00
9.115823164632926856e-01 1.000000000000000000e+00 0.000000000000000000e+00 1.000000000000000000e+00 1.000000000000000000e+00
9.117823564712942419e-01 1.000000000000000000e+00 0.000000000000000000e+00 1.000000000000000000e+00 1.000000000000000000e+00
9.119823964792959092e-01 1.000000000000000000e+00 0.000000000000000000e+00 1.000000000000000000e+00 1.000000000000000000e+00
9.121824364872974655e-01 1.000000000000000000e+00 0.000000000000000000e+00 1.000000000000000000e+00 1.000000000000000000e+00
9.123824764952990218e-01 1.000000000000000000e+00 0.000000000000000000e+00 1.000000000000000000e+00 1.000000000000000000e+00
9.125825165033006892e-01 1.000000000000000000e+00 0.000000000000000000e+00 1.000000000000000000e+00 1.000000000000000000e+00
9.127825565113022455e-01 1.000000000000000000e+00 0.000000000000000000e+00 1.000000000000000000e+00 1.000000000000000000e+00
9.129825965193039128e-01 1.000000000000000000e+00 0.000000000000000000e+00 1.000000000000000000e+00 1.000000000000000000e+00
9.131826365273054691e-01 1.000000000000000000e+00 0.000000000000000000e+00 1.000000000000000000e+00 1.000000000000000000e+00
9.133826765353070254e-01 1.000000000000000000e+00 0.000000000000000000e+00 1.000000000000000000e+00 1.000000000000000000e+00
9.135827165433086927e-01 1.000000000000000000e+00 0.000000000000000000e+00 1.000000000000000000e+00 1.000000000000000000e+00
9.137827565513102490e-01 1.000000000000000000e+00 0.000000000000000000e+00 1.000000000000000000e+00 1.000000000000000000e+00
9.139827965593119163e-01 1.000000000000000000e+00 0.000000000000000000e+00 1.000000000000000000e+00 1.000000000000000000e+00
9.141828365673134726e-01 1.000000000000000000e+00 0.000000000000000000e+00 1.000000000000000000e+00 1.000000000000000000e+00
9.143828765753150289e-01 1.000000000000000000e+00 0.000000000000000000e+00 1.000000000000000000e+00 1.000000000000000000e+00
9.145829165833166963e-01 1.000000000000000000e+00 0.000000000000000000e+00 1.000000000000000000e+00 1.000000000000000000e+00
9.147829565913182526e-01 1.000000000000000000e+00 0.000000000000000000e+00 1.000000000000000000e+00 1.000000000000000000e+00
9.149829965993199199e-01 1.000000000000000000e+00 0.000000000000000000e+00 1.000000000000000000e+00 1.000000000000000000e+00
9.151830366073214762e-01 1.000000000000000000e+00 0.000000000000000000e+00 1.000000000000000000e+00 1.000000000000000000e+00
9.153830766153230325e-01 1.000000000000000000e+00 0.000000000000000000e+00 1.000000000000000000e+00 1.000000000000000000e+00
9.155831166233246998e-01 1.000000000000000000e+00 0.000000000000000000e+00 1.000000000000000000e+00 1.000000000000000000e+00
9.157831566313262561e-01 1.000000000000000000e+00 0.000000000000000000e+00 1.000000000000000000e+00 1.000000000000000000e+00
9.159831966393279234e-01 1.000000000000000000e+00 0.000000000000000000e+00 1.000000000000000000e+00 1.000000000000000000e+00
9.161832366473294798e-01 1.000000000000000000e+00 0.000000000000000000e+00 1.000000000000000000e+00 1.000000000000000000e+00
9.163832766553310361e-01 1.000000000000000000e+00 0.000000000000000000e+00 1.000000000000000000e+00 1.000000000000000000e+00
9.165833166633327034e-01 1.000000000000000000e+00 0.000000000000000000e+00 1.000000000000000000e+00 1.000000000000000000e+00
9.167833566713342597e-01 1.000000000000000000e+00 0.000000000000000000e+00 1.000000000000000000e+00 1.000000000000000000e+00
9.169833966793358160e-01 1.000000000000000000e+00 0.000000000000000000e+00 1.000000000000000000e+00 1.000000000000000000e+00
9.171834366873374833e-01 1.000000000000000000e+00 0.000000000000000000e+00 1.000000000000000000e+00 1.000000000000000000e+00
9.173834766953390396e-01 1.000000000000000000e+00 0.000000000000000000e+00 1.000000000000000000e+00 1.000000000000000000e+00
9.175835167033407069e-01 1.000000000000000000e+00 0.000000000000000000e+00 1.000000000000000000e+00 1.000000000000000000e+00
9.177835567113422632e-01 1.000000000000000000e+00 0.000000000000000000e+00 1.000000000000000000e+00 1.000000000000000000e+00
9.179835967193438195e-01 1.000000000000000000e+00 0.000000000000000000e+00 1.000000000000000000e+00 1.000000000000000000e+00
9.181836367273454869e-01 1.000000000000000000e+00 0.000000000000000000e+00 1.000000000000000000e+00 1.000000000000000000e+00
9.183836767353470432e-01 1.000000000000000000e+00 0.000000000000000000e+00 1.000000000000000000e+00 1.000000000000000000e+00
9.185837167433487105e-01 1.000000000000000000e+00 0.000000000000000000e+00 1.000000000000000000e+00 1.000000000000000000e+00
9.187837567513502668e-01 1.000000000000000000e+00 0.000000000000000000e+00 1.000000000000000000e+00 1.000000000000000000e+00
9.189837967593518231e-01 1.000000000000000000e+00 0.000000000000000000e+00 1.000000000000000000e+00 1.000000000000000000e+00
9.191838367673534904e-01 1.000000000000000000e+00 0.000000000000000000e+00 1.000000000000000000e+00 1.000000000000000000e+00
9.193838767753550467e-01 1.000000000000000000e+00 0.000000000000000000e+00 1.000000000000000000e+00 1.000000000000000000e+00
9.195839167833567140e-01 1.000000000000000000e+00 0.000000000000000000e+00 1.000000000000000000e+00 1.000000000000000000e+00
9.197839567913582703e-01 1.000000000000000000e+00 0.000000000000000000e+00 1.000000000000000000e+00 1.000000000000000000e+00
9.199839967993598266e-01 1.000000000000000000e+00 0.000000000000000000e+00 1.000000000000000000e+00 1.000000000000000000e+00
9.201840368073614940e-01 1.000000000000000000e+00 0.000000000000000000e+00 1.000000000000000000e+00 1.000000000000000000e+00
9.203840768153630503e-01 1.000000000000000000e+00 0.000000000000000000e+00 1.000000000000000000e+00 1.000000000000000000e+00
9.205841168233647176e-01 1.000000000000000000e+00 0.000000000000000000e+00 1.000000000000000000e+00 1.000000000000000000e+00
9.207841568313662739e-01 1.000000000000000000e+00 0.000000000000000000e+00 1.000000000000000000e+00 1.000000000000000000e+00
9.209841968393678302e-01 1.000000000000000000e+00 0.000000000000000000e+00 1.000000000000000000e+00 1.000000000000000000e+00
9.211842368473694975e-01 1.000000000000000000e+00 0.000000000000000000e+00 1.000000000000000000e+00 1.000000000000000000e+00
9.213842768553710538e-01 1.000000000000000000e+00 0.000000000000000000e+00 1.000000000000000000e+00 1.000000000000000000e+00
9.215843168633727212e-01 1.000000000000000000e+00 0.000000000000000000e+00 1.000000000000000000e+00 1.000000000000000000e+00
9.217843568713742775e-01 1.000000000000000000e+00 0.000000000000000000e+00 1.000000000000000000e+00 1.000000000000000000e+00
9.219843968793758338e-01 1.000000000000000000e+00 0.000000000000000000e+00 1.000000000000000000e+00 1.000000000000000000e+00
9.221844368873775011e-01 1.000000000000000000e+00 0.000000000000000000e+00 1.000000000000000000e+00 1.000000000000000000e+00
9.223844768953790574e-01 1.000000000000000000e+00 0.000000000000000000e+00 1.000000000000000000e+00 1.000000000000000000e+00
9.225845169033807247e-01 1.000000000000000000e+00 0.000000000000000000e+00 1.000000000000000000e+00 1.000000000000000000e+00
9.227845569113822810e-01 1.000000000000000000e+00 0.000000000000000000e+00 1.000000000000000000e+00 1.000000000000000000e+00
9.229845969193838373e-01 1.000000000000000000e+00 0.000000000000000000e+00 1.000000000000000000e+00 1.000000000000000000e+00
9.231846369273855046e-01 1.000000000000000000e+00 0.000000000000000000e+00 1.000000000000000000e+00 1.000000000000000000e+00
9.233846769353870609e-01 1.000000000000000000e+00 0.000000000000000000e+00 1.000000000000000000e+00 1.000000000000000000e+00
9.235847169433887283e-01 1.000000000000000000e+00 0.000000000000000000e+00 1.000000000000000000e+00 1.000000000000000000e+00
9.237847569513902846e-01 1.000000000000000000e+00 0.000000000000000000e+00 1.000000000000000000e+00 1.000000000000000000e+00
9.239847969593918409e-01 1.000000000000000000e+00 0.000000000000000000e+00 1.000000000000000000e+00 1.000000000000000000e+00
9.241848369673935082e-01 1.000000000000000000e+00 0.000000000000000000e+00 1.000000000000000000e+00 1.000000000000000000e+00
9.243848769753950645e-01 1.000000000000000000e+00 0.000000000000000000e+00 1.000000000000000000e+00 1.000000000000000000e+00
9.245849169833967318e-01 1.000000000000000000e+00 0.000000000000000000e+00 1.000000000000000000e+00 1.000000000000000000e+00
9.247849569913982881e-01 1.000000000000000000e+00 0.000000000000000000e+00 1.000000000000000000e+00 1.000000000000000000e+00
9.249849969993998444e-01 1.000000000000000000e+00 0.000000000000000000e+00 1.000000000000000000e+00 1.000000000000000000e+00
9.251850370074015117e-01 1.000000000000000000e+00 0.000000000000000000e+00 1.000000000000000000e+00 1.000000000000000000e+00
9.253850770154030680e-01 1.000000000000000000e+00 0.000000000000000000e+00 1.000000000000000000e+00 1.000000000000000000e+00
9.255851170234047354e-01 1.000000000000000000e+00 0.000000000000000000e+00 1.000000000000000000e+00 1.000000000000000000e+00
9.257851570314062917e-01 1.000000000000000000e+00 0.000000000000000000e+00 1.000000000000000000e+00 1.000000000000000000e+00
9.259851970394078480e-01 1.000000000000000000e+00 0.000000000000000000e+00 1.000000000000000000e+00 1.000000000000000000e+00
9.261852370474095153e-01 1.000000000000000000e+00 0.000000000000000000e+00 1.000000000000000000e+00 1.000000000000000000e+00
9.263852770554110716e-01 1.000000000000000000e+00 0.000000000000000000e+00 1.000000000000000000e+00 1.000000000000000000e+00
9.265853170634127389e-01 1.000000000000000000e+00 0.000000000000000000e+00 1.000000000000000000e+00 1.000000000000000000e+00
9.267853570714142952e-01 1.000000000000000000e+00 0.000000000000000000e+00 1.000000000000000000e+00 1.000000000000000000e+00
9.269853970794158515e-01 1.000000000000000000e+00 0.000000000000000000e+00 1.000000000000000000e+00 1.000000000000000000e+00
9.271854370874175189e-01 1.000000000000000000e+00 0.000000000000000000e+00 1.000000000000000000e+00 1.000000000000000000e+00
9.273854770954190752e-01 1.000000000000000000e+00 0.000000000000000000e+00 1.000000000000000000e+00 1.000000000000000000e+00
9.275855171034206315e-01 1.000000000000000000e+00 0.000000000000000000e+00 1.000000000000000000e+00 1.000000000000000000e+00
9.277855571114222988e-01 1.000000000000000000e+00 0.000000000000000000e+00 1.000000000000000000e+00 1.000000000000000000e+00
9.279855971194238551e-01 1.000000000000000000e+00 0.000000000000000000e+00 1.000000000000000000e+00 1.000000000000000000e+00
9.281856371274255224e-01 1.000000000000000000e+00 0.000000000000000000e+00 1.000000000000000000e+00 1.000000000000000000e+00
9.283856771354270787e-01 1.000000000000000000e+00 0.000000000000000000e+00 1.000000000000000000e+00 1.000000000000000000e+00
9.285857171434286350e-01 1.000000000000000000e+00 0.000000000000000000e+00 1.000000000000000000e+00 1.000000000000000000e+00
9.287857571514303023e-01 1.000000000000000000e+00 0.000000000000000000e+00 1.000000000000000000e+00 1.000000000000000000e+00
9.289857971594318586e-01 1.000000000000000000e+00 0.000000000000000000e+00 1.000000000000000000e+00 1.000000000000000000e+00
9.291858371674335260e-01 1.000000000000000000e+00 0.000000000000000000e+00 1.000000000000000000e+00 1.000000000000000000e+00
9.293858771754350823e-01 1.000000000000000000e+00 0.000000000000000000e+00 1.000000000000000000e+00 1.000000000000000000e+00
9.295859171834366386e-01 1.000000000000000000e+00 0.000000000000000000e+00 1.000000000000000000e+00 1.000000000000000000e+00
9.297859571914383059e-01 1.000000000000000000e+00 0.000000000000000000e+00 1.000000000000000000e+00 1.000000000000000000e+00
9.299859971994398622e-01 1.000000000000000000e+00 0.000000000000000000e+00 1.000000000000000000e+00 1.000000000000000000e+00
9.301860372074415295e-01 1.000000000000000000e+00 0.000000000000000000e+00 1.000000000000000000e+00 1.000000000000000000e+00
9.303860772154430858e-01 1.000000000000000000e+00 0.000000000000000000e+00 1.000000000000000000e+00 1.000000000000000000e+00
9.305861172234446421e-01 1.000000000000000000e+00 0.000000000000000000e+00 1.000000000000000000e+00 1.000000000000000000e+00
9.307861572314463094e-01 1.000000000000000000e+00 0.000000000000000000e+00 1.000000000000000000e+00 1.000000000000000000e+00
9.309861972394478657e-01 1.000000000000000000e+00 0.000000000000000000e+00 1.000000000000000000e+00 1.000000000000000000e+00
9.311862372474495331e-01 1.000000000000000000e+00 0.000000000000000000e+00 1.000000000000000000e+00 1.000000000000000000e+00
9.313862772554510894e-01 1.000000000000000000e+00 0.000000000000000000e+00 1.000000000000000000e+00 1.000000000000000000e+00
9.315863172634526457e-01 1.000000000000000000e+00 0.000000000000000000e+00 1.000000000000000000e+00 1.000000000000000000e+00
9.317863572714543130e-01 1.000000000000000000e+00 0.000000000000000000e+00 1.000000000000000000e+00 1.000000000000000000e+00
9.319863972794558693e-01 1.000000000000000000e+00 0.000000000000000000e+00 1.000000000000000000e+00 1.000000000000000000e+00
9.321864372874575366e-01 1.000000000000000000e+00 0.000000000000000000e+00 1.000000000000000000e+00 1.000000000000000000e+00
9.323864772954590929e-01 1.000000000000000000e+00 0.000000000000000000e+00 1.000000000000000000e+00 1.000000000000000000e+00
9.325865173034606492e-01 1.000000000000000000e+00 0.000000000000000000e+00 1.000000000000000000e+00 1.000000000000000000e+00
9.327865573114623166e-01 1.000000000000000000e+00 0.000000000000000000e+00 1.000000000000000000e+00 1.000000000000000000e+00
9.329865973194638729e-01 1.000000000000000000e+00 0.000000000000000000e+00 1.000000000000000000e+00 1.000000000000000000e+00
9.331866373274655402e-01 1.000000000000000000e+00 0.000000000000000000e+00 1.000000000000000000e+00 1.000000000000000000e+00
9.333866773354670965e-01 1.000000000000000000e+00 0.000000000000000000e+00 1.000000000000000000e+00 1.000000000000000000e+00
9.335867173434686528e-01 1.000000000000000000e+00 0.000000000000000000e+00 1.000000000000000000e+00 1.000000000000000000e+00
9.337867573514703201e-01 1.000000000000000000e+00 0.000000000000000000e+00 1.000000000000000000e+00 1.000000000000000000e+00
9.339867973594718764e-01 1.000000000000000000e+00 0.000000000000000000e+00 1.000000000000000000e+00 1.000000000000000000e+00
9.341868373674735437e-01 1.000000000000000000e+00 0.000000000000000000e+00 1.000000000000000000e+00 1.000000000000000000e+00
9.343868773754751000e-01 1.000000000000000000e+00 0.000000000000000000e+00 1.000000000000000000e+00 1.000000000000000000e+00
9.345869173834766563e-01 1.000000000000000000e+00 0.000000000000000000e+00 1.000000000000000000e+00 1.000000000000000000e+00
9.347869573914783237e-01 1.000000000000000000e+00 0.000000000000000000e+00 1.000000000000000000e+00 1.000000000000000000e+00
9.349869973994798800e-01 1.000000000000000000e+00 0.000000000000000000e+00 1.000000000000000000e+00 1.000000000000000000e+00
9.351870374074815473e-01 1.000000000000000000e+00 0.000000000000000000e+00 1.000000000000000000e+00 1.000000000000000000e+00
9.353870774154831036e-01 1.000000000000000000e+00 0.000000000000000000e+00 1.000000000000000000e+00 1.000000000000000000e+00
9.355871174234846599e-01 1.000000000000000000e+00 0.000000000000000000e+00 1.000000000000000000e+00 1.000000000000000000e+00
9.357871574314863272e-01 1.000000000000000000e+00 0.000000000000000000e+00 1.000000000000000000e+00 1.000000000000000000e+00
9.359871974394878835e-01 1.000000000000000000e+00 0.000000000000000000e+00 1.000000000000000000e+00 1.000000000000000000e+00
9.361872374474895508e-01 1.000000000000000000e+00 0.000000000000000000e+00 1.000000000000000000e+00 1.000000000000000000e+00
9.363872774554911071e-01 1.000000000000000000e+00 0.000000000000000000e+00 1.000000000000000000e+00 1.000000000000000000e+00
9.365873174634926634e-01 1.000000000000000000e+00 0.000000000000000000e+00 1.000000000000000000e+00 1.000000000000000000e+00
9.367873574714943308e-01 1.000000000000000000e+00 0.000000000000000000e+00 1.000000000000000000e+00 1.000000000000000000e+00
9.369873974794958871e-01 1.000000000000000000e+00 0.000000000000000000e+00 1.000000000000000000e+00 1.000000000000000000e+00
9.371874374874975544e-01 1.000000000000000000e+00 0.000000000000000000e+00 1.000000000000000000e+00 1.000000000000000000e+00
9.373874774954991107e-01 1.000000000000000000e+00 0.000000000000000000e+00 1.000000000000000000e+00 1.000000000000000000e+00
9.375875175035006670e-01 1.000000000000000000e+00 0.000000000000000000e+00 1.000000000000000000e+00 1.000000000000000000e+00
9.377875575115023343e-01 1.000000000000000000e+00 0.000000000000000000e+00 1.000000000000000000e+00 1.000000000000000000e+00
9.379875975195038906e-01 1.000000000000000000e+00 0.000000000000000000e+00 1.000000000000000000e+00 1.000000000000000000e+00
9.381876375275055580e-01 1.000000000000000000e+00 0.000000000000000000e+00 1.000000000000000000e+00 1.000000000000000000e+00
9.383876775355071143e-01 1.000000000000000000e+00 0.000000000000000000e+00 1.000000000000000000e+00 1.000000000000000000e+00
9.385877175435086706e-01 1.000000000000000000e+00 0.000000000000000000e+00 1.000000000000000000e+00 1.000000000000000000e+00
9.387877575515103379e-01 1.000000000000000000e+00 0.000000000000000000e+00 1.000000000000000000e+00 1.000000000000000000e+00
9.389877975595118942e-01 1.000000000000000000e+00 0.000000000000000000e+00 1.000000000000000000e+00 1.000000000000000000e+00
9.391878375675134505e-01 1.000000000000000000e+00 0.000000000000000000e+00 1.000000000000000000e+00 1.000000000000000000e+00
9.393878775755151178e-01 1.000000000000000000e+00 0.000000000000000000e+00 1.000000000000000000e+00 1.000000000000000000e+00
9.395879175835166741e-01 1.000000000000000000e+00 0.000000000000000000e+00 1.000000000000000000e+00 1.000000000000000000e+00
9.397879575915183414e-01 1.000000000000000000e+00 0.000000000000000000e+00 1.000000000000000000e+00 1.000000000000000000e+00
9.399879975995198977e-01 1.000000000000000000e+00 0.000000000000000000e+00 1.000000000000000000e+00 1.000000000000000000e+00
9.401880376075214540e-01 1.000000000000000000e+00 0.000000000000000000e+00 1.000000000000000000e+00 1.000000000000000000e+00
9.403880776155231214e-01 1.000000000000000000e+00 0.000000000000000000e+00 1.000000000000000000e+00 1.000000000000000000e+00
9.405881176235246777e-01 1.000000000000000000e+00 0.000000000000000000e+00 1.000000000000000000e+00 1.000000000000000000e+00
9.407881576315263450e-01 1.000000000000000000e+00 0.000000000000000000e+00 1.000000000000000000e+00 1.000000000000000000e+00
9.409881976395279013e-01 1.000000000000000000e+00 0.000000000000000000e+00 1.000000000000000000e+00 1.000000000000000000e+00
9.411882376475294576e-01 1.000000000000000000e+00 0.000000000000000000e+00 1.000000000000000000e+00 1.000000000000000000e+00
9.413882776555311249e-01 1.000000000000000000e+00 0.000000000000000000e+00 1.000000000000000000e+00 1.000000000000000000e+00
9.415883176635326812e-01 1.000000000000000000e+00 0.000000000000000000e+00 1.000000000000000000e+00 1.000000000000000000e+00
9.417883576715343485e-01 1.000000000000000000e+00 0.000000000000000000e+00 1.000000000000000000e+00 1.000000000000000000e+00
9.419883976795359048e-01 1.000000000000000000e+00 0.000000000000000000e+00 1.000000000000000000e+00 1.000000000000000000e+00
9.421884376875374612e-01 1.000000000000000000e+00 0.000000000000000000e+00 1.000000000000000000e+00 1.000000000000000000e+00
9.423884776955391285e-01 1.000000000000000000e+00 0.000000000000000000e+00 1.000000000000000000e+00 1.000000000000000000e+00
9.425885177035406848e-01 1.000000000000000000e+00 0.000000000000000000e+00 1.000000000000000000e+00 1.000000000000000000e+00
9.427885577115423521e-01 1.000000000000000000e+00 0.000000000000000000e+00 1.000000000000000000e+00 1.000000000000000000e+00
9.429885977195439084e-01 1.000000000000000000e+00 0.000000000000000000e+00 1.000000000000000000e+00 1.000000000000000000e+00
9.431886377275454647e-01 1.000000000000000000e+00 0.000000000000000000e+00 1.000000000000000000e+00 1.000000000000000000e+00
9.433886777355471320e-01 1.000000000000000000e+00 0.000000000000000000e+00 1.000000000000000000e+00 1.000000000000000000e+00
9.435887177435486883e-01 1.000000000000000000e+00 0.000000000000000000e+00 1.000000000000000000e+00 1.000000000000000000e+00
9.437887577515503557e-01 1.000000000000000000e+00 0.000000000000000000e+00 1.000000000000000000e+00 1.000000000000000000e+00
9.439887977595519120e-01 1.000000000000000000e+00 0.000000000000000000e+00 1.000000000000000000e+00 1.000000000000000000e+00
9.441888377675534683e-01 1.000000000000000000e+00 0.000000000000000000e+00 1.000000000000000000e+00 1.000000000000000000e+00
9.443888777755551356e-01 1.000000000000000000e+00 0.000000000000000000e+00 1.000000000000000000e+00 1.000000000000000000e+00
9.445889177835566919e-01 1.000000000000000000e+00 0.000000000000000000e+00 1.000000000000000000e+00 1.000000000000000000e+00
9.447889577915583592e-01 1.000000000000000000e+00 0.000000000000000000e+00 1.000000000000000000e+00 1.000000000000000000e+00
9.449889977995599155e-01 1.000000000000000000e+00 0.000000000000000000e+00 1.000000000000000000e+00 1.000000000000000000e+00
9.451890378075614718e-01 1.000000000000000000e+00 0.000000000000000000e+00 1.000000000000000000e+00 1.000000000000000000e+00
9.453890778155631391e-01 1.000000000000000000e+00 0.000000000000000000e+00 1.000000000000000000e+00 1.000000000000000000e+00
9.455891178235646954e-01 1.000000000000000000e+00 0.000000000000000000e+00 1.000000000000000000e+00 1.000000000000000000e+00
9.457891578315663628e-01 1.000000000000000000e+00 0.000000000000000000e+00 1.000000000000000000e+00 1.000000000000000000e+00
9.459891978395679191e-01 1.000000000000000000e+00 0.000000000000000000e+00 1.000000000000000000e+00 1.000000000000000000e+00
9.461892378475694754e-01 1.000000000000000000e+00 0.000000000000000000e+00 1.000000000000000000e+00 1.000000000000000000e+00
9.463892778555711427e-01 1.000000000000000000e+00 0.000000000000000000e+00 1.000000000000000000e+00 1.000000000000000000e+00
9.465893178635726990e-01 1.000000000000000000e+00 0.000000000000000000e+00 1.000000000000000000e+00 1.000000000000000000e+00
9.467893578715743663e-01 1.000000000000000000e+00 0.000000000000000000e+00 1.000000000000000000e+00 1.000000000000000000e+00
9.469893978795759226e-01 1.000000000000000000e+00 0.000000000000000000e+00 1.000000000000000000e+00 1.000000000000000000e+00
9.471894378875774789e-01 1.000000000000000000e+00 0.000000000000000000e+00 1.000000000000000000e+00 1.000000000000000000e+00
9.473894778955791462e-01 1.000000000000000000e+00 0.000000000000000000e+00 1.000000000000000000e+00 1.000000000000000000e+00
9.475895179035807026e-01 1.000000000000000000e+00 0.000000000000000000e+00 1.000000000000000000e+00 1.000000000000000000e+00
9.477895579115823699e-01 1.000000000000000000e+00 0.000000000000000000e+00 1.000000000000000000e+00 1.000000000000000000e+00
9.479895979195839262e-01 1.000000000000000000e+00 0.000000000000000000e+00 1.000000000000000000e+00 1.000000000000000000e+00
9.481896379275854825e-01 1.000000000000000000e+00 0.000000000000000000e+00 1.000000000000000000e+00 1.000000000000000000e+00
9.483896779355871498e-01 1.000000000000000000e+00 0.000000000000000000e+00 1.000000000000000000e+00 1.000000000000000000e+00
9.485897179435887061e-01 1.000000000000000000e+00 0.000000000000000000e+00 1.000000000000000000e+00 1.000000000000000000e+00
9.487897579515903734e-01 1.000000000000000000e+00 0.000000000000000000e+00 1.000000000000000000e+00 1.000000000000000000e+00
9.489897979595919297e-01 1.000000000000000000e+00 0.000000000000000000e+00 1.000000000000000000e+00 1.000000000000000000e+00
9.491898379675934860e-01 1.000000000000000000e+00 0.000000000000000000e+00 1.000000000000000000e+00 1.000000000000000000e+00
9.493898779755951534e-01 1.000000000000000000e+00 0.000000000000000000e+00 1.000000000000000000e+00 1.000000000000000000e+00
9.495899179835967097e-01 1.000000000000000000e+00 0.000000000000000000e+00 1.000000000000000000e+00 1.000000000000000000e+00
9.497899579915983770e-01 1.000000000000000000e+00 0.000000000000000000e+00 1.000000000000000000e+00 1.000000000000000000e+00
9.499899979995999333e-01 1.000000000000000000e+00 0.000000000000000000e+00 1.000000000000000000e+00 1.000000000000000000e+00
9.501900380076014896e-01 1.000000000000000000e+00 0.000000000000000000e+00 1.000000000000000000e+00 1.000000000000000000e+00
9.503900780156031569e-01 1.000000000000000000e+00 0.000000000000000000e+00 1.000000000000000000e+00 1.000000000000000000e+00
9.505901180236047132e-01 1.000000000000000000e+00 0.000000000000000000e+00 1.000000000000000000e+00 1.000000000000000000e+00
9.507901580316062695e-01 1.000000000000000000e+00 0.000000000000000000e+00 1.000000000000000000e+00 1.000000000000000000e+00
9.509901980396079368e-01 1.000000000000000000e+00 0.000000000000000000e+00 1.000000000000000000e+00 1.000000000000000000e+00
9.511902380476094931e-01 1.000000000000000000e+00 0.000000000000000000e+00 1.000000000000000000e+00 1.000000000000000000e+00
9.513902780556111605e-01 1.000000000000000000e+00 0.000000000000000000e+00 1.000000000000000000e+00 1.000000000000000000e+00
9.515903180636127168e-01 1.000000000000000000e+00 0.000000000000000000e+00 1.000000000000000000e+00 1.000000000000000000e+00
9.517903580716142731e-01 1.000000000000000000e+00 0.000000000000000000e+00 1.000000000000000000e+00 1.000000000000000000e+00
9.519903980796159404e-01 1.000000000000000000e+00 0.000000000000000000e+00 1.000000000000000000e+00 1.000000000000000000e+00
9.521904380876174967e-01 1.000000000000000000e+00 0.000000000000000000e+00 1.000000000000000000e+00 1.000000000000000000e+00
9.523904780956191640e-01 1.000000000000000000e+00 0.000000000000000000e+00 1.000000000000000000e+00 1.000000000000000000e+00
9.525905181036207203e-01 1.000000000000000000e+00 0.000000000000000000e+00 1.000000000000000000e+00 1.000000000000000000e+00
9.527905581116222766e-01 1.000000000000000000e+00 0.000000000000000000e+00 1.000000000000000000e+00 1.000000000000000000e+00
9.529905981196239440e-01 1.000000000000000000e+00 0.000000000000000000e+00 1.000000000000000000e+00 1.000000000000000000e+00
9.531906381276255003e-01 1.000000000000000000e+00 0.000000000000000000e+00 1.000000000000000000e+00 1.000000000000000000e+00
9.533906781356271676e-01 1.000000000000000000e+00 0.000000000000000000e+00 1.000000000000000000e+00 1.000000000000000000e+00
9.535907181436287239e-01 1.000000000000000000e+00 0.000000000000000000e+00 1.000000000000000000e+00 1.000000000000000000e+00
9.537907581516302802e-01 1.000000000000000000e+00 0.000000000000000000e+00 1.000000000000000000e+00 1.000000000000000000e+00
9.539907981596319475e-01 1.000000000000000000e+00 0.000000000000000000e+00 1.000000000000000000e+00 1.000000000000000000e+00
9.541908381676335038e-01 1.000000000000000000e+00 0.000000000000000000e+00 1.000000000000000000e+00 1.000000000000000000e+00
9.543908781756351711e-01 1.000000000000000000e+00 0.000000000000000000e+00 1.000000000000000000e+00 1.000000000000000000e+00
9.545909181836367274e-01 1.000000000000000000e+00 0.000000000000000000e+00 1.000000000000000000e+00 1.000000000000000000e+00
9.547909581916382837e-01 1.000000000000000000e+00 0.000000000000000000e+00 1.000000000000000000e+00 1.000000000000000000e+00
9.549909981996399511e-01 1.000000000000000000e+00 0.000000000000000000e+00 1.000000000000000000e+00 1.000000000000000000e+00
9.551910382076415074e-01 1.000000000000000000e+00 0.000000000000000000e+00 1.000000000000000000e+00 1.000000000000000000e+00
9.553910782156431747e-01 1.000000000000000000e+00 0.000000000000000000e+00 1.000000000000000000e+00 1.000000000000000000e+00
9.555911182236447310e-01 1.000000000000000000e+00 0.000000000000000000e+00 1.000000000000000000e+00 1.000000000000000000e+00
9.557911582316462873e-01 1.000000000000000000e+00 0.000000000000000000e+00 1.000000000000000000e+00 1.000000000000000000e+00
9.559911982396479546e-01 1.000000000000000000e+00 0.000000000000000000e+00 1.000000000000000000e+00 1.000000000000000000e+00
9.561912382476495109e-01 1.000000000000000000e+00 0.000000000000000000e+00 1.000000000000000000e+00 1.000000000000000000e+00
9.563912782556511782e-01 1.000000000000000000e+00 0.000000000000000000e+00 1.000000000000000000e+00 1.000000000000000000e+00
9.565913182636527345e-01 1.000000000000000000e+00 0.000000000000000000e+00 1.000000000000000000e+00 1.000000000000000000e+00
9.567913582716542908e-01 1.000000000000000000e+00 0.000000000000000000e+00 1.000000000000000000e+00 1.000000000000000000e+00
9.569913982796559582e-01 1.000000000000000000e+00 0.000000000000000000e+00 1.000000000000000000e+00 1.000000000000000000e+00
9.571914382876575145e-01 1.000000000000000000e+00 0.000000000000000000e+00 1.000000000000000000e+00 1.000000000000000000e+00
9.573914782956591818e-01 1.000000000000000000e+00 0.000000000000000000e+00 1.000000000000000000e+00 1.000000000000000000e+00
9.575915183036607381e-01 1.000000000000000000e+00 0.000000000000000000e+00 1.000000000000000000e+00 1.000000000000000000e+00
9.577915583116622944e-01 1.000000000000000000e+00 0.000000000000000000e+00 1.000000000000000000e+00 1.000000000000000000e+00
9.579915983196639617e-01 1.000000000000000000e+00 0.000000000000000000e+00 1.000000000000000000e+00 1.000000000000000000e+00
9.581916383276655180e-01 1.000000000000000000e+00 0.000000000000000000e+00 1.000000000000000000e+00 1.000000000000000000e+00
9.583916783356671854e-01 1.000000000000000000e+00 0.000000000000000000e+00 1.000000000000000000e+00 1.000000000000000000e+00
9.585917183436687417e-01 1.000000000000000000e+00 0.000000000000000000e+00 1.000000000000000000e+00 1.000000000000000000e+00
9.587917583516702980e-01 1.000000000000000000e+00 0.000000000000000000e+00 1.000000000000000000e+00 1.000000000000000000e+00
9.589917983596719653e-01 1.000000000000000000e+00 0.000000000000000000e+00 1.000000000000000000e+00 1.000000000000000000e+00
9.591918383676735216e-01 1.000000000000000000e+00 0.000000000000000000e+00 1.000000000000000000e+00 1.000000000000000000e+00
9.593918783756751889e-01 1.000000000000000000e+00 0.000000000000000000e+00 1.000000000000000000e+00 1.000000000000000000e+00
9.595919183836767452e-01 1.000000000000000000e+00 0.000000000000000000e+00 1.000000000000000000e+00 1.000000000000000000e+00
9.597919583916783015e-01 1.000000000000000000e+00 0.000000000000000000e+00 1.000000000000000000e+00 1.000000000000000000e+00
9.599919983996799688e-01 1.000000000000000000e+00 0.000000000000000000e+00 1.000000000000000000e+00 1.000000000000000000e+00
9.601920384076815251e-01 1.000000000000000000e+00 0.000000000000000000e+00 1.000000000000000000e+00 1.000000000000000000e+00
9.603920784156831925e-01 1.000000000000000000e+00 0.000000000000000000e+00 1.000000000000000000e+00 1.000000000000000000e+00
9.605921184236847488e-01 1.000000000000000000e+00 0.000000000000000000e+00 1.000000000000000000e+00 1.000000000000000000e+00
9.607921584316863051e-01 1.000000000000000000e+00 0.000000000000000000e+00 1.000000000000000000e+00 1.000000000000000000e+00
9.609921984396879724e-01 1.000000000000000000e+00 0.000000000000000000e+00 1.000000000000000000e+00 1.000000000000000000e+00
9.611922384476895287e-01 1.000000000000000000e+00 0.000000000000000000e+00 1.000000000000000000e+00 1.000000000000000000e+00
9.613922784556911960e-01 1.000000000000000000e+00 0.000000000000000000e+00 1.000000000000000000e+00 1.000000000000000000e+00
9.615923184636927523e-01 1.000000000000000000e+00 0.000000000000000000e+00 1.000000000000000000e+00 1.000000000000000000e+00
9.617923584716943086e-01 1.000000000000000000e+00 0.000000000000000000e+00 1.000000000000000000e+00 1.000000000000000000e+00
9.619923984796959759e-01 1.000000000000000000e+00 0.000000000000000000e+00 1.000000000000000000e+00 1.000000000000000000e+00
9.621924384876975322e-01 1.000000000000000000e+00 0.000000000000000000e+00 1.000000000000000000e+00 1.000000000000000000e+00
9.623924784956990885e-01 1.000000000000000000e+00 0.000000000000000000e+00 1.000000000000000000e+00 1.000000000000000000e+00
9.625925185037007559e-01 1.000000000000000000e+00 0.000000000000000000e+00 1.000000000000000000e+00 1.000000000000000000e+00
9.627925585117023122e-01 1.000000000000000000e+00 0.000000000000000000e+00 1.000000000000000000e+00 1.000000000000000000e+00
9.629925985197039795e-01 1.000000000000000000e+00 0.000000000000000000e+00 1.000000000000000000e+00 1.000000000000000000e+00
9.631926385277055358e-01 1.000000000000000000e+00 0.000000000000000000e+00 1.000000000000000000e+00 1.000000000000000000e+00
9.633926785357070921e-01 1.000000000000000000e+00 0.000000000000000000e+00 1.000000000000000000e+00 1.000000000000000000e+00
9.635927185437087594e-01 1.000000000000000000e+00 0.000000000000000000e+00 1.000000000000000000e+00 1.000000000000000000e+00
9.637927585517103157e-01 1.000000000000000000e+00 0.000000000000000000e+00 1.000000000000000000e+00 1.000000000000000000e+00
9.639927985597119831e-01 1.000000000000000000e+00 0.000000000000000000e+00 1.000000000000000000e+00 1.000000000000000000e+00
9.641928385677135394e-01 1.000000000000000000e+00 0.000000000000000000e+00 1.000000000000000000e+00 1.000000000000000000e+00
9.643928785757150957e-01 1.000000000000000000e+00 0.000000000000000000e+00 1.000000000000000000e+00 1.000000000000000000e+00
9.645929185837167630e-01 1.000000000000000000e+00 0.000000000000000000e+00 1.000000000000000000e+00 1.000000000000000000e+00
9.647929585917183193e-01 1.000000000000000000e+00 0.000000000000000000e+00 1.000000000000000000e+00 1.000000000000000000e+00
9.649929985997199866e-01 1.000000000000000000e+00 0.000000000000000000e+00 1.000000000000000000e+00 1.000000000000000000e+00
9.651930386077215429e-01 1.000000000000000000e+00 0.000000000000000000e+00 1.000000000000000000e+00 1.000000000000000000e+00
9.653930786157230992e-01 1.000000000000000000e+00 0.000000000000000000e+00 1.000000000000000000e+00 1.000000000000000000e+00
9.655931186237247665e-01 1.000000000000000000e+00 0.000000000000000000e+00 1.000000000000000000e+00 1.000000000000000000e+00
9.657931586317263228e-01 1.000000000000000000e+00 0.000000000000000000e+00 1.000000000000000000e+00 1.000000000000000000e+00
9.659931986397279902e-01 1.000000000000000000e+00 0.000000000000000000e+00 1.000000000000000000e+00 1.000000000000000000e+00
9.661932386477295465e-01 1.000000000000000000e+00 0.000000000000000000e+00 1.000000000000000000e+00 1.000000000000000000e+00
9.663932786557311028e-01 1.000000000000000000e+00 0.000000000000000000e+00 1.000000000000000000e+00 1.000000000000000000e+00
9.665933186637327701e-01 1.000000000000000000e+00 0.000000000000000000e+00 1.000000000000000000e+00 1.000000000000000000e+00
9.667933586717343264e-01 1.000000000000000000e+00 0.000000000000000000e+00 1.000000000000000000e+00 1.000000000000000000e+00
9.669933986797359937e-01 1.000000000000000000e+00 0.000000000000000000e+00 1.000000000000000000e+00 1.000000000000000000e+00
9.671934386877375500e-01 1.000000000000000000e+00 0.000000000000000000e+00 1.000000000000000000e+00 1.000000000000000000e+00
9.673934786957391063e-01 1.000000000000000000e+00 0.000000000000000000e+00 1.000000000000000000e+00 1.000000000000000000e+00
9.675935187037407736e-01 1.000000000000000000e+00 0.000000000000000000e+00 1.000000000000000000e+00 1.000000000000000000e+00
9.677935587117423299e-01 1.000000000000000000e+00 0.000000000000000000e+00 1.000000000000000000e+00 1.000000000000000000e+00
9.679935987197439973e-01 1.000000000000000000e+00 0.000000000000000000e+00 1.000000000000000000e+00 1.000000000000000000e+00
9.681936387277455536e-01 1.000000000000000000e+00 0.000000000000000000e+00 1.000000000000000000e+00 1.000000000000000000e+00
9.683936787357471099e-01 1.000000000000000000e+00 0.000000000000000000e+00 1.000000000000000000e+00 1.000000000000000000e+00
9.685937187437487772e-01 1.000000000000000000e+00 0.000000000000000000e+00 1.000000000000000000e+00 1.000000000000000000e+00
9.687937587517503335e-01 1.000000000000000000e+00 0.000000000000000000e+00 1.000000000000000000e+00 1.000000000000000000e+00
9.689937987597520008e-01 1.000000000000000000e+00 0.000000000000000000e+00 1.000000000000000000e+00 1.000000000000000000e+00
9.691938387677535571e-01 1.000000000000000000e+00 0.000000000000000000e+00 1.000000000000000000e+00 1.000000000000000000e+00
9.693938787757551134e-01 1.000000000000000000e+00 0.000000000000000000e+00 1.000000000000000000e+00 1.000000000000000000e+00
9.695939187837567808e-01 1.000000000000000000e+00 0.000000000000000000e+00 1.000000000000000000e+00 1.000000000000000000e+00
9.697939587917583371e-01 1.000000000000000000e+00 0.000000000000000000e+00 1.000000000000000000e+00 1.000000000000000000e+00
9.699939987997600044e-01 1.000000000000000000e+00 0.000000000000000000e+00 1.000000000000000000e+00 1.000000000000000000e+00
9.701940388077615607e-01 1.000000000000000000e+00 0.000000000000000000e+00 1.000000000000000000e+00 1.000000000000000000e+00
9.703940788157631170e-01 1.000000000000000000e+00 0.000000000000000000e+00 1.000000000000000000e+00 1.000000000000000000e+00
9.705941188237647843e-01 1.000000000000000000e+00 0.000000000000000000e+00 1.000000000000000000e+00 1.000000000000000000e+00
9.707941588317663406e-01 1.000000000000000000e+00 0.000000000000000000e+00 1.000000000000000000e+00 1.000000000000000000e+00
9.709941988397680079e-01 1.000000000000000000e+00 0.000000000000000000e+00 1.000000000000000000e+00 1.000000000000000000e+00
9.711942388477695642e-01 1.000000000000000000e+00 0.000000000000000000e+00 1.000000000000000000e+00 1.000000000000000000e+00
9.713942788557711205e-01 1.000000000000000000e+00 0.000000000000000000e+00 1.000000000000000000e+00 1.000000000000000000e+00
9.715943188637727879e-01 1.000000000000000000e+00 0.000000000000000000e+00 1.000000000000000000e+00 1.000000000000000000e+00
9.717943588717743442e-01 1.000000000000000000e+00 0.000000000000000000e+00 1.000000000000000000e+00 1.000000000000000000e+00
9.719943988797760115e-01 1.000000000000000000e+00 0.000000000000000000e+00 1.000000000000000000e+00 1.000000000000000000e+00
9.721944388877775678e-01 1.000000000000000000e+00 0.000000000000000000e+00 1.000000000000000000e+00 1.000000000000000000e+00
9.723944788957791241e-01 1.000000000000000000e+00 0.000000000000000000e+00 1.000000000000000000e+00 1.000000000000000000e+00
9.725945189037807914e-01 1.000000000000000000e+00 0.000000000000000000e+00 1.000000000000000000e+00 1.000000000000000000e+00
9.727945589117823477e-01 1.000000000000000000e+00 0.000000000000000000e+00 1.000000000000000000e+00 1.000000000000000000e+00
9.729945989197839040e-01 1.000000000000000000e+00 0.000000000000000000e+00 1.000000000000000000e+00 1.000000000000000000e+00
9.731946389277855713e-01 1.000000000000000000e+00 0.000000000000000000e+00 1.000000000000000000e+00 1.000000000000000000e+00
9.733946789357871276e-01 1.000000000000000000e+00 0.000000000000000000e+00 1.000000000000000000e+00 1.000000000000000000e+00
9.735947189437887950e-01 1.000000000000000000e+00 0.000000000000000000e+00 1.000000000000000000e+00 1.000000000000000000e+00
9.737947589517903513e-01 1.000000000000000000e+00 0.000000000000000000e+00 1.000000000000000000e+00 1.000000000000000000e+00
9.739947989597919076e-01 1.000000000000000000e+00 0.000000000000000000e+00 1.000000000000000000e+00 1.000000000000000000e+00
9.741948389677935749e-01 1.000000000000000000e+00 0.000000000000000000e+00 1.000000000000000000e+00 1.000000000000000000e+00
9.743948789757951312e-01 1.000000000000000000e+00 0.000000000000000000e+00 1.000000000000000000e+00 1.000000000000000000e+00
9.745949189837967985e-01 1.000000000000000000e+00 0.000000000000000000e+00 1.000000000000000000e+00 1.000000000000000000e+00
9.747949589917983548e-01 1.000000000000000000e+00 0.000000000000000000e+00 1.000000000000000000e+00 1.000000000000000000e+00
9.749949989997999111e-01 1.000000000000000000e+00 0.000000000000000000e+00 1.000000000000000000e+00 1.000000000000000000e+00
9.751950390078015785e-01 1.000000000000000000e+00 0.000000000000000000e+00 1.000000000000000000e+00 1.000000000000000000e+00
9.753950790158031348e-01 1.000000000000000000e+00 0.000000000000000000e+00 1.000000000000000000e+00 1.000000000000000000e+00
9.755951190238048021e-01 1.000000000000000000e+00 0.000000000000000000e+00 1.000000000000000000e+00 1.000000000000000000e+00
9.757951590318063584e-01 1.000000000000000000e+00 0.000000000000000000e+00 1.000000000000000000e+00 1.000000000000000000e+00
9.759951990398079147e-01 1.000000000000000000e+00 0.000000000000000000e+00 1.000000000000000000e+00 1.000000000000000000e+00
9.761952390478095820e-01 1.000000000000000000e+00 0.000000000000000000e+00 1.000000000000000000e+00 1.000000000000000000e+00
9.763952790558111383e-01 1.000000000000000000e+00 0.000000000000000000e+00 1.000000000000000000e+00 1.000000000000000000e+00
9.765953190638128056e-01 1.000000000000000000e+00 0.000000000000000000e+00 1.000000000000000000e+00 1.000000000000000000e+00
9.767953590718143619e-01 1.000000000000000000e+00 0.000000000000000000e+00 1.000000000000000000e+00 1.000000000000000000e+00
9.769953990798159182e-01 1.000000000000000000e+00 0.000000000000000000e+00 1.000000000000000000e+00 1.000000000000000000e+00
9.771954390878175856e-01 1.000000000000000000e+00 0.000000000000000000e+00 1.000000000000000000e+00 1.000000000000000000e+00
9.773954790958191419e-01 1.000000000000000000e+00 0.000000000000000000e+00 1.000000000000000000e+00 1.000000000000000000e+00
9.775955191038208092e-01 1.000000000000000000e+00 0.000000000000000000e+00 1.000000000000000000e+00 1.000000000000000000e+00
9.777955591118223655e-01 1.000000000000000000e+00 0.000000000000000000e+00 1.000000000000000000e+00 1.000000000000000000e+00
9.779955991198239218e-01 1.000000000000000000e+00 0.000000000000000000e+00 1.000000000000000000e+00 1.000000000000000000e+00
9.781956391278255891e-01 1.000000000000000000e+00 0.000000000000000000e+00 1.000000000000000000e+00 1.000000000000000000e+00
9.783956791358271454e-01 1.000000000000000000e+00 0.000000000000000000e+00 1.000000000000000000e+00 1.000000000000000000e+00
9.785957191438288127e-01 1.000000000000000000e+00 0.000000000000000000e+00 1.000000000000000000e+00 1.000000000000000000e+00
9.787957591518303690e-01 1.000000000000000000e+00 0.000000000000000000e+00 1.000000000000000000e+00 1.000000000000000000e+00
9.789957991598319254e-01 1.000000000000000000e+00 0.000000000000000000e+00 1.000000000000000000e+00 1.000000000000000000e+00
9.791958391678335927e-01 1.000000000000000000e+00 0.000000000000000000e+00 1.000000000000000000e+00 1.000000000000000000e+00
9.793958791758351490e-01 1.000000000000000000e+00 0.000000000000000000e+00 1.000000000000000000e+00 1.000000000000000000e+00
9.795959191838368163e-01 1.000000000000000000e+00 0.000000000000000000e+00 1.000000000000000000e+00 1.000000000000000000e+00
9.797959591918383726e-01 1.000000000000000000e+00 0.000000000000000000e+00 1.000000000000000000e+00 1.000000000000000000e+00
9.799959991998399289e-01 1.000000000000000000e+00 0.000000000000000000e+00 1.000000000000000000e+00 1.000000000000000000e+00
9.801960392078415962e-01 1.000000000000000000e+00 0.000000000000000000e+00 1.000000000000000000e+00 1.000000000000000000e+00
9.803960792158431525e-01 1.000000000000000000e+00 0.000000000000000000e+00 1.000000000000000000e+00 1.000000000000000000e+00
9.805961192238448199e-01 1.000000000000000000e+00 0.000000000000000000e+00 1.000000000000000000e+00 1.000000000000000000e+00
9.807961592318463762e-01 1.000000000000000000e+00 0.000000000000000000e+00 1.000000000000000000e+00 1.000000000000000000e+00
9.809961992398479325e-01 1.000000000000000000e+00 0.000000000000000000e+00 1.000000000000000000e+00 1.000000000000000000e+00
9.811962392478495998e-01 1.000000000000000000e+00 0.000000000000000000e+00 1.000000000000000000e+00 1.000000000000000000e+00
9.813962792558511561e-01 1.000000000000000000e+00 0.000000000000000000e+00 1.000000000000000000e+00 1.000000000000000000e+00
9.815963192638528234e-01 1.000000000000000000e+00 0.000000000000000000e+00 1.000000000000000000e+00 1.000000000000000000e+00
9.817963592718543797e-01 1.000000000000000000e+00 0.000000000000000000e+00 1.000000000000000000e+00 1.000000000000000000e+00
9.819963992798559360e-01 1.000000000000000000e+00 0.000000000000000000e+00 1.000000000000000000e+00 1.000000000000000000e+00
9.821964392878576033e-01 1.000000000000000000e+00 0.000000000000000000e+00 1.000000000000000000e+00 1.000000000000000000e+00
9.823964792958591596e-01 1.000000000000000000e+00 0.000000000000000000e+00 1.000000000000000000e+00 1.000000000000000000e+00
9.825965193038608270e-01 1.000000000000000000e+00 0.000000000000000000e+00 1.000000000000000000e+00 1.000000000000000000e+00
9.827965593118623833e-01 1.000000000000000000e+00 0.000000000000000000e+00 1.000000000000000000e+00 1.000000000000000000e+00
9.829965993198639396e-01 1.000000000000000000e+00 0.000000000000000000e+00 1.000000000000000000e+00 1.000000000000000000e+00
9.831966393278656069e-01 1.000000000000000000e+00 0.000000000000000000e+00 1.000000000000000000e+00 1.000000000000000000e+00
9.833966793358671632e-01 1.000000000000000000e+00 0.000000000000000000e+00 1.000000000000000000e+00 1.000000000000000000e+00
9.835967193438688305e-01 1.000000000000000000e+00 0.000000000000000000e+00 1.000000000000000000e+00 1.000000000000000000e+00
9.837967593518703868e-01 1.000000000000000000e+00 0.000000000000000000e+00 1.000000000000000000e+00 1.000000000000000000e+00
9.839967993598719431e-01 1.000000000000000000e+00 0.000000000000000000e+00 1.000000000000000000e+00 1.000000000000000000e+00
9.841968393678736104e-01 1.000000000000000000e+00 0.000000000000000000e+00 1.000000000000000000e+00 1.000000000000000000e+00
9.843968793758751668e-01 1.000000000000000000e+00 0.000000000000000000e+00 1.000000000000000000e+00 1.000000000000000000e+00
9.845969193838767231e-01 1.000000000000000000e+00 0.000000000000000000e+00 1.000000000000000000e+00 1.000000000000000000e+00
9.847969593918783904e-01 1.000000000000000000e+00 0.000000000000000000e+00 1.000000000000000000e+00 1.000000000000000000e+00
9.849969993998799467e-01 1.000000000000000000e+00 0.000000000000000000e+00 1.000000000000000000e+00 1.000000000000000000e+00
9.851970394078816140e-01 1.000000000000000000e+00 0.000000000000000000e+00 1.000000000000000000e+00 1.000000000000000000e+00
9.853970794158831703e-01 1.000000000000000000e+00 0.000000000000000000e+00 1.000000000000000000e+00 1.000000000000000000e+00
9.855971194238847266e-01 1.000000000000000000e+00 0.000000000000000000e+00 1.000000000000000000e+00 1.000000000000000000e+00
9.857971594318863939e-01 1.000000000000000000e+00 0.000000000000000000e+00 1.000000000000000000e+00 1.000000000000000000e+00
9.859971994398879502e-01 1.000000000000000000e+00 0.000000000000000000e+00 1.000000000000000000e+00 1.000000000000000000e+00
9.861972394478896176e-01 1.000000000000000000e+00 0.000000000000000000e+00 1.000000000000000000e+00 1.000000000000000000e+00
9.863972794558911739e-01 1.000000000000000000e+00 0.000000000000000000e+00 1.000000000000000000e+00 1.000000000000000000e+00
9.865973194638927302e-01 1.000000000000000000e+00 0.000000000000000000e+00 1.000000000000000000e+00 1.000000000000000000e+00
9.867973594718943975e-01 1.000000000000000000e+00 0.000000000000000000e+00 1.000000000000000000e+00 1.000000000000000000e+00
9.869973994798959538e-01 1.000000000000000000e+00 0.000000000000000000e+00 1.000000000000000000e+00 1.000000000000000000e+00
9.871974394878976211e-01 1.000000000000000000e+00 0.000000000000000000e+00 1.000000000000000000e+00 1.000000000000000000e+00
9.873974794958991774e-01 1.000000000000000000e+00 0.000000000000000000e+00 1.000000000000000000e+00 1.000000000000000000e+00
9.875975195039007337e-01 1.000000000000000000e+00 0.000000000000000000e+00 1.000000000000000000e+00 1.000000000000000000e+00
9.877975595119024010e-01 1.000000000000000000e+00 0.000000000000000000e+00 1.000000000000000000e+00 1.000000000000000000e+00
9.879975995199039573e-01 1.000000000000000000e+00 0.000000000000000000e+00 1.000000000000000000e+00 1.000000000000000000e+00
9.881976395279056247e-01 1.000000000000000000e+00 0.000000000000000000e+00 1.000000000000000000e+00 1.000000000000000000e+00
9.883976795359071810e-01 1.000000000000000000e+00 0.000000000000000000e+00 1.000000000000000000e+00 1.000000000000000000e+00
9.885977195439087373e-01 1.000000000000000000e+00 0.000000000000000000e+00 1.000000000000000000e+00 1.000000000000000000e+00
9.887977595519104046e-01 1.000000000000000000e+00 0.000000000000000000e+00 1.000000000000000000e+00 1.000000000000000000e+00
9.889977995599119609e-01 1.000000000000000000e+00 0.000000000000000000e+00 1.000000000000000000e+00 1.000000000000000000e+00
9.891978395679136282e-01 1.000000000000000000e+00 0.000000000000000000e+00 1.000000000000000000e+00 1.000000000000000000e+00
9.893978795759151845e-01 1.000000000000000000e+00 0.000000000000000000e+00 1.000000000000000000e+00 1.000000000000000000e+00
9.895979195839167408e-01 1.000000000000000000e+00 0.000000000000000000e+00 1.000000000000000000e+00 1.000000000000000000e+00
9.897979595919184082e-01 1.000000000000000000e+00 0.000000000000000000e+00 1.000000000000000000e+00 1.000000000000000000e+00
9.899979995999199645e-01 1.000000000000000000e+00 0.000000000000000000e+00 1.000000000000000000e+00 1.000000000000000000e+00
9.901980396079216318e-01 1.000000000000000000e+00 0.000000000000000000e+00 1.000000000000000000e+00 1.000000000000000000e+00
9.903980796159231881e-01 1.000000000000000000e+00 0.000000000000000000e+00 1.000000000000000000e+00 1.000000000000000000e+00
9.905981196239247444e-01 1.000000000000000000e+00 0.000000000000000000e+00 1.000000000000000000e+00 1.000000000000000000e+00
9.907981596319264117e-01 1.000000000000000000e+00 0.000000000000000000e+00 1.000000000000000000e+00 1.000000000000000000e+00
9.909981996399279680e-01 1.000000000000000000e+00 0.000000000000000000e+00 1.000000000000000000e+00 1.000000000000000000e+00
9.911982396479296353e-01 1.000000000000000000e+00 0.000000000000000000e+00 1.000000000000000000e+00 1.000000000000000000e+00
9.913982796559311916e-01 1.000000000000000000e+00 0.000000000000000000e+00 1.000000000000000000e+00 1.000000000000000000e+00
9.915983196639327479e-01 1.000000000000000000e+00 0.000000000000000000e+00 1.000000000000000000e+00 1.000000000000000000e+00
9.917983596719344153e-01 1.000000000000000000e+00 0.000000000000000000e+00 1.000000000000000000e+00 1.000000000000000000e+00
9.919983996799359716e-01 1.000000000000000000e+00 0.000000000000000000e+00 1.000000000000000000e+00 1.000000000000000000e+00
9.921984396879376389e-01 1.000000000000000000e+00 0.000000000000000000e+00 1.000000000000000000e+00 1.000000000000000000e+00
9.923984796959391952e-01 1.000000000000000000e+00 0.000000000000000000e+00 1.000000000000000000e+00 1.000000000000000000e+00
9.925985197039407515e-01 1.000000000000000000e+00 0.000000000000000000e+00 1.000000000000000000e+00 1.000000000000000000e+00
9.927985597119424188e-01 1.000000000000000000e+00 0.000000000000000000e+00 1.000000000000000000e+00 1.000000000000000000e+00
9.929985997199439751e-01 1.000000000000000000e+00 0.000000000000000000e+00 1.000000000000000000e+00 1.000000000000000000e+00
9.931986397279456424e-01 1.000000000000000000e+00 0.000000000000000000e+00 1.000000000000000000e+00 1.000000000000000000e+00
9.933986797359471987e-01 1.000000000000000000e+00 0.000000000000000000e+00 1.000000000000000000e+00 1.000000000000000000e+00
9.935987197439487550e-01 1.000000000000000000e+00 0.000000000000000000e+00 1.000000000000000000e+00 1.000000000000000000e+00
9.937987597519504224e-01 1.000000000000000000e+00 0.000000000000000000e+00 1.000000000000000000e+00 1.000000000000000000e+00
9.939987997599519787e-01 1.000000000000000000e+00 0.000000000000000000e+00 1.000000000000000000e+00 1.000000000000000000e+00
9.941988397679536460e-01 1.000000000000000000e+00 0.000000000000000000e+00 1.000000000000000000e+00 1.000000000000000000e+00
9.943988797759552023e-01 1.000000000000000000e+00 0.000000000000000000e+00 1.000000000000000000e+00 1.000000000000000000e+00
9.945989197839567586e-01 1.000000000000000000e+00 0.000000000000000000e+00 1.000000000000000000e+00 1.000000000000000000e+00
9.947989597919584259e-01 1.000000000000000000e+00 0.000000000000000000e+00 1.000000000000000000e+00 1.000000000000000000e+00
9.949989997999599822e-01 1.000000000000000000e+00 0.000000000000000000e+00 1.000000000000000000e+00 1.000000000000000000e+00
9.951990398079616496e-01 1.000000000000000000e+00 0.000000000000000000e+00 1.000000000000000000e+00 1.000000000000000000e+00
9.953990798159632059e-01 1.000000000000000000e+00 0.000000000000000000e+00 1.000000000000000000e+00 1.000000000000000000e+00
9.955991198239647622e-01 1.000000000000000000e+00 0.000000000000000000e+00 1.000000000000000000e+00 1.000000000000000000e+00
9.957991598319664295e-01 1.000000000000000000e+00 0.000000000000000000e+00 1.000000000000000000e+00 1.000000000000000000e+00
9.959991998399679858e-01 1.000000000000000000e+00 0.000000000000000000e+00 1.000000000000000000e+00 1.000000000000000000e+00
9.961992398479695421e-01 1.000000000000000000e+00 0.000000000000000000e+00 1.000000000000000000e+00 1.000000000000000000e+00
9.963992798559712094e-01 1.000000000000000000e+00 0.000000000000000000e+00 1.000000000000000000e+00 1.000000000000000000e+00
9.965993198639727657e-01 1.000000000000000000e+00 0.000000000000000000e+00 1.000000000000000000e+00 1.000000000000000000e+00
9.967993598719744330e-01 1.000000000000000000e+00 0.000000000000000000e+00 1.000000000000000000e+00 1.000000000000000000e+00
9.969993998799759893e-01 1.000000000000000000e+00 0.000000000000000000e+00 1.000000000000000000e+00 1.000000000000000000e+00
9.971994398879775456e-01 1.000000000000000000e+00 0.000000000000000000e+00 1.000000000000000000e+00 1.000000000000000000e+00
9.973994798959792130e-01 1.000000000000000000e+00 0.000000000000000000e+00 1.000000000000000000e+00 1.000000000000000000e+00
9.975995199039807693e-01 1.000000000000000000e+00 0.000000000000000000e+00 1.000000000000000000e+00 1.000000000000000000e+00
9.977995599119824366e-01 1.000000000000000000e+00 0.000000000000000000e+00 1.000000000000000000e+00 1.000000000000000000e+00
9.979995999199839929e-01 1.000000000000000000e+00 0.000000000000000000e+00 1.000000000000000000e+00 1.000000000000000000e+00
9.981996399279855492e-01 1.000000000000000000e+00 0.000000000000000000e+00 1.000000000000000000e+00 1.000000000000000000e+00
9.983996799359872165e-01 1.000000000000000000e+00 0.000000000000000000e+00 1.000000000000000000e+00 1.000000000000000000e+00
9.985997199439887728e-01 1.000000000000000000e+00 0.000000000000000000e+00 1.000000000000000000e+00 1.000000000000000000e+00
9.987997599519904401e-01 1.000000000000000000e+00 0.000000000000000000e+00 1.000000000000000000e+00 1.000000000000000000e+00
9.989997999599919964e-01 1.000000000000000000e+00 0.000000000000000000e+00 1.000000000000000000e+00 1.000000000000000000e+00
9.991998399679935527e-01 1.000000000000000000e+00 0.000000000000000000e+00 1.000000000000000000e+00 1.000000000000000000e+00
9.993998799759952201e-01 1.000000000000000000e+00 0.000000000000000000e+00 1.000000000000000000e+00 1.000000000000000000e+00
9.995999199839967764e-01 1.000000000000000000e+00 0.000000000000000000e+00 1.000000000000000000e+00 1.000000000000000000e+00
9.997999599919984437e-01 1.000000000000000000e+00 0.000000000000000000e+00 1.000000000000000000e+00 1.000000000000000000e+00
1.000000000000000000e+00 1.000000000000000000e+00 0.000000000000000000e+00 1.000000000000000000e+00 1.000000000000000000e+00
